profile_id,segment_id,start_sample,end_sample,start_s,end_s,duration_s,transient_frac,in_train,split,motor_speed_mean,motor_speed_std,torque_mean,torque_std,i_d_mean,i_d_std,i_q_mean,i_q_std,u_d_mean,u_d_std,u_q_mean,u_q_std,motor_speed_slope,torque_slope,is_steady,regime_hint
2,2_0,0,7420,0.0,3710.0,3710.0,0.0,False,test,99.99719965747103,0.029634333363956128,206.0272247197385,11.60034688511521,-122.52741573436997,6.980753471435377,241.58873807722154,13.459316698377677,-9.742552834394266,0.5850476525146394,8.717341539994726,0.24876358542425642,-7.792670103923859e-07,0.00034265672520361097,True,2
2,2_1,7420,19357,3710.0,9678.5,5968.5,0.0019267822736030828,False,test,100.00209173749138,0.02365554313433157,0.2812555458521817,1.8124648403937533,-2.01911448229994,0.8071657054811576,1.1499993830177766,2.2399587110348933,1.4904596786663626,0.12537565087153693,4.139843529489279,0.08053192095192938,-2.1959749760925046e-06,-2.0901093580491943e-05,True,4
3,3_2,0,9650,0.0,4825.0,4825.0,0.0015544041450777201,False,val,100.00095984424334,0.021945557115457547,102.88531984119604,8.129446602348816,-43.24438288437888,3.274803423053475,131.77794118683573,10.32744292177631,-5.358146618574356,0.5332508981303641,7.646023768390399,0.2709337822534526,-3.005978531859671e-07,0.0004069526303031511,True,4
3,3_3,9650,19248,4825.0,9624.0,4799.0,0.010627214002917275,False,val,99.99113659978931,0.01716771663751097,0.2220603562681892,1.3469452975874716,-2.012567354120496,0.4716215401787435,1.1417673228556575,1.7249951051462322,1.4599075817218632,0.10450850092389284,4.181389590555689,0.06149893310384809,6.473854275034809e-07,-2.3605064300065216e-05,True,4
4,4_4,0,3350,0.0,1675.0,1675.0,0.005671641791044776,True,train,5932.3678839474605,546.3141743441925,-0.6881015186567805,0.9308868415061368,-117.2393841880471,11.883183792107896,0.25553516657473935,0.7731454153557666,-8.540140815339427,1.8506802202096502,127.35570399602847,10.305047332330695,0.1193418942351547,0.00019210644648520777,True,3
4,4_5,3350,5510,1675.0,2755.0,1080.0,0.0,True,train,5999.933014368128,0.005319370608090038,43.20086904808327,1.1075894407445668,-156.4358981379756,1.6619541830376376,46.71449490918054,1.128311467018582,-103.44264476740801,2.5239313060483135,77.04929502275255,2.431524968955781,-6.869697980472894e-07,0.0004407877668003575,True,0
4,4_6,5510,6600,2755.0,3300.0,545.0,0.0,True,train,5998.714268563647,29.237467740531475,54.62376325064843,0.9697621953266845,-185.7840940562957,0.9304624417184567,57.16368600337877,0.46522762027047854,-124.50014773027613,0.8366962790968884,35.78831409314357,2.0849458945172596,-0.006700917913573186,0.0005988046093932378,True,0
4,4_7,6600,16640,3300.0,8320.0,5020.0,0.01942231075697211,True,train,2000.8501476394229,35.440026251983674,-0.22050686725545154,2.1998273459339384,-2.0622107696960645,2.0639609530714265,1.1912394432313889,2.4899341784992823,-0.9320220881902365,2.385798439025629,96.29785640762147,1.1860109157924488,-0.0005207093948296262,-9.804249865702416e-06,True,4
4,4_8,16640,21860,8320.0,10930.0,2610.0,0.0036398467432950193,True,train,1999.978119598038,0.006551048737212867,101.77224579295893,0.49601516918304905,-43.507778408152845,0.2513992696614602,132.6051815032959,0.5945721031830555,-85.05849909873758,0.4307042869184821,83.28928393367606,0.22802167940271853,-1.9392896801493407e-07,-6.537646257849899e-05,True,2
4,4_9,21860,23430,10930.0,11715.0,785.0,0.0,True,train,2008.9232788085938,129.40292220962377,175.82263070853654,6.7823580254146965,-128.59794398994202,3.772353283620559,203.65730718138872,7.560786124494145,-120.81975846017242,1.3665283734015605,51.79437814214427,2.0650863274700555,0.03403493695191666,-0.0018871394288157537,True,0
4,4_10,23430,26340,11715.0,13170.0,1455.0,0.0,True,train,4495.03320576776,102.04361844863767,48.84222943938475,1.4157485978011501,-122.1802066301562,4.595766582960886,55.09005223008775,2.2221263558829065,-89.29242494409436,3.6618407135536133,95.50165716610414,1.208065917823812,-0.009459738150401601,-0.00012576933325311114,True,0
4,4_11,26340,33424,13170.0,16712.0,3542.0,0.004234895539243365,True,train,500.3056130347314,10.647172567741787,-0.03742995184965102,0.15059124557486261,-2.0036880704624247,0.10823160472178975,1.0982307082411262,0.038109221942497364,0.23870214625048844,0.1419404267134771,24.546339370785695,0.40666266361317366,-0.0002636092796806525,-7.012519054208199e-06,True,4
5,5_12,0,6240,0.0,3120.0,3120.0,0.0022435897435897434,True,train,999.9913788722112,0.01261037496769424,102.9102509474031,4.719507727193179,-43.40644063485357,1.9399200836039654,132.29876926329274,5.986926331563771,-42.89669472267135,1.9339852458636357,43.51583642470531,0.31025646816054736,-7.35568199528291e-07,0.0001527929454005021,True,2
5,5_13,6240,14788,3120.0,7394.0,4274.0,0.0015208235844642022,True,train,999.9903214293548,0.006025599934724436,0.16460643171758557,0.7274097500358769,-2.007040966656033,0.2447285866424577,1.1220280465730508,0.9346294674307556,-0.32753646355270505,0.31938756369975185,49.84960528986444,0.24230583698284894,-1.5089640583014127e-08,1.0001053411378332e-05,True,4
6,6_14,0,22100,0.0,11050.0,11050.0,0.0028054298642533936,False,test,4995.601247156912,131.85079451754862,48.06796836507806,0.5255320936933122,-135.76390704931717,4.412566403870317,53.750032715862154,0.642470496082078,-97.12457411397637,2.9241870881570247,86.95697464228216,2.26511209559514,0.000997662807146426,-8.904834196299895e-06,True,0
6,6_15,22100,25950,11050.0,12975.0,1925.0,0.0,False,test,3.3863411810231656,74.91949704945304,5.44668543369739,1.3834964669361811,-2.030203883988517,0.6256492265216632,1.0645439640113286,1.5337723944247623,1.4416912873969836,0.49002958979021105,-0.9383810445627608,3.07098899368354,-0.005011629646747882,-8.399145640462205e-05,True,4
6,6_16,25950,31530,12975.0,15765.0,2790.0,0.0,False,test,2498.2242687922653,47.72770500385812,-130.5683877705673,14.362671488794964,-98.55655811097887,34.73285078156283,-151.4228078001289,10.308416736647889,114.00206805813697,3.754435180512464,64.1886135342087,17.308931978400032,0.0018762155267668186,-0.002893474552661147,True,3
6,6_17,31530,33020,15765.0,16510.0,745.0,0.010738255033557046,False,test,2517.296067041999,147.00270669320545,-1.704694985103287,7.683615420905768,-3.3237359441366774,11.116359093666084,0.20976266585315434,8.720584168552831,-0.05836343398230188,8.35253702869751,117.93437561700809,4.3153901780534545,0.06887411828800377,-0.0002633273461327751,True,3
6,6_18,33020,33580,16510.0,16790.0,280.0,0.0,False,test,3979.8929750714983,185.97626742196738,-115.40505211864199,7.400733178675531,-214.7802789381572,16.154467613892496,-119.01255353178297,6.068665869409904,130.55513345514024,7.563047649060604,6.546090205226625,6.0199031187707215,-0.21234278938637374,0.009820918925490753,True,3
6,6_19,33580,34210,16790.0,17105.0,315.0,0.0,False,test,119.4605613466293,154.65442333412423,0.05837107297801782,1.170037375939709,-2.101457501403869,0.9917784760495361,0.9760799348590866,1.2192825911798544,1.5639555316684501,1.043698681438483,4.829007178639609,7.140693385926218,0.07886631739906971,-0.0005717721462262874,True,4
6,6_20,34210,35050,17105.0,17525.0,420.0,0.0,False,test,4482.558252825056,146.34368083794945,82.38661705596107,9.708607779171974,-202.8256915978023,19.003740182638005,84.89608140431699,9.124923607268823,-128.04641404322214,13.64934207621573,20.95323148000808,12.727669943767479,-0.0014786776907704624,0.005295681113036296,True,0
6,6_21,35050,36380,17525.0,18190.0,665.0,0.0,False,test,273.08957649173595,216.21834776371122,0.13866271626397256,1.7470349647328005,-2.214125197274344,2.631728515442669,1.1971488257547966,1.4001625483664508,0.7006315990190085,1.9044020421534507,12.674960805419692,8.533799391502363,0.052084929035564415,-0.00046532407896517796,True,4
6,6_22,36380,37250,18190.0,18625.0,435.0,0.0,False,test,3491.889993601832,97.99844803080035,116.55304208075863,6.532621490478121,-235.66085906631645,8.253315463589358,118.22268677634754,6.801656905109963,-130.9559872682067,3.3978422965634234,-1.6568043260995684,5.142113124368546,-0.047720611453618667,0.000683547985146778,True,0
6,6_23,37250,40388,18625.0,20194.0,1569.0,0.006692160611854685,False,test,500.92292222557285,21.13896056588733,51.442130798135615,4.11941520700405,-15.659454365153461,3.503506087550993,71.00617712542386,4.341078519242196,-12.992718864657302,1.776322822878291,24.801301726419656,0.19654695625654428,-0.0017730246185268066,-2.0757908266947558e-05,True,4
7,7_24,0,12050,0.0,6025.0,6025.0,0.001161825726141079,True,train,499.50152656617996,14.656970103371297,103.18215805735701,4.046244886448906,-43.439052327361836,1.6465653307915282,132.39583792140374,5.102134298018702,-21.986687059788288,0.8943694389962428,23.638488604151856,0.7142034860102237,0.00024556506139890966,5.8974282905091174e-05,True,4
7,7_25,12050,14651,6025.0,7325.5,1300.5,0.0,True,train,499.99439811779877,0.01029646488535586,0.1468136644641475,1.30458205357063,-2.0216721527762527,0.4373989002981926,1.1778266016037269,1.670442532452517,0.34270202353029516,0.3158352288137448,24.61739645550591,0.1078780656610489,-5.715212413187171e-07,-0.00017539200430777074,True,4
8,8_26,0,9760,0.0,4880.0,4880.0,0.0028688524590163933,True,train,1496.2445625954574,72.21105076195776,102.75011245096255,4.980979370893372,-43.40575416667051,2.0235773294595125,132.28907973895184,6.317219006083037,-64.02695486650299,3.2034915464963083,63.07508731356165,3.083661996781827,0.0022944830620834425,0.00010651992796710794,True,2
8,8_27,9760,18757,4880.0,9378.5,4498.5,0.006446593308880738,True,train,1499.984849252051,0.003691060850386325,0.04512345190023159,1.1766684596046475,-2.011084591440059,0.40398489629402284,1.1369187705872177,1.5130442909355752,-0.3734270199691109,0.7793603849082067,73.46716890401862,0.1503335894425529,9.646838523474186e-08,-3.521842603843408e-05,True,4
9,9_28,0,11360,0.0,5680.0,5680.0,0.22984154929577466,False,val,2494.5851319157414,111.29727893440968,100.41471775410776,4.38650604839765,-75.5045615491418,3.3838247496883427,123.16666458653627,5.2802812034542015,-99.91054863070309,4.564769395365845,85.59237070653316,3.7855019920050563,0.002839456558703299,6.813980542464287e-05,True,0
9,9_29,11360,20336,5680.0,10168.0,4488.0,0.39215686274509803,False,val,2499.9718846067813,0.004018236735090314,-0.8245529320253701,0.736569763441685,-2.0108929391877326,0.39591223992628155,1.1210329811123603,0.9183719330977123,-0.820054420706635,0.7891396369988549,119.39763575229203,0.3665970082094954,-1.929673428290662e-07,-8.170815174938817e-06,False,4
10,10_30,0,300,0.0,150.0,150.0,0.0,True,train,1233.914049402419,638.4111266941921,123.53315780917804,42.66347592808114,-60.41394509673118,21.416100387865566,152.98582077622413,52.553794211569006,-64.50340686877568,33.22511028536388,47.62755363331332,22.913503066354252,7.257844290025014,0.2704959203969397,True,2
10,10_31,300,570,150.0,285.0,135.0,0.0,True,train,3120.3216254340277,504.4328508887013,124.92949173538773,13.917440901680177,-188.41176574141892,38.05620587471392,133.005795401114,18.269805665981114,-125.70489366319444,5.630853027094097,32.30724809081466,18.847778153026095,6.4599245995291605,-0.16333533815128984,True,0
10,10_32,570,1470,285.0,735.0,450.0,0.0,True,train,3999.9325648328995,0.42901568805263535,79.50448741488987,0.6656351343506631,-156.50179253472223,1.6924526527763806,85.85503008524577,0.5686519899285388,-114.98261572096082,0.6734758543473047,61.80863174014621,1.4543753315988377,0.00022961470806532442,-0.00025228814315389,True,0
10,10_33,1470,2240,735.0,1120.0,385.0,0.0,True,train,4637.780433872768,371.34972550346794,53.77161851858164,0.93417664503072,-135.46183163531416,13.468506236213575,59.57264689656047,1.7201216557559078,-97.61410316368202,5.4201816346368945,85.58648232794427,7.003860867856756,1.6695564554570574,-0.001658452467059457,True,0
10,10_34,2240,2790,1120.0,1395.0,275.0,0.0,True,train,5576.955403941762,284.64689596978883,53.75286873557351,1.6764581605914644,-167.98608401211825,7.625998274810732,57.35374114990234,2.056960063289401,-113.36028898759322,3.38551356977309,61.75272272976962,6.423583151172635,0.14675491907735244,0.002727947693405655,True,0
10,10_35,2790,3070,1395.0,1535.0,140.0,0.0,True,train,3091.7789707728793,915.6322981466972,75.68272132873535,8.86947246826051,-86.63958992276874,40.816489022603825,92.44106407165528,17.608154962537277,-92.71254399163382,13.05060264792955,83.93112253461565,8.954168621562877,-11.307836800420892,0.10937193990299156,True,2
10,10_36,3070,4780,1535.0,2390.0,855.0,0.0,True,train,1457.3343464455409,117.10051495820512,31.0396836052164,1.3936209435449871,-7.858660305313199,0.6754932222267238,44.00597028453448,1.7445338432021829,-23.762529907449643,2.1542667395066784,69.35098729942277,5.320629990661504,-0.1342292282585006,2.2720212123577312e-05,True,4
10,10_37,4780,5230,2390.0,2615.0,225.0,0.0,True,train,625.4030902777778,136.73108021794846,31.13561457739936,0.8823885753830755,-7.818634115854899,0.029291716661981836,43.83707357194689,1.2964566541122768,-10.18509918583764,2.193244758508225,31.051982714335125,6.372181474496372,-0.921326443302846,-0.0006418319550012358,True,4
10,10_38,5230,5570,2615.0,2785.0,170.0,0.0,True,train,1489.1929635440601,565.2679349213435,-127.29473163380342,8.219796922486392,-56.990651405558864,7.509481370139443,-157.7906779681935,10.276757936415617,71.43802251815796,27.495441676909234,49.57764558231129,19.002216781067748,5.750794532705988,-0.02063033591207599,True,4
10,10_39,5570,6010,2785.0,3005.0,220.0,0.0,True,train,3732.658428400213,731.5143580584842,-117.38343500657516,12.391981373283267,-183.7536323373968,39.85764634505429,-123.67787551879883,15.794501513133158,127.05066783211448,5.691817805921128,26.34776334062388,21.85762450756997,5.752648412075585,0.09076728168415414,True,3
10,10_40,6010,6590,3005.0,3295.0,290.0,0.0,True,train,4999.095553273168,15.300622395690509,-49.972973797239106,2.0123755737106013,-123.03643112182617,4.076859140907321,-54.42565617396914,1.8965655894595814,84.04600613035005,2.1974844119466916,100.67883208373497,4.189703820890714,-0.008156190009040337,0.0021612244509116407,True,3
10,10_41,6590,15256,3295.0,7628.0,4333.0,0.0034618047542118624,True,train,1066.9214964918801,64.29882703113493,-25.36851344866811,0.2284650945546265,-4.28989230708825,1.4535721117177645,-34.26812845824801,0.18105133424397285,13.736735440555082,1.0066941877304438,48.84266910205228,1.6009559503073219,-0.0013361592586767295,-2.0933618487709223e-05,True,4
11,11_42,0,400,0.0,200.0,200.0,0.0,True,train,1554.1606670081483,1268.2853883403573,52.03228817839175,55.14913347070242,-43.58958994746208,38.871039959012926,64.57781932607293,67.74960549429234,-38.016887859832494,45.59630744741288,57.388119400888684,45.977721643716094,1.3148468206673685,0.00735982793420335,True,5
11,11_43,400,7490,200.0,3745.0,3545.0,0.002397743300423131,True,train,2259.005166880793,1674.4594647639801,51.45449289278835,59.91741650473869,-67.89647346376869,60.50959825306561,61.85418626843559,74.52638149417879,-50.644072400686646,51.83005240987739,62.11929247172494,41.63765616953818,-0.023709294059447054,7.058116250202739e-05,True,5
11,11_44,7490,7887,3745.0,3943.5,198.5,0.0,True,train,118.56123492468728,523.6548076370706,-21.44163255487341,13.374398993429374,-5.663330748339444,7.680768595088202,-24.342795751332037,19.258680432386672,2.0933280594497967,11.269671328505854,3.1105741009641656,20.635375098220926,-1.7136620240574807,0.040856149018353514,True,4
12,12_45,0,12760,0.0,6380.0,6380.0,0.005015673981191223,False,test,1996.7675190489488,76.73123797844256,101.75420406096174,3.982728583727771,-43.43959822341753,1.6318848323337025,132.39700846376837,5.06517032884791,-84.98568357436868,3.4327276947512932,83.13013864867973,3.207342614231344,0.0015075835496978374,3.541808447911611e-05,True,2
12,12_46,12760,21942,6380.0,10971.0,4591.0,0.00326726203441516,False,test,1999.978911908149,0.00497261188667257,-0.10421234093512341,0.4852127673264042,-2.0047764308284868,0.16383796914862692,1.1132360349888637,0.6257108658811702,-0.5899333237751302,0.4683768786123338,97.0073348535377,0.32496639920672066,5.69995016152775e-08,5.31767019574112e-06,True,4
13,13_47,0,19220,0.0,9610.0,9610.0,0.0,True,train,249.78989021042784,6.982822706371196,103.63063090867543,3.1052075912816126,-43.4691812650036,1.2604913993671507,132.48722328055538,3.922800893120783,-11.599867757957945,0.36523963575827045,13.67203732810519,0.411984304052199,6.472723675030525e-05,2.2412887510268576e-05,True,4
13,13_48,19220,35906,9610.0,17953.0,8343.0,0.0009588876902792761,True,train,249.99748690322937,0.012155756135188734,0.11958845652217874,0.6924954569770085,-2.0049809235742333,0.23139291872351558,1.1139936323261912,0.8832141599561688,0.8222272719493122,0.10307680755827858,12.080528687076233,0.05342176222210235,1.462243488234944e-08,-7.895969814697997e-06,True,4
14,14_49,0,11200,0.0,5600.0,5600.0,0.005357142857142857,False,test,2995.146616769127,114.73003822101911,99.78594456171616,4.317102742587907,-123.96528115411954,5.278320678262095,112.94221485811153,4.6877449810419005,-111.22598752404696,4.80295299507097,69.7227374592796,2.963148614560972,0.002579943266363538,4.573894075838596e-05,True,0
14,14_50,11200,18598,5600.0,9299.0,3699.0,0.008786158421194918,False,test,2999.9681971689984,0.0024283355345306387,-0.5720949647935557,0.13944513531800243,-17.0752464566691,0.7723640832183523,1.3465345601804775,0.15954182577051818,-2.111753879108439,0.1834568512693632,131.9982141451953,0.07292218788582638,-5.093303653744695e-07,-1.3967205071234877e-06,True,3
15,15_51,0,10110,0.0,5055.0,5055.0,0.006033630069238378,True,train,3990.9168144215137,181.12868058898033,94.08606150322451,4.232162626529433,-203.9211114506811,9.702995971733976,97.25181180735724,4.231022756264517,-129.59289857844806,5.970712052641272,17.03173020846707,3.811985255318698,0.005352244003604615,-0.00017800030769237157,True,0
15,15_52,10110,18124,5055.0,9062.0,4007.0,0.008235587721487397,True,train,3999.956312841687,0.004706040346431457,-0.49626807616765595,1.981413864404861,-66.77727939947484,3.224587029127362,1.1647526584481966,2.047571245483883,-4.00702647732058,2.761771841932051,131.72729635202947,2.2105504711971373,-2.7009690889536073e-09,-5.742626342545359e-05,True,3
16,16_53,0,13860,0.0,6930.0,6930.0,0.007936507936507936,True,train,745.6493775899775,56.3588954261706,138.3320156648825,11.435883303135606,-65.52851007283164,5.3109608206829435,171.792741663296,14.213364503996859,-40.4430596588885,3.4308528140904353,30.94193440842379,2.3864492425218407,0.00186895066410952,0.00036934303281565075,True,2
16,16_54,13860,20645,6930.0,10322.5,3392.5,0.006190125276344879,True,train,749.9917737652997,0.013827922511235982,0.3140122718312939,2.393053632410258,-2.0306680544035878,0.9653886294079732,1.1939522400092095,3.014067356375868,-0.14606663174068274,0.7479300664344953,37.08393357852494,0.1611574850456811,2.8009790543560877e-07,-8.100147563210063e-05,True,4
17,17_55,0,8550,0.0,4275.0,4275.0,0.004210526315789474,True,train,4981.086041052603,295.35142784144523,48.363015979237375,2.782788814566014,-138.2442879528255,8.42361388813163,53.17454083081029,2.932034864431101,-95.54701275169064,5.806492887468464,87.3645114660751,5.0996762057875715,0.013187264207495381,0.00013899202288603516,True,0
17,17_56,8550,15964,4275.0,7982.0,3707.0,0.0,True,train,4999.946897076055,0.0031918801908475294,-0.5010626061777035,0.25259190060690073,-97.11894392677803,0.8229627438710198,0.8258014249936699,0.27771324128604385,-6.351780548422427,0.4433788816645641,130.8179889027565,0.41777281300561203,-4.4352228253323854e-07,-1.087208695084698e-05,True,3
18,18_57,0,24380,0.0,12190.0,12190.0,0.00623461853978671,False,val,99.88197239721032,3.331624307284846,154.96527575539017,5.306971281345896,-79.82915472824978,2.823326195022146,188.15711293064732,6.6015136828256695,-7.597885883388349,0.2837814415314261,8.144558564342796,0.27580007612244056,2.86536249758067e-05,2.8553155634250532e-05,True,4
18,18_58,24380,37732,12190.0,18866.0,6676.0,0.00689035350509287,False,val,100.00127669449265,0.018366275747669893,0.46698668585290015,0.4937472826305609,-2.0046241210473377,0.19055290751542722,1.11034111600925,0.6195124769280401,1.464176996372369,0.04989421786999656,4.1622988586835765,0.05142412760645403,9.04086613329491e-08,-7.732817706254392e-06,True,4
19,19_59,0,8440,0.0,4220.0,4220.0,0.0021327014218009478,False,val,5974.400532689,376.7949855739207,48.83637494227332,2.9695750644847774,-167.53342859071296,10.739425279541452,51.994163506644036,3.0299346368222744,-114.44863081372992,7.7285574622590465,59.04454393787265,4.95645509381092,0.018077697849202115,0.0002648407980175023,True,0
19,19_60,8440,10410,4220.0,5205.0,985.0,0.0,False,val,5999.935652462722,0.00459394474304583,-0.2926429220796728,0.4207208399823076,-113.37934122230801,1.8142612815306418,0.3946538530101026,0.4327436714144458,-9.169002409029734,0.920185184319212,128.58083564642118,0.5048795235668136,1.4387533026386327e-08,-0.00019821388834117022,True,3
20,20_61,0,2130,0.0,1065.0,1065.0,0.007981220657276996,False,test,3434.44175027129,464.03060786451744,65.7055909285523,8.60994386077111,-102.98191812525333,13.97737803278716,75.86964771641252,9.792121499704862,-90.75513964356864,12.377912747534719,91.57894211039297,12.263638393738672,0.18312638196983258,0.003240253041540985,True,0
20,20_62,2130,3590,1065.0,1795.0,730.0,0.0,False,test,5493.157804139019,70.38215884886908,64.09732280626689,0.9394993038762861,-194.38608853065804,2.2303667236257,66.45504626966502,0.833218846548569,-127.07701036636143,1.5955508025477025,30.762096491251906,5.284295056729666,-0.003509414490095564,0.0006050594130641617,True,0
20,20_63,3590,4570,1795.0,2285.0,490.0,0.0,False,test,4500.145261180644,2.3966746591327186,81.8310256568753,0.35436691570569084,-201.79896304072167,1.0210258713446798,84.49008486222247,0.34474256257055896,-129.88354019632146,0.376887383434357,17.356310910594708,0.8637497477051035,-0.0011507374671970254,-0.0003335208445441114,True,0
20,20_64,4570,7340,2285.0,3670.0,1385.0,0.004693140794223827,False,test,4494.392440013679,113.52553559943333,20.153239155848535,1.2524096452627396,-89.6199012460261,4.101760244533728,24.648643541163917,1.068556856591558,-43.381731538393865,2.034186362109222,123.98306034928194,2.6366291894746348,-0.012023775311565872,1.2868250527944025e-05,True,3
20,20_65,7340,8950,3670.0,4475.0,805.0,0.012422360248447204,False,test,378.2890638078962,34.48963781091821,21.353164813829505,7.535583992796023,-5.109981604984829,4.511018168419877,30.57731458059749,8.941300207247608,-4.49776931371748,2.465010172109259,19.34420498202306,1.164603839399399,0.0026228429982364846,0.0018719871965497167,True,4
20,20_66,8950,10000,4475.0,5000.0,525.0,0.0,False,test,856.6903268577939,91.23684180538672,230.86512448992048,7.056857913798649,-143.99647371564592,3.1783478811189094,270.73710227603004,7.660850239511384,-64.2070319693429,2.419020048086473,24.734978624979654,2.9534585281032015,0.03869935966471249,-0.004323997949326764,True,2
20,20_67,10000,14950,5000.0,7475.0,2475.0,0.0028282828282828283,False,test,2749.9250925268307,6.91918215139744,-0.7235969040610574,1.5500594205094118,-2.0410853763782617,1.1883555244337487,1.146951705975966,1.9074068699561006,-0.9978603352681555,1.4164048351757572,130.70420660153783,0.8289926478131154,0.00030270109790496354,-6.905100668492539e-05,True,3
20,20_68,14950,15980,7475.0,7990.0,515.0,0.040776699029126215,False,test,4745.838004399272,61.62754770167665,34.48341319352678,1.2199673759961367,-113.7730270422778,3.015033549544093,39.449430543473625,0.6764939785729047,-68.66791620717466,1.5873004379694038,111.14896550595182,0.7724771041603891,0.030108393215580707,0.0004883619446339067,True,0
20,20_69,15980,18250,7990.0,9125.0,1135.0,0.0,False,test,5749.249692404323,13.336465128674668,43.38072329785855,0.6118172997972662,-150.952805950148,1.8085750898358868,46.84370645027329,0.5384645729134111,-98.74493810510846,1.4223304636918002,83.0198333572186,2.0012820208141844,0.0018172549171306437,0.00019082751402268102,True,0
20,20_70,18250,20180,9125.0,10090.0,965.0,0.011398963730569948,False,test,5748.418770998624,36.83624775992236,60.64639896531179,0.966478486403864,-197.01332270172594,1.312192258923292,62.422741297983755,0.6932020276119681,-129.00505954959849,0.42949271263702454,20.60189619311397,1.8654116124914824,-0.004717362632606903,-0.0006180327087504675,True,0
20,20_71,20180,25380,10090.0,12690.0,2600.0,0.015192307692307692,False,test,1252.2936813237118,65.19671491279401,114.06911040782929,2.814920637586963,-50.739129939812884,2.0942340830298845,146.51943396971777,3.7417130112961496,-59.6979524909533,1.9563700347200315,50.781206482373754,0.8229762194816584,-0.0028253383378128226,0.00048414496787646045,True,2
20,20_72,25380,28310,12690.0,14155.0,1465.0,0.010580204778156996,False,test,1.033490826394808,20.07967028066032,1.4698241498702724,0.4763503359852695,-2.00731154277463,0.13771805523842487,1.1278301448545358,0.6662000821909293,0.8840462348935649,0.2938186439399367,-0.9203267819645462,0.9837909290934425,-0.0013370624954057852,1.6749342148777374e-05,True,4
20,20_73,28310,32240,14155.0,16120.0,1965.0,0.0058524173027989825,False,test,2248.320767483699,37.65886239772126,84.61335111331697,1.5455141971913648,-35.425510194890066,0.5561179783776352,114.34684830682575,1.5666033731643365,-83.28521803353578,1.5968296177859467,94.23941681160575,1.7035640221648833,0.001918994720750653,-0.0004172499736424537,True,2
20,20_74,32240,33800,16120.0,16900.0,780.0,0.010256410256410256,False,test,601.5834944896209,31.452159711364594,35.40780513714521,1.098498336377091,-9.145213799904555,0.37988437909299044,50.798263488671715,1.1300375904022204,-11.230025885044,1.1497742296086797,29.205217068011944,1.2862791465494217,-0.008468919220132794,-0.0001838619980168027,True,4
20,20_75,33800,37000,16900.0,18500.0,1600.0,0.014375,False,test,151.97313420295714,50.52499707984308,0.4923307125084102,1.0604828503348274,-2.0238153614103793,0.5877124371742117,1.200809305459261,2.088413232156696,1.3127981984382495,1.4364802927974474,6.551959786117077,2.1894723098872886,0.003204982192000985,3.9799573652121366e-05,True,4
20,20_76,37000,38740,18500.0,19370.0,870.0,0.008620689655172414,False,test,5243.510372609106,103.32897418101128,58.26598262677248,2.1333420018148948,-164.5389312349517,5.248564333452775,63.302405338725826,1.9335481553669704,-116.82690392198234,4.209181514517917,57.24622898759513,4.3028844991663435,0.022079656305614603,0.00015160579995365038,True,0
20,20_77,38740,40440,19370.0,20220.0,850.0,0.015294117647058824,False,test,5246.006693761489,69.47725415986235,15.130027989780201,3.394206725450186,-99.89872169045842,2.1188738603113806,18.544555929969338,3.3697504082722225,-40.15908471275778,3.208847227962444,124.96925949096679,2.6498105750292473,-0.01383396010766593,0.0006708635987556929,True,3
20,20_78,40440,43971,20220.0,21985.5,1765.5,0.005097706032285472,False,test,3300.1997716790793,5.7867758512307015,99.06231259691988,1.0996137032132727,-150.52123096933855,2.862871207476152,109.48405297732292,0.4372793876457886,-120.64848749619372,0.5471415900702993,52.50394779789789,1.3859030914171186,-0.00040708569613137136,0.0009755279413919207,True,0
21,21_79,0,6690,0.0,3345.0,3345.0,0.0020926756352765323,True,train,4499.959665414214,0.03263521941255889,79.68434925963169,0.578713396747184,-191.15562540918188,1.1925472137102215,83.23463737647451,0.6678949146717301,-127.33520816979743,1.4821693415423705,30.27164462934873,4.094283164513398,5.602538375898772e-07,-0.00014330006431585712,True,0
21,21_80,6690,17321,3345.0,8660.5,5315.5,0.0020694196218605963,True,train,4499.956990601998,0.0035427305834277003,-0.5744998577529097,0.45099385069029124,-83.94157713020905,1.640092866206417,1.056240125575302,0.46538107429158265,-5.257021149511609,0.731814082476581,131.31273386738798,0.48036444508005144,-1.7025219720351458e-07,-1.1136973898272442e-05,True,3
23,23_81,0,6220,0.0,3110.0,3110.0,0.0,True,train,3482.0277953671716,242.1644068398924,112.30490163153343,8.055075955669398,-221.5973994202964,16.75044419491191,115.04109614106238,8.038226630280507,-129.9842226240137,9.380661896776415,5.0895908052323335,5.224132657463049,0.017214249824392097,-0.0005871597425510364,True,0
23,23_82,6220,11856,3110.0,5928.0,2818.0,0.002661462029808375,True,train,3499.964181286803,0.0026854823199265595,-0.5510146816150728,0.20023220742563455,-44.11241454685555,2.2631587069165255,1.1751899463729372,0.20864227067769617,-3.053574510928669,0.28503884361452864,131.74638832909915,0.17057223563754895,-2.822916446569253e-07,-1.914804601809833e-05,True,3
24,24_83,0,8790,0.0,4395.0,4395.0,0.007849829351535836,True,train,5491.165378227383,199.69823196277764,63.74225874445714,3.5805292468988,-199.99302630470598,9.331950325612587,65.52982235205651,3.2627677240876816,-128.78246599379503,6.532424460050354,15.848257393846808,10.281570486386387,0.005985313529652189,3.998686487300679e-05,True,0
24,24_84,8790,15015,4395.0,7507.5,3112.5,0.011887550200803213,True,train,5499.945923381024,0.0031400626137107956,-0.24459331166551795,0.36270717133065383,-106.00040516803543,2.7538604843395422,0.6878915823702831,0.36556632717714677,-8.258570425347632,0.713666909838355,129.83549415190058,0.5514940978219004,-5.2392039024594225e-09,-3.2654753642746235e-05,True,3
26,26_85,0,9240,0.0,4620.0,4620.0,0.00183982683982684,False,test,3493.8962818283626,135.19337410555605,112.05939474288391,6.20323549207354,-222.11135820058774,12.410770378153757,114.42960690255741,5.9287723284667555,-130.3164063495201,6.444840734558226,4.490058306081889,4.4676353292362725,0.003935088975274423,-0.0005209478030245994,True,0
26,26_86,9240,16666,4620.0,8333.0,3713.0,0.0,False,test,3499.963891844848,0.0059620624977010555,-0.5241374102843248,0.6121573024526996,-45.0594214062597,2.20393808793912,1.1895331959020665,0.6525658688379573,-3.1279722274939004,0.8041601328377593,131.75637544610896,0.5186665087261568,-1.3781987348318782e-07,-2.3695186099939772e-05,True,3
27,27_87,0,710,0.0,355.0,355.0,0.0,True,train,706.2016815442082,172.45848994802975,192.80674591673093,51.393010832095385,-114.33714616233549,30.486926885750954,225.66326985467163,59.92708123196286,-48.643546897298855,13.357521523410806,23.671484300795235,5.719645917115668,0.34829689646655326,0.11122846509162111,True,2
27,27_88,710,2600,355.0,1300.0,945.0,0.0,True,train,750.765398427166,20.08297782426836,52.2454288240463,4.210760539430773,-15.650789094349694,2.6332288707065628,71.07729703307783,4.74568455482227,-18.74781609792558,1.1016860880954797,36.58900834139062,0.9577590342864984,0.0024505457330127505,-0.0007672641596524807,True,4
27,27_89,2600,5060,1300.0,2530.0,1230.0,0.0,True,train,5739.139937287618,169.3464336778496,48.83719189651613,0.7076492647275052,-162.00474913062118,6.386563589618161,52.019413662732134,0.6580447243322936,-108.10783398480919,3.2767675143212363,70.37139141423916,2.7543095544390166,0.026261066375462643,0.00026528694509142346,True,0
27,27_90,5060,6110,2530.0,3055.0,525.0,0.013333333333333334,True,train,5729.232859468006,227.18015282271006,61.00070910862514,4.628108991051265,-196.18080657958984,5.970366324884448,62.582640918550034,5.035394489475101,-128.4629460797991,1.844168007531515,22.920881901695616,3.1067411583761517,-0.11749360639300603,0.0020419259756602197,True,0
27,27_91,6110,8620,3055.0,4310.0,1255.0,0.0,True,train,1250.8126179850908,16.934152236336868,116.90539495156581,0.7937999496115613,-52.07794726550342,0.6383333881570866,150.32955772126337,0.2134667572847665,-61.26343056576186,0.7294278006029905,50.22239712111028,0.4911406151477817,-0.002003528022660008,0.0010237794856741828,True,2
27,27_92,8620,10720,4310.0,5360.0,1050.0,0.0,True,train,63.297418203808014,42.46998888478315,36.84379574003674,5.452104609983313,-9.342258646828787,3.2373815629253344,51.219996403285435,6.358986156352927,-1.699816288210097,2.129663161791935,4.912175084068662,1.6607579934205998,-0.002036842103168077,0.0004841810473161485,True,4
27,27_93,10720,11320,5360.0,5660.0,300.0,0.0,True,train,603.5672253417969,50.713245028375034,236.63045908610027,3.052643592439926,-147.76760037740073,2.2907380695502613,277.18677998860676,3.1696253952826687,-47.11946812311808,3.23699187059702,18.91132215499878,0.5079256225465943,0.03953148507755707,-0.0005393149492277947,True,2
27,27_94,11320,12130,5660.0,6065.0,405.0,0.0,True,train,3740.4070755570024,105.1168858794878,101.77347238799672,4.88006682787085,-198.7374518312054,1.265083153528334,105.60848507351345,6.400506857944908,-128.56373485989042,0.890636081702851,25.5329994837443,0.7604559019566954,0.0702305500838618,-0.005731489753763428,True,0
27,27_95,12130,14060,6065.0,7030.0,965.0,0.0,True,train,3752.733997530764,45.22820859307491,45.15331975511936,1.830334355702316,-87.44644873821673,3.8587410448903525,54.01802301357447,1.6796341912877397,-73.98343496372046,1.9810699266374057,108.73395798045736,2.663739175657595,0.00858357156114994,-0.00021957946945630458,True,0
27,27_96,14060,16710,7030.0,8355.0,1325.0,0.0,True,train,4745.030187020931,90.34792378767355,75.1280591079424,1.6432683491963005,-190.87829912581535,5.449181655917289,77.86071991974453,1.994067675371335,-127.2163061609808,2.0230788608367245,31.06453737150948,5.001599237466944,-0.010769759272851342,0.0003985331612796438,True,0
27,27_97,16710,21120,8355.0,10560.0,2205.0,0.0,True,train,2250.126450671414,4.034824040691497,95.30528384357893,0.5538335734663349,-40.14966698903886,0.35394962539814356,126.12750912620908,0.09281419841243356,-92.84859473818824,0.7445616328852247,93.21555217474767,0.7140954906762094,-0.00020356737533702522,0.00039024348578837423,True,2
27,27_98,21120,24410,10560.0,12205.0,1645.0,0.0,True,train,1155.695913241772,87.93456097790366,67.40151789934802,1.6794159409325726,-23.261029931042334,5.571080893086901,90.08876627310431,1.2685497644910633,-35.90064469195427,3.443775018683914,53.13035436415745,1.8917207571420922,0.004940065194109712,0.000126708754335174,True,2
27,27_99,24410,28240,12205.0,14120.0,1915.0,0.0036553524804177544,True,train,3300.07617901436,8.580946431603396,119.95224210574796,2.3381701787124394,-214.90615542737996,5.300595228555664,123.34211536736152,1.8666949640642967,-130.5057267828959,0.2713381291810212,12.431698733895006,1.472851688917839,0.0004475786985155743,-0.0018512387977585136,True,0
27,27_100,28240,31340,14120.0,15670.0,1550.0,0.0,True,train,5614.750361780966,917.3129883757562,67.12257711102886,36.146077280884036,-194.17139873627693,13.021877422677374,69.3144870770362,38.17216931754968,-127.9692716475456,2.8840045662638376,23.925950934656203,5.607606156359824,-0.41871666479593117,0.01634571382594631,True,0
27,27_101,31340,35361,15670.0,17680.5,2010.5,0.0,True,train,0.296408318607095,7.63589804485197,5.321450506920424,2.4843602476566446,-0.0804843973580837,1.4126563672489225,0.14083338096849315,3.1924197967792334,0.12709869985295466,0.5609988237607054,1.1341214081121007,0.18142852495967865,-0.0004416195018706757,-0.00010783691334885026,True,4
29,29_102,0,1100,0.0,550.0,550.0,0.0,True,train,147.2477428133857,19.325168206198875,253.26643397098238,38.4818490236305,-161.74270815194552,25.195642128857287,294.2343535321446,44.392084091144106,-15.101674023541538,2.1356666985269417,10.03841584935107,1.3632054578625699,0.014660324259350684,0.031963458586889586,True,2
29,29_103,1100,2600,550.0,1300.0,750.0,0.012,True,train,5685.119213968913,518.8082842641332,20.524874139785766,8.849711435396244,-122.14383777077992,10.115980046092643,23.427948123931884,10.586093875287341,-51.6222244904836,5.216564734823401,118.09649783706665,9.286860599158308,0.20637490892883276,-0.0009989396212243672,True,3
29,29_104,2600,4530,1300.0,2265.0,965.0,0.0,True,train,4148.932665889127,27.483842064402474,88.62667364011774,1.5397274726918138,-193.40801800347361,1.8598777977372436,92.06063758178078,1.2822502744023097,-128.07075279512554,0.3194321700490819,28.597004716167795,0.9816544146042384,-0.004112041940642038,-0.0009103992415879869,True,0
29,29_105,4530,5080,2265.0,2540.0,275.0,0.0,True,train,2858.1624471768464,75.24614270398641,146.80970925071023,4.147894892681379,-262.87538682417437,5.106550804996836,147.12476029829546,3.343096624566518,-130.16073580655186,0.0980892248490589,-14.71342382517728,2.6864221422325327,0.04460942225374742,-0.006913618075282658,True,0
29,29_106,5080,6640,2540.0,3320.0,780.0,0.0,True,train,5071.990290089143,161.19413936365453,70.11627579713479,1.8582691737458688,-195.96293926483546,7.082143266753182,71.99473082224527,1.7303321260132807,-128.78834746434137,3.1704266161658734,21.922629341101036,2.41470060838449,-0.03716892832102571,9.96356231511308e-05,True,0
29,29_107,6640,8670,3320.0,4335.0,1015.0,0.013300492610837438,True,train,796.263754948959,22.585372388388237,45.79291734742414,0.5760931208815672,-13.592386631425379,0.6524835662898589,64.1651076443677,0.2125979074813514,-18.963335981509957,0.7574825092225052,37.72945649847021,0.5251442528718415,-0.0035015115364395856,0.0005767326953228441,True,4
29,29_108,8670,11830,4335.0,5915.0,1580.0,0.0,True,train,1695.719121580486,33.89589762469702,46.56301426585716,1.5336944282046572,-13.615460686140423,1.706495766938228,64.21761627197266,1.7028863673625585,-38.60688416324084,1.8545129067875223,79.1427746772766,1.204111015810986,0.004182097489955263,0.0002551177967874173,True,2
29,29_109,11830,13630,5915.0,6815.0,900.0,0.0,True,train,2461.0005672200523,26.088806982056546,171.43548794640435,2.8119044942603573,-228.7375783369276,7.284869333296059,176.78532725016277,2.3598076499632006,-130.80134444766574,1.0003082294795083,10.279830553796556,4.454251400744002,0.0038387453188922175,-0.000661159810736287,True,0
29,29_110,13630,15080,6815.0,7540.0,725.0,0.0,True,train,4618.148276114628,139.64169122079477,77.21871896414922,1.636196906704363,-191.09056220350595,8.607873272904227,79.98500785301472,1.7711357256807267,-127.51941855858112,4.183898460456215,28.557250600354426,3.181241782081061,-0.028643546223031707,-0.0007180711117794267,True,0
29,29_111,15080,17150,7540.0,8575.0,1035.0,0.007729468599033816,True,train,64.42178465986021,63.40203889355579,35.02901618883806,0.7528986615134735,-8.79754775641621,0.4520035651090244,49.420634156379144,0.1303198149660089,-1.6220949171821852,1.2552780066617508,4.919575625571651,2.6414537538209024,-0.000613238341992577,0.0003658334425490351,True,4
29,29_112,17150,18970,8575.0,9485.0,910.0,0.0,True,train,5949.142161543291,218.71980149143013,32.83651975065797,2.6712892456290267,-139.24250333125775,6.654163491538082,35.796324038243554,2.445623887640449,-81.30574133527148,3.0738588429248304,99.57137290619232,2.9286610136550366,0.02941926878986934,0.0006770085348030481,True,0
29,29_113,18970,20430,9485.0,10215.0,730.0,0.0,True,train,4219.0984502923,153.37772793287556,86.36880752877013,5.1037494094253395,-191.27482279947358,4.361139997114268,89.55466900133106,5.42733440154854,-127.82553489371521,2.6093592761513595,29.08598495280906,1.7351697531018877,-0.046019944753870015,0.0017791746714974832,True,0
29,29_114,20430,21358,10215.0,10679.0,464.0,0.0,True,train,2.96437058343398,36.60419933546887,3.3190443854907463,5.484480312613008,-2.2506309592261395,3.0619049138052756,1.6358858355931167,6.45659061741663,1.812390795904854,1.9744090065389357,0.793655587424492,0.8075315184795191,-0.01904117750305422,-0.0029853361341139416,True,4
30,30_115,0,3080,0.0,1540.0,1540.0,0.0,True,train,151.59223002282815,34.49069102593352,180.09700409727256,15.649537181015734,-98.34342153002689,8.607695849855107,214.24281414824648,18.411368597985845,-11.700092097850783,2.10008369137918,9.990787506267631,1.3001131056709068,0.005983134969323223,0.0023314618731218434,True,2
30,30_116,3080,6870,1540.0,3435.0,1895.0,0.0,True,train,673.2305271863308,30.710025485837836,93.17955481496524,0.2640842091848528,-39.04610498071031,0.14811977070953034,120.31254090684071,0.2549619209470823,-27.026173169694665,1.1823197590103918,30.863737844854672,1.253996820215448,-0.0027779633991102805,3.228031080913271e-05,True,2
30,30_117,6870,11140,3435.0,5570.0,2135.0,0.003981264637002342,True,train,50.08107371721111,3.90576252008916,52.6375276873765,2.887042480683643,-15.580219138813241,1.6853206714337667,70.97113550619443,3.4600866963213948,-1.8151683290054983,0.26070133847853677,4.703578418535147,0.1726707404176837,9.921022122773982e-05,0.00016159205337589494,True,4
30,30_118,11140,15390,5570.0,7695.0,2125.0,0.0,True,train,1451.3430726821002,37.81489313577822,139.02964710370233,1.5328701801791706,-65.95235583720488,0.8598958431763234,172.94348458144245,1.7105218155915796,-77.43172936428294,1.84279254070395,55.869746557347916,1.4931992854073914,0.004122103570191003,-0.00028339088413055144,True,2
30,30_119,15390,18710,7695.0,9355.0,1660.0,0.0,True,train,1958.2625767351633,35.49109246205062,46.73527540873332,4.894869149724046,-13.705494573891881,3.1483556104914987,64.42495390650738,5.464815526628505,-44.30821954658232,0.7972859593895789,91.46781287135848,2.107682625316204,-0.003101146484894422,0.00039632877077348013,True,2
30,30_120,18710,20310,9355.0,10155.0,800.0,0.013125,True,train,995.0899089050293,1.6330467950655116,215.67342847824096,5.767953294992001,-131.49317264556885,4.2766099806628,253.18768132686614,6.339219631245113,-71.1425290799141,1.550195940637062,29.460744079351425,0.658271867026705,-0.00038392017758213937,-0.002467869217875682,True,2
30,30_121,20310,23863,10155.0,11931.5,1776.5,0.0,True,train,421.78795871364207,29.7610019366494,10.805495575384928,1.1232066037775743,-3.001632408595172,0.5258997897087646,15.82998380840848,1.3606960694968524,-2.908230550652184,0.5724340830684109,21.39993977566823,1.3364966588171256,-0.003015932915656082,-7.010884095326429e-05,True,4
31,31_122,0,3020,0.0,1510.0,1510.0,0.00728476821192053,True,train,4706.315155729587,433.0768878819741,74.47405445486899,6.382493991699826,-188.21163151216822,17.866017215698385,77.27330263935967,6.399283863729354,-125.11564421523485,11.675348330197087,33.98932109802764,6.387718506073503,0.08736603746224043,0.001281842865961557,True,0
31,31_123,3020,6720,1510.0,3360.0,1850.0,0.0,True,train,5650.697491554054,18.502825952148363,20.08093920166428,1.1104682039988507,-118.5173657886402,2.3064683507828074,22.799503589320828,1.1428019747769422,-52.36474586899216,2.3980551025159347,119.15317928829708,2.023112087950116,0.002038309308261965,4.4640219018479574e-05,True,0
31,31_124,6720,9110,3360.0,4555.0,1195.0,0.0,True,train,5998.82234836722,29.029397848832406,54.418991009061806,0.8005821093227385,-184.44886147088087,0.685224977556183,56.43599632933549,0.544645517866689,-123.68285823167618,1.9472424606159005,38.24424945799377,4.058172831042901,-0.0027908599077995804,0.0004912124359574137,True,0
31,31_125,9110,11610,4555.0,5805.0,1250.0,0.006,True,train,4003.3699463867188,49.050281008496434,59.46921028289795,0.49454502509369896,-117.37330637817382,2.5447888197813984,67.19921450805664,0.3219862934474201,-96.64987848205567,1.599517755503852,88.43343143157959,1.9291556684492475,0.0036010799316413644,7.706938286577278e-05,True,0
31,31_126,11610,14310,5805.0,7155.0,1350.0,0.012222222222222223,True,train,5118.897774703414,22.687692233935124,64.81089166005452,0.8325912674420991,-178.03273507294833,2.6688308941859034,67.76687038280346,0.8296367008073062,-122.65425637421785,1.9493030896562422,44.606542943318686,3.1289676206094743,-0.0019764006806415406,0.0001153994275887072,True,0
31,31_127,14310,15587,7155.0,7793.5,638.5,0.007830853563038372,True,train,4300.246662328088,4.176517187521684,35.25860516541435,0.17442567187835736,-95.86760856849473,1.3093442056598392,41.554530741931316,0.1368882846650749,-67.81650209240178,0.7235577329053624,112.60220022657091,0.4693668751882213,-0.0013481038689154407,0.0001999287386198835,True,0
32,32_128,0,1200,0.0,600.0,600.0,0.0,True,train,2210.669636463666,281.3905367713932,80.4237131736676,10.046923749941975,-32.59295091509819,4.0355686463909635,106.60541733567914,12.984047447724285,-77.9851654848953,10.30581395921338,96.46642698902161,12.251149958772142,0.1930741023055096,0.006881071033165946,True,2
32,32_129,1200,2620,600.0,1310.0,710.0,0.011267605633802818,True,train,2251.7448288608603,35.072748059801995,181.83861632548587,3.1924772749968127,-198.85631025072556,5.129227304317082,192.9376007080078,2.82021023215915,-128.7222049766863,0.9601640066129196,25.71032766355595,2.7169493699263225,0.007407625461892332,-0.0008910453658164888,True,0
32,32_130,2620,6440,1310.0,3220.0,1910.0,0.0,True,train,3900.3172404823504,112.89456452270642,96.1782174135378,2.258237531924489,-199.6606858677889,6.11853463540091,99.52203854465984,2.931483559906667,-129.27535341073082,1.3302480755779031,21.6942416016344,5.504466447399613,0.08442718735812627,-0.0018144054724028745,True,0
32,32_131,6440,8990,3220.0,4495.0,1275.0,0.006666666666666667,True,train,2597.681552064185,37.27012446095447,20.02302402122348,2.276786997061341,-4.921200762917014,1.771740895642911,30.083055932288076,2.7473396883812744,-29.048689129399317,1.7720461460576211,122.96200782925474,2.318605744076361,-0.006843910361990628,0.0002709754679098318,True,3
32,32_132,8990,11310,4495.0,5655.0,1160.0,0.007758620689655172,True,train,2000.3190859038255,9.96685962092323,161.77967060352194,1.471650842006765,-102.15912276300891,2.6226386677264997,193.33639169890304,1.500872058272429,-116.09578671290957,0.835884498860357,61.609866132407355,1.1428286194583444,0.0008308994922406276,-0.00039545089300158494,True,2
32,32_133,11310,13040,5655.0,6520.0,865.0,0.011560693641618497,True,train,2703.513433379245,7.792726389292112,153.8891375414898,1.9111847399894148,-235.90976605718535,4.836615900032111,157.25210467211772,1.426463362740725,-130.95169294059622,0.17994208739349377,3.1747858230296435,1.6562780697383195,0.0015956798451727172,-0.0037077234155501178,True,0
32,32_134,13040,15400,6520.0,7700.0,1180.0,0.0,True,train,3104.8384720107256,21.85301219781089,35.201316720348295,4.40114378451157,-43.802694328760694,7.482586608711242,46.4330836037458,4.232451415495426,-52.578319895469534,3.5261040939753947,120.51298085936045,4.576924597669118,0.004925136658363429,-0.0003064144000879477,True,3
32,32_135,15400,17600,7700.0,8800.0,1100.0,0.0,True,train,3401.880342129794,36.04523413065181,65.1241367964311,0.7258014102778976,-96.55172019264914,2.123217714011805,76.29678801796653,1.0241994349931867,-90.14832985271107,0.5229166653074738,95.6833870939775,0.44523549223922904,-0.005655514405145614,8.144188618134632e-05,True,0
32,32_136,17600,19500,8800.0,9750.0,950.0,0.007368421052631579,True,train,2570.059781429893,1.4926680012104379,110.71353578667892,0.48043591921472645,-99.86788695887516,0.5963677964906506,130.15469247115286,0.4800991505150945,-108.13107708981163,0.3363367637024987,75.04096776861894,0.3668077931081772,-0.00026546798173456866,-5.1360038861068044e-06,True,0
32,32_137,19500,20960,9750.0,10480.0,730.0,0.0,True,train,3839.116526480897,55.45508920936967,96.57525343698998,0.49912139252807913,-191.15080703839863,3.5462765704883137,100.62211186657213,1.3504014431369162,-127.6322236361569,0.8040848234692028,30.83670533585222,2.4345505275743964,0.015738729625894746,-0.00044706890928472413,True,0
36,36_138,0,830,0.0,415.0,415.0,0.03614457831325301,True,train,59.06483468348562,6.930511450826772,252.9117632929101,39.80906812059942,-161.15257467749606,25.984602878525536,293.31969852425965,45.709429209257756,-8.375286698826105,1.5709465441958375,8.34367047228727,1.3052963834956919,0.006508003306235871,0.04349571086990239,True,2
36,36_139,830,3090,415.0,1545.0,1130.0,0.009292035398230088,True,train,60.81324968253617,12.712819845641377,11.230143750874342,4.747816700033624,-3.135215728789304,2.3016096679257125,16.179672168208434,5.839732549462072,-0.5561509576650847,0.48357121069913733,4.059742685123882,0.6235901047756996,0.002185873399481418,-4.15048295581835e-05,True,4
36,36_140,3090,3880,1545.0,1940.0,395.0,0.03164556962025317,True,train,299.9782890609548,0.2626951334598048,257.1792544739156,16.578257513040363,-164.437391764001,12.270782517314206,299.30847468798675,18.589473642239444,-26.496567562562,1.5010392786445168,12.753712538224232,0.42140410763706654,0.00012444131298549886,-0.009558175828119558,True,2
36,36_141,3880,6560,1940.0,3280.0,1340.0,0.004850746268656716,True,train,300.52187485196697,10.699534495394206,10.784455131061042,1.1722033626602257,-3.006479059226477,0.4917261149179081,15.853565570845532,1.5229717863480796,-2.1468037845483465,0.3131039458759531,15.666073481004629,0.5085984686955306,0.001157496376290266,1.0967653611404204e-05,True,4
36,36_142,6560,7300,3280.0,3650.0,370.0,0.02972972972972973,True,train,599.8924702412373,1.0836569787075445,257.0446611249769,12.902188192849293,-164.87641438149117,9.844009175862789,300.0069030349319,14.288585215853816,-49.04380492133063,2.0135730982641062,18.001016297211518,0.7637135668190046,0.0007716059981302289,0.005734979827404044,True,2
36,36_143,7300,10070,3650.0,5035.0,1385.0,0.009386281588447653,True,train,601.1818249643925,17.52491308464584,11.295300564266714,7.121049400526982,-3.231184741478104,3.8147601778555265,16.37074451584248,8.579854269068482,-4.03271927773307,2.0280968169280813,30.107723646473797,0.6673404884917618,0.0025624222265158538,-1.7264239653981924e-05,True,4
36,36_144,10070,10750,5035.0,5375.0,340.0,0.01911764705882353,True,train,899.9834731158088,0.10983099828831024,257.70922871757955,3.4897498458079155,-165.78269933812757,2.758118912789721,301.3022845324348,3.9134637774783054,-71.80782593558817,0.7843248576731789,23.059493524887984,0.38909612061008153,8.45464216761486e-05,-0.000634161456649524,True,0
36,36_145,10750,14710,5375.0,7355.0,1980.0,0.007575757575757576,True,train,900.6552386967822,12.883322257222588,11.429120291844763,9.491598785007477,-3.3276102426076175,5.58911543731859,16.51578059003811,11.228703546994602,-5.945288450188107,3.361230767665385,44.39935498815594,0.6273716682571182,0.0010047978464017612,1.5889451757636968e-05,True,4
36,36_146,14710,15380,7355.0,7690.0,335.0,0.01791044776119403,True,train,1199.9603419061916,0.2753106028477936,257.17388656388465,1.773054091048731,-165.9162957034894,1.3657451713933657,301.4953664751195,1.925749739148362,-94.37609915662168,0.5224872808390937,28.26039730470572,0.2549589747331809,0.0002238147969342757,-0.0029912242758717124,True,0
36,36_147,15380,18190,7690.0,9095.0,1405.0,0.009608540925266904,True,train,1200.5736689991797,11.53520773856882,11.460290010798444,8.794429700713087,-3.3113948271367897,4.989921146007625,16.52191287580334,10.522972797572974,-7.882020795048343,3.8812401496329487,58.5911815032416,0.8897646237080233,0.0012508763528644136,-0.0005091068580879241,True,4
36,36_148,18190,18790,9095.0,9395.0,300.0,0.025,True,train,1499.8964520263671,0.9055194448836941,255.4507692972819,4.851845136071915,-165.64309808095297,3.8712439265610845,301.1058392842611,5.492359637434398,-116.87435782114665,1.7029448155925822,33.71114283243815,0.8850477279928352,0.0008942600558074611,-6.693412723912454e-05,True,0
36,36_149,18790,21660,9395.0,10830.0,1435.0,0.007665505226480836,True,train,1500.1580733561766,5.200366076607152,11.237509652380329,7.828884342392062,-3.2312546010632133,4.5628294341530315,16.326395130822053,9.336180751385056,-9.704028865269253,3.9257911125291325,72.76893974197866,1.163304666720581,0.0003632756649338525,-0.0007681603043905795,True,4
36,36_150,21660,22110,10830.0,11055.0,225.0,0.04666666666666667,True,train,1799.4289868164062,4.769118828305545,250.71516370985242,15.932727618358161,-238.43741350385878,21.591458838930954,266.65855256822374,14.368775830384157,-130.15298173692491,6.1323047875595424,13.21293441772461,6.761601791957452,0.007262293731937592,0.019951637962852983,True,0
36,36_151,22110,22609,11055.0,11304.5,249.5,0.03406813627254509,True,train,1799.9733903842841,0.06606386971013413,13.58659612391898,20.036058055300668,-4.879411401156195,14.788094946396798,18.964618917935358,22.823028191795938,-13.048631752182343,11.49305223249011,86.07472589450752,4.531137222498949,0.00012093399194970288,-0.03241712421036201,True,2
41,41_152,0,360,0.0,180.0,180.0,1.0,True,train,1263.88054624167,297.0202546841959,64.76804008100555,19.7396843757108,-24.15136197716465,7.92026294446389,89.16225513489572,26.368877277528483,-37.79634633876254,12.073322601830943,57.80048392033895,13.583799267353259,-1.303076594629911,0.1351984914686839,False,2
41,41_153,360,1120,180.0,560.0,380.0,0.7802631578947369,True,train,2335.57409689581,249.53406972902744,74.99999999985177,1.4220213198083426e-14,-36.716021244082164,5.599435392851523,100.4227376642828,1.4784223610619598,-76.84577120633062,7.28417973541689,98.14948530495607,7.699695400814484,0.9098547396450507,9.407608603703037e-17,False,2
41,41_154,1120,1410,560.0,705.0,145.0,0.31724137931034485,True,train,3112.1118470623373,208.55203565233492,74.13588911251567,4.4496249964407495,-89.2771775216603,13.25570100190056,88.54702597985546,5.629980416403732,-92.24795182201044,4.726442840119154,93.24067219623991,5.139826581959486,1.8598895022120874,-0.016511920193997665,False,2
41,41_155,1410,2270,705.0,1135.0,430.0,0.0069767441860465115,True,train,4417.587838028023,241.09301109635584,91.15596308743409,7.349490186462896,-207.45793328448553,5.611423463411738,89.29164904755575,7.454464240393948,-129.36887725599635,1.7619445180459703,18.508738704336924,4.210310347706928,0.5195393234951486,-0.016769429734952285,True,0
41,41_156,2270,3140,1135.0,1570.0,435.0,0.006896551724137931,True,train,4499.965149143194,0.014857478233705427,30.874110008002344,10.646035056627253,-98.36415543327506,12.89065525431227,36.20805700006882,10.683217144637558,-61.540588905753204,15.79675343378484,114.0093406821932,11.086555256462596,1.0991434368635992e-05,0.030344953795532006,True,3
41,41_157,3140,4120,1570.0,2060.0,490.0,0.00510204081632653,True,train,4990.149683205107,66.54185226016276,74.80531844413066,2.5902422411695447,-203.65762328495626,6.87923969360296,75.5637961566181,2.5555650250558046,-129.3604855931917,3.9876803942641788,17.031408935102785,6.789244463908539,0.05883477360776965,-0.0010140600377600126,True,0
41,41_158,4120,4880,2060.0,2440.0,380.0,0.02631578947368421,True,train,657.5203358264099,674.922934823109,20.044784643623384,9.853836385139209,-7.133194994644699,9.594512084706416,29.806509844557045,14.156075307099089,-6.096695685421888,3.023734943529615,29.51866911390859,22.18811078884465,-1.1861757401898962,0.0311584993693216,True,4
41,41_159,4880,5930,2440.0,2965.0,525.0,0.05047619047619047,True,train,500.1847523007236,5.894597144601263,130.49791231625665,25.8709744083331,-63.94002584668772,21.23366943935935,167.61454054007612,28.80960061849304,-27.014816727327283,3.540918123942956,21.553675976907115,1.3428277007744056,0.001048906062114372,0.03356678136121254,True,2
41,41_160,5930,6600,2965.0,3300.0,335.0,0.05223880597014925,True,train,1308.0108813648476,387.95469485031697,19.75724236606995,10.855310380305518,-5.532539750963709,2.1311388395753705,29.386928831855137,15.49155532077165,-16.086500042138006,8.584482334419716,60.3018074523399,17.645814559990672,-1.3202479912887357,-0.03417570876695683,True,4
41,41_161,6600,7390,3300.0,3695.0,395.0,0.0,True,train,1999.1238197718187,9.803249242841549,50.27169431114998,3.3533952560179263,-15.649469584733614,1.9001778528251239,71.12945841497537,4.11545203677312,-49.52264566416691,2.3869749676822294,89.37293313365062,0.7594446309469637,0.0065024782144279146,0.002078382007090074,True,2
41,41_162,7390,7920,3695.0,3960.0,265.0,0.052830188679245285,True,train,1545.810920806898,190.88217962293953,142.35294693797726,23.731812852238196,-73.85179942475145,19.346414084055045,180.21539737097896,26.139498221791236,-84.41447471747507,10.703638180162212,54.94352472726214,7.711295237962304,-0.6175130801118279,0.12950683777536073,True,2
41,41_163,7920,11320,3960.0,5660.0,1700.0,0.012941176470588235,True,train,500.19603014749805,4.901307591983028,159.86166664527153,12.464926925806806,-87.56949072609275,9.687773557217003,199.30710411913347,13.760413626862585,-31.513933857728624,1.6583274720203904,20.267114936122265,0.5903183492318963,-4.122995874994604e-05,-0.010541163539638606,True,2
41,41_164,11320,12260,5660.0,6130.0,470.0,0.045744680851063826,True,train,1497.8637686442542,25.80287622611979,150.00000000012986,2.843683943383411e-14,-79.94012782838985,0.0027188726079593584,188.4118053662421,0.001419211101688166,-86.36449899099968,1.4532774315522194,52.479796465453795,0.8208091519675054,0.012844224768331795,1.0940714402460943e-16,True,2
41,41_165,12260,13080,6130.0,6540.0,410.0,0.0,True,train,803.5752404912473,252.31732741562737,168.06703353633176,11.147040396843257,-93.87029879452606,8.594233386792817,208.3860052176199,12.323859570251914,-51.48152557826944,16.692312074422777,28.55802647051384,6.8079961490943415,0.25966515109442173,0.03665847826781975,True,2
41,41_166,13080,14560,6540.0,7280.0,740.0,0.0,True,train,3481.6710936073705,150.27181090904543,100.16253171001102,6.343471143196671,-170.84011269919475,10.877111830299057,107.60178166334704,8.333011642030916,-123.89756276089776,5.126880560411017,42.03491237211991,5.18509830301358,0.07047333649001541,-0.0027169425029744012,True,0
41,41_167,14560,16700,7280.0,8350.0,1070.0,0.013084112149532711,True,train,6.759601012676564,109.92803744191859,0.01775463963955996,0.3333739065786721,-2.045744964674411,0.8486593753364955,1.117102129933639,0.3729039255951737,2.8911226110835573,0.6453194904262436,0.6249470473041978,4.468676527115742,-0.018885702296337282,-4.9638516093320676e-05,True,4
42,42_168,0,1320,0.0,660.0,660.0,0.4356060606060606,True,train,1482.1990200732102,91.4527296715806,96.27124758402466,16.670793386296136,-41.73960279551558,7.74528511562784,127.83145491597907,21.528906964705442,-61.34469364070399,10.682393588599014,62.870847105511324,2.63926478576112,0.07885886227457706,0.01436202344935316,False,2
42,42_169,1320,2590,660.0,1295.0,635.0,0.4267716535433071,True,train,2528.988815688559,170.77123571465458,51.854599693096304,9.288438741424528,-19.892000409804304,19.500819489718737,72.12820621858583,8.869562042762643,-62.48425355949486,8.744461136970251,113.68267091128597,7.249728693751221,0.14879212074764903,0.008067180485754085,False,2
42,42_170,2590,3470,1295.0,1735.0,440.0,0.48409090909090907,True,train,3499.96617266205,0.008689191764577133,25.08378862091187,1.000647152962346,-56.94202409853285,1.000119684971937,32.38106630286403,1.1302718811720835,-42.40625895871721,1.3094439968020744,124.4178714682219,0.6608310837046082,4.129506841254083e-06,0.0003153123189399326,False,3
42,42_171,3470,3720,1735.0,1860.0,125.0,0.988,True,train,3497.6248100498133,27.36207471500263,54.04226545043189,8.899705349020898,-87.2755671875352,12.66821684392739,64.46534816499818,8.68908062041744,-79.14194010909497,9.19351919604379,104.04642828328946,8.487616074054328,-0.055846096666595645,-0.06798902527171971,False,2
42,42_172,3720,4940,1860.0,2470.0,610.0,0.4852459016393443,True,train,1005.1862939554469,109.63536862491813,123.15205254339381,10.208239118007697,-57.90366787412428,5.535481590795316,159.5226340303457,12.351747182812538,-50.3902670901966,3.2823611257082685,41.13997655269463,4.5860053767246445,-0.056451706063697205,0.008828396357618482,False,2
42,42_173,4940,6140,2470.0,3070.0,600.0,0.5283333333333333,True,train,500.03043338890984,0.4993484149687318,146.07819639366477,10.011421090034204,-76.71062305341081,7.985250959530112,184.1923254644217,10.943323844925196,-29.105575816105326,1.4332307878596642,21.314323298111578,0.560393560767994,-0.00018829889263536815,0.012978058592363612,False,2
42,42_174,6140,7340,3070.0,3670.0,600.0,0.5508333333333333,True,train,3980.147503933854,213.18973845825434,25.4678535139697,3.3016503251464697,-73.90897805136416,4.792820966403299,31.825588027089374,4.2742966930712125,-47.36225961854349,3.096822974058703,122.02806746146464,5.285318201937136,0.09829013500756176,-0.0019066993852194097,False,3
42,42_175,7340,8550,3670.0,4275.0,605.0,0.552892561983471,True,train,3502.823249882196,67.92077522071354,49.84053014212597,1.7028578677410353,-76.8430545669872,3.869875470104873,60.769440359769995,1.8594793051914182,-75.39187681366876,2.686757061908331,107.48851120935272,0.9734690401227498,-0.03978796297441892,-0.0006331276147256356,False,2
42,42_176,8550,9760,4275.0,4880.0,605.0,0.6743801652892562,True,train,1845.270594321187,448.93341347981976,25.352901642615866,4.852215156416902,-6.569301946564258,2.528773181536777,37.38135056942712,6.08949158776146,-25.310208021330517,7.093228095968616,86.02257912635858,20.593403403194554,0.6817621197560019,0.0017189154587953254,False,4
42,42_177,9760,12220,4880.0,6110.0,1230.0,0.517479674796748,True,train,2010.0903740392698,69.29220253056926,136.61910295436883,13.644733210555675,-70.33013797382165,11.689364447458084,172.95332753793164,14.51751308533985,-106.4521091350872,5.899107683869115,71.888611610647,4.351722296351149,0.024156089223010182,-0.016633409356540275,False,2
42,42_178,12220,14570,6110.0,7285.0,1175.0,0.485531914893617,True,train,2751.4039611215176,252.26310952007532,50.22355530416439,2.1159677701025967,-32.91365702288803,17.051463965277428,67.81169476433797,4.027720937626614,-64.80377282306878,3.6180049179882943,112.5053774072802,1.6688502092204058,0.312672044367215,-0.0005622406328178899,False,2
42,42_179,14570,15810,7285.0,7905.0,620.0,0.3604838709677419,True,train,1500.408919321324,6.027400770392034,50.163727470632566,2.356087162070755,-15.592737099864298,1.3172293755045925,70.99753884040913,2.9236522159252636,-37.363247210254336,1.2842615292953323,68.66447907357008,0.37917856723633747,-0.0020309111717749942,0.0007888035850364528,False,2
42,42_180,15810,16920,7905.0,8460.0,555.0,0.6576576576576577,True,train,1473.1734367596523,188.41147139992947,96.69095651997502,17.420367554850635,-42.06714829944833,7.567436637074612,128.24825758178665,23.042705754612566,-62.23607074190086,11.092958313477135,60.88318113879069,7.5595738154140895,-0.1421949132450592,-0.017134836927396677,False,2
43,43_181,0,670,0.0,335.0,335.0,0.8761194029850746,False,test,1948.1692023171008,1304.5773354287244,47.82645869221629,31.004422900623215,-39.295670683233865,39.093567622874,62.65454125005666,37.96159201588168,-42.2030175591661,31.56465431721965,70.35058119323972,37.71585491591565,-1.0101963325176373,-0.02277749521692232,False,5
43,43_182,670,1410,335.0,705.0,370.0,0.7027027027027027,False,test,1426.1811682899495,506.1825815805496,146.43673025694656,50.53862459978608,-83.24695409242317,41.64126499017877,182.20276558550728,55.931914094970494,-72.9703601119617,22.74832490731098,52.176638428510614,24.158827826462698,0.67261000768022,0.013669182885795486,False,5
43,43_183,1410,1740,705.0,870.0,165.0,0.48787878787878786,False,test,3680.1088817997934,837.517598335976,35.115038653463515,13.807336899717296,-73.40215086031456,25.954236438928728,44.04899438437537,18.11661997599205,-55.3435207389935,14.154564753367906,113.20079836400748,14.81632799640229,1.258033156820602,-0.10908758806816167,False,3
43,43_184,1740,2440,870.0,1220.0,350.0,0.0,False,test,1445.771628404092,233.29186684375762,214.79461858490748,20.296322159611986,-135.67562907793595,16.19295958943102,259.78432253169177,23.248785617117246,-102.90251344650717,16.7260040979599,38.72286688255827,6.591951909442194,-0.4104780199870937,-0.04226338151243056,True,2
43,43_185,2440,3300,1220.0,1650.0,430.0,0.015116279069767442,False,test,4474.898473339071,225.93895110415093,54.59373856837081,22.50447644084644,-136.34208176925247,41.466746607484836,58.07281338080632,20.701115658257063,-91.69367084855602,29.354404891282602,80.53479124628123,35.35770508116485,0.15006595746715967,0.05521255386494293,True,5
43,43_186,3300,3920,1650.0,1960.0,310.0,0.45806451612903226,False,test,2348.9151451726443,634.8527809681467,64.75336430511346,25.420996418200215,-42.71810543506297,25.365994531179584,84.10396852184815,31.463108185160593,-64.17815354728606,22.763493117659703,90.16906164672115,19.822990230279963,0.62780881995983,0.004148619209665722,False,2
43,43_187,3920,4220,1960.0,2110.0,150.0,0.96,False,test,1119.061418920982,494.6330593784227,213.591716317457,16.904457909896312,-142.7490037636009,27.248074806769527,255.55049335256535,23.828397240031453,-78.60292085396185,29.817727225123075,27.469229809121224,9.549902148515072,0.4110087529466229,0.08811726644318464,False,2
43,43_188,4220,4970,2110.0,2485.0,375.0,0.7453333333333333,False,test,2539.2779348083536,805.7403829330696,83.21125115005434,42.511269946663894,-89.2123088341145,74.57391107878382,98.95016306597553,45.6466825739673,-81.30112055300503,36.745021459789825,68.02620852110505,34.917883347787026,1.8304483122967405,0.026800245819112348,False,5
43,43_189,4970,6830,2485.0,3415.0,930.0,0.5575268817204301,False,test,864.8274749119288,223.90141681653932,0.09070736771439453,1.4088338456070661,-2.0229088991091366,0.35762134078567104,1.224897454397174,1.982634282112204,-0.5825716345441914,1.1741436402701853,42.28154292269187,11.065222191048512,0.1018959045621629,-0.00029146809229423895,False,4
43,43_190,6830,8443,3415.0,4221.5,806.5,0.8642281463112214,False,test,1.5270349408694401,22.962997982839035,7.310991732531832e-271,0.0,-2.0004513142332496,0.000855315311604966,1.0972258295934536,0.0012933160805991292,-0.4456245679426672,0.06974242701532624,0.7912317738135641,1.0815912979214402,-0.005656948690325298,-2.70931727151999e-273,False,4
44,44_191,0,380,0.0,190.0,190.0,0.0,False,val,1429.225073310415,278.74198627956605,42.721210458787844,16.954287719714177,-13.4555588505937,4.668293996547604,60.680510204587094,23.60089939738911,-31.6284519666634,12.228200759945246,67.28395534013423,12.927933675928939,1.088229451386134,0.09796201956490388,True,2
44,44_192,380,1050,190.0,525.0,335.0,0.0,False,val,2639.9237732826314,230.24792273501606,68.22563343956311,11.537618403029954,-45.490552900423054,10.590707284903838,89.52242264029083,15.59874884729089,-77.8015342076568,7.505142063542043,105.32895846963817,6.156384076481622,0.9470884045381536,-0.03962038039981184,True,2
44,44_193,1050,1330,525.0,665.0,140.0,0.0,False,val,2994.6908534792624,57.17219294844556,124.914388724767,0.576853979448084,-180.17559188920265,5.579663877279431,133.8869681001788,1.3173508051112537,-125.59067177424164,1.8755228022741564,37.55638613532475,1.6746107962545036,-0.11243731540001187,0.0017948755971215428,True,0
44,44_194,1330,1630,665.0,815.0,150.0,0.0,False,val,1505.624209094893,42.06122784496325,124.99999999989508,0.0,-59.34339238124806,2.952993546751476,161.6451953379662,0.6961700243161495,-76.00016434971931,1.4710324019730214,58.90680409888372,0.39008988312053483,-0.12346968981362061,3.799060230387597e-16,True,2
44,44_195,1630,3090,815.0,1545.0,730.0,0.8650684931506849,False,val,1691.3706728923523,621.1233782437912,124.53324013381123,6.447531984074323,-78.7349815982247,45.112060396994934,156.5475681172642,13.255399193252822,-81.02994082272923,22.986517620934258,52.936486440801026,11.314235073667897,1.0588113156326613,-0.0019092059652659568,False,2
44,44_196,3090,5200,1545.0,2600.0,1055.0,0.804739336492891,False,val,2.94341875347332,40.299575397494074,0.012719191710677794,0.23714079895033638,-2.0157874545610706,0.28192629683027626,1.1117750700461324,0.27393844286072166,0.3898734107187703,0.295005721626031,-2.1866617491416536,1.9715376814788825,0.0013723482089991542,-3.606452692441633e-05,False,4
44,44_197,5200,5940,2600.0,2970.0,370.0,0.9310810810810811,False,val,1001.3624555745588,30.389329724418435,23.456706081041812,5.913617062952213,-6.10087024149362,1.0348247668170485,34.724494828133814,8.477002763327896,-12.861539078334117,3.1220285704046655,48.16897513376975,1.4148451810216303,0.019823211608895375,0.011737362310526847,False,4
44,44_198,5940,7130,2970.0,3565.0,595.0,0.3302521008403361,False,val,3989.3853594143943,118.71722130323612,33.498022636277334,23.607898459934763,-90.39246938963046,39.96646210690706,38.90147953753125,21.53814825561402,-56.175985831497606,25.88618199412909,111.29049430265573,31.086288061732837,0.04749839826472652,0.03740640395574291,False,3
44,44_199,7130,10350,3565.0,5175.0,1610.0,0.6562111801242236,False,val,507.10873658769435,106.68011897073012,0.005627302602598814,0.12966226080998658,-2.0366556345223548,0.8322707793267801,1.103298940009235,0.14158122617827804,-0.01703838558984389,0.2797634231115431,23.947401986211684,4.391071384853354,-0.0031485790015314684,-1.0465938963716592e-05,False,4
44,44_200,10350,12150,5175.0,6075.0,900.0,0.46166666666666667,False,val,5123.703758713979,296.81448860231654,3.7055e-320,0.0,-92.90512796756252,8.007355763088704,0.6512429980292396,0.244054415639216,-7.489134387790941,0.7308333740043247,129.7919237336469,1.230098638794944,0.37494802422861245,0.0,False,3
44,44_201,12150,14280,6075.0,7140.0,1065.0,0.42018779342723006,False,val,3836.657625969576,729.0686789856169,3.7055e-320,0.0,-54.85367051252243,11.782071219053064,1.1096666495116454,0.018842374363651947,-4.44002923767456,0.9469987707788486,126.48948807259804,22.42665867015643,-0.4388188318968632,0.0,False,3
44,44_202,14280,14820,7140.0,7410.0,270.0,0.8777777777777778,False,val,3990.064736790648,93.0754420065519,0.16225227637393883,2.009186830267083,-60.342029434932066,3.2960592688567036,1.276691706451254,2.325961456601556,-4.877754423917055,3.3085983742125853,131.19420377562673,2.191015765691761,0.1088031921963676,0.0017922693292566681,False,3
44,44_203,14820,17840,7410.0,8920.0,1510.0,0.2370860927152318,False,val,3996.253109287182,79.56467569234721,24.49567970165181,4.702200485400164,-75.20056727681572,4.140534999920609,30.532406969217707,5.518530133775191,-46.93185006428189,7.946044334712176,122.29931066493029,2.7759777775774044,-0.007359033209829036,-0.0018016293928772341,True,3
44,44_204,17840,22130,8920.0,11065.0,2145.0,0.8058275058275058,False,val,20.334521781693553,115.61607772708979,1.6936176172227135,9.437282875821777,-2.488697349270619,2.783450971312841,3.4444181902509117,13.053550032408799,2.7042006974302057,3.77171800232282,0.10902126242044566,5.64100142095612,0.023724312367022674,0.002296056102228895,False,4
44,44_205,22130,23290,11065.0,11645.0,580.0,0.0,False,val,1501.4348236952294,22.190506600020633,124.79733123670775,2.4815411520066935,-58.79461037708471,1.498219269379447,161.50631791269976,2.9307830775005494,-75.83441444871093,1.5584818484862384,58.95452119108759,0.9351811061371303,0.007770113586333349,0.0009054023222896542,True,2
44,44_206,23290,24270,11645.0,12135.0,490.0,0.889795918367347,False,val,1999.7765042861024,2.6099789806065403,75.1859409212332,2.0911041352811064,-28.817214562723834,1.2494578635876492,102.79612689034747,2.4944850482167773,-68.73886077461783,1.253521881301777,87.40444616273922,0.5220281066656794,0.001254915631779322,-0.0010973369435005403,False,2
44,44_207,24270,25080,12135.0,12540.0,405.0,0.9950617283950617,False,val,2497.3909265707985,28.681239312738587,100.01652093117562,1.6494392481722506,-75.31756641428514,3.8759729560815566,123.37372345917062,1.315615713256156,-100.34048701543753,1.669471935291509,84.89879473210449,1.3515762250321623,0.019025067008032557,0.00115550496121706,False,2
44,44_208,25080,26341,12540.0,13170.5,630.5,0.9579698651863601,False,val,1005.4789870244239,70.85355819496951,198.55156926942698,6.572970853828447,-121.78812643436919,5.105605122386151,240.84039555244755,7.409145418704571,-69.61240462257274,2.5843197368897584,30.684741055536247,2.029242644109536,-0.025960245244056632,0.006559677564018305,False,2
45,45_209,0,410,0.0,205.0,205.0,0.0024390243902439024,False,test,1549.5121028380042,356.5883122491998,46.27639793905786,12.134239003519482,-14.40947692436196,3.6599803390633747,65.63373348220058,16.770696193040827,-36.55310238098373,11.508622455550265,72.6507636918359,16.071478623590007,2.368399955777306,0.05386929677547565,True,2
45,45_210,410,790,205.0,395.0,190.0,0.039473684210526314,False,test,1978.8944125674236,129.01179661107602,198.7185816954313,8.407624756610053,-175.4400323745583,15.11457456489285,221.29679950633604,7.479725322814343,-125.10340612772565,8.405142060731526,34.62840135443272,4.593166604830638,-0.3253465287333961,0.013857166447430569,True,0
45,45_211,790,1440,395.0,720.0,325.0,0.0015384615384615385,False,test,507.8391395175887,57.196765713636125,25.867124103677934,8.106191709063252,-6.852913234238866,4.620140716943506,38.010042445885894,9.966740937497265,-7.315188089808308,3.674647061494036,25.287900472243066,2.0991697455719605,-0.06779619943172466,-0.007918313216286872,True,4
45,45_212,1440,1790,720.0,895.0,175.0,0.014285714285714285,False,test,1983.2533125327734,109.7472526160977,48.96312910517108,7.9743721582073634,-15.238748168323639,3.7784329117723083,69.31320308336477,10.314765974635772,-47.05960800466718,7.112847014710564,90.68657536987169,4.786366729035292,0.28089697071145725,0.03541947658127866,True,2
45,45_213,1790,2910,895.0,1455.0,560.0,0.05357142857142857,False,test,1999.9839951530294,0.025682944206378826,149.7454127002777,4.089271143471566,-79.38287934204696,2.8582851273130916,187.52202170305068,4.669822369091936,-111.66808520205421,2.4388300772003855,69.14010496729833,1.005550737793226,-1.3356932789553798e-05,-0.001379660479989591,True,2
45,45_214,2910,3860,1455.0,1930.0,475.0,0.11052631578947368,False,test,837.7624597377379,439.5664585500984,50.057101120364,0.7133016839762211,-15.526315715914569,0.43154743572914966,70.85593717298337,0.8551239969393728,-20.81665143403782,10.709210255222493,39.12322738833214,19.21367501369495,0.18041569712733987,-0.0003583402825317348,True,4
45,45_215,3860,4610,1930.0,2305.0,375.0,0.10666666666666667,False,test,1716.494968863978,252.16519092499425,50.000000000096584,7.110169051393734e-15,-15.49653608419638,0.005535951672131538,70.79419085568598,0.010152916075840759,-41.99215579430159,5.9998753790898975,77.1659824669017,10.94287822182473,1.0066094998010273,-1.1515815565805896e-16,True,2
45,45_216,4610,5420,2305.0,2710.0,405.0,0.06419753086419754,False,test,2678.1693788139896,241.0872209152253,50.00000000009659,0.0,-26.363235180254946,14.839013569500784,68.65518157786892,2.6205754120449916,-62.950588896546805,3.361202467104338,111.88731016309406,0.784148504371046,0.8585231001345881,2.564878940703101e-17,True,2
45,45_217,5420,7590,2710.0,3795.0,1085.0,0.15622119815668203,False,test,3659.8629970543707,234.2911442764358,50.00000000009658,1.4214130237825935e-14,-82.22628148378821,10.614140881730597,60.23205090572847,1.3664127771961532,-78.37391450783429,3.6306745416787747,105.22874260011402,2.933598168874856,0.3025195734416391,-3.897277581709954e-18,True,0
45,45_218,7590,8470,3795.0,4235.0,440.0,0.2636363636363636,False,test,4590.482814273592,208.88905395270797,50.00000000009659,0.0,-119.00421174937632,7.261547770147983,55.653585443406236,0.7976645794539171,-92.32682217049467,3.05543749342927,92.53241559858775,3.3648052250491203,0.47901586930556395,3.0197925519120174e-17,True,0
45,45_219,8470,12940,4235.0,6470.0,2235.0,0.18322147651006712,False,test,942.8932141012566,177.39644041020298,0.15636338330023924,2.5371205432563273,-2.0651453266486253,1.2239275211770355,1.3114228106287527,3.461897902140043,-0.9544056595646366,2.7205417210306764,44.77884480626856,8.17064022049465,-0.058466979605549446,-0.00015504761667784,True,4
45,45_220,12940,15130,6470.0,7565.0,1095.0,0.023744292237442923,False,test,1499.383457007429,12.976108290169257,49.98136418982048,0.3539932176072921,-15.490308531452666,0.10537178009622077,70.76937295217657,0.4890341141588666,-37.62998823126479,0.43378132813154757,69.1582262975853,0.6016074764608138,-0.0012287462964549137,5.091584973514354e-05,True,2
45,45_221,15130,15810,7565.0,7905.0,340.0,0.11323529411764706,False,test,500.46513092177327,29.112897404794182,25.030270639646176,1.6348436764561103,-6.396946389954014,0.47551847092376853,36.97128195584362,2.2748723316171575,-7.080873377657508,0.9217078576189367,24.9998340124936,1.335152281401806,-0.03325406514216045,-0.001725409893283671,True,4
45,45_222,15810,17142,7905.0,8571.0,666.0,0.09534534534534535,False,test,0.3334300942158579,4.934744057784096,0.01204956796467543,0.17837086738462282,-2.002639826371942,0.030200029267797076,1.1143975969440358,0.2560664578687393,2.0074549489231424,0.06453473888734539,1.0806693382336636,0.24243128499267685,-0.0014948475462694683,-5.4030611497362514e-05,True,4
46,46_223,0,700,0.0,350.0,350.0,0.9771428571428571,True,train,3863.964833111675,1217.5061613142857,54.77773525327133,52.27693868883957,-109.48858813034819,60.67795927927202,61.921289899091185,57.63312735762983,-71.60153313177753,60.540730151264576,80.2668494988348,33.21290992038859,-5.183930657930425,0.03933641417696719,False,5
46,46_224,700,1610,350.0,805.0,455.0,0.3802197802197802,True,train,1704.5376512083922,1019.9129023624753,-83.76329909357689,28.786534806291076,-47.9169722905206,37.6022930122388,-106.56591880434688,33.80882257570037,55.73948151405406,34.15669048338419,51.51356523456269,26.77086604628878,2.813098024382264,-0.032974281745121375,False,1
46,46_225,1610,1930,805.0,965.0,160.0,0.0,True,train,2794.104993469292,346.00892112581954,-98.05140572578735,37.839612996792845,-83.41361443207275,51.36199166900655,-116.38781019178592,42.21280473951543,97.90329839178055,32.63037191184389,72.51234685255,25.816620933335045,-2.4614694629859653,0.26587988147637254,True,1
46,46_226,1930,2180,965.0,1090.0,125.0,0.0,True,train,2293.2489657477745,355.9766448859486,71.08727131585273,42.24543342366598,-45.88603447599014,48.20758848250615,90.80597384181716,48.76626452440953,-70.94368526798591,36.54256985520546,84.90396244039148,22.3425421378461,-3.616790594956911,-0.21027400213748285,True,5
47,47_227,0,700,0.0,350.0,350.0,0.6828571428571428,True,train,3828.3415352396287,1247.461682957481,54.65486872666455,52.212980551699765,-111.20964853275738,60.63348216745915,61.69220752011072,57.439375002383414,-70.6848364545428,60.536077283091316,80.89131076151845,33.18538734667994,-4.8875662779318585,0.04017754226469279,False,5
47,47_228,700,1610,350.0,805.0,455.0,0.7912087912087912,True,train,1704.6788635612215,1020.046638086538,-83.76329904204668,28.78653502440384,-49.245831241573455,39.46539719949265,-106.33535304181588,33.790474401319685,56.179918844871274,34.09482053311698,52.61632821826678,26.826384034176883,2.8146503575368698,-0.03297428182685081,False,1
47,47_229,1610,1930,805.0,965.0,160.0,0.746875,True,train,2793.8594012363565,345.9779481871094,-98.0514055607786,37.83961307927006,-87.62496355745017,52.818224522423016,-115.49129140021628,41.82896398092362,97.99806562324929,32.583685949800206,73.39129051243087,26.71025086480167,-2.4608247822687876,0.26587988120569894,False,1
47,47_230,1930,2176,965.0,1088.0,123.0,0.8333333333333334,True,train,2303.859994358493,348.42917137625267,72.50678991608743,41.05848985877043,-48.01061373175514,49.02935633923581,92.34377730325691,46.791567076214015,-72.3228638542099,35.20808716947635,87.01983370044069,22.590149020724702,-3.5290493984654057,-0.18538240765675734,False,5
48,48_231,0,450,0.0,225.0,225.0,0.12444444444444444,True,train,4730.319951916104,516.281443468669,-10.161230437039116,10.255389630520066,-89.58983980600806,11.246955137242118,-10.945242739901463,11.861150503315887,12.111437209677165,18.923399729582588,127.59545680355653,11.949102920377625,-0.4901947760407222,-0.04171605075420298,True,3
48,48_232,450,910,225.0,455.0,230.0,0.9108695652173913,True,train,4410.221100362665,213.4989476207747,-38.989951094494174,14.412365853207243,-95.11184821625588,15.295450718862067,-43.60503464856453,15.979745526630511,60.1667740610009,23.242932768956372,113.82948237872459,10.250190193171434,-0.35553426633701607,-0.0184312228268903,False,3
48,48_233,910,1800,455.0,900.0,445.0,0.4842696629213483,True,train,4765.129053221146,137.91898084851863,-65.17801181571969,13.026862118795046,-134.62456775876564,19.890212525575162,-70.33889885284295,13.009398173366112,99.83866424486519,15.596412529712907,81.2133035507439,19.540296288876647,-0.2240002209610179,0.012339578967330582,False,3
48,48_234,1800,2290,900.0,1145.0,245.0,0.6265306122448979,True,train,3892.7840478563216,206.71527660786046,-15.587670499221506,13.857973035798105,-61.60780786539678,11.714575248249773,-17.72877460410514,16.481090429850898,21.49212153041039,22.543163967074324,127.48125839903538,5.63200475236263,0.27024112414790524,0.05319841366998601,False,3
48,48_235,2290,2760,1145.0,1380.0,235.0,0.5170212765957447,True,train,3520.58719362503,356.1418107290566,3.225378646354299,13.63116647053635,-43.75375066497188,14.590113086702049,5.5377040525795715,17.490673823162513,-7.9181214227627565,20.66279343848106,129.6066775495079,2.127763338317539,-2.298200495397879,0.056157119942241734,False,3
48,48_236,2760,3250,1380.0,1625.0,245.0,0.07755102040816327,True,train,3181.8625114338565,134.30535339786184,-28.16999362799234,9.889180778384208,-33.28619208211884,11.275979396379505,-35.60726255167084,12.362910784745651,39.18638828591214,13.881517391377887,124.61195617655505,4.339504096897218,0.2808166914409722,-0.029544304294667458,True,3
48,48_237,3250,3630,1625.0,1815.0,190.0,0.15526315789473685,True,train,3513.9161789738832,178.87149884056444,-64.47654533812712,13.338364858902906,-83.76444275374402,20.143012471778437,-75.47057628432047,13.959581609445152,84.36369355713417,14.696367730162992,98.8780561454205,12.323519860934107,-0.36943006075365425,0.07894113506138303,True,3
48,48_238,3630,4030,1815.0,2015.0,200.0,0.4,True,train,3112.7248665851216,287.4474837344051,-84.9189084615462,10.474845444974266,-83.45223820967196,16.36876809259773,-101.10956944284506,12.653056213475537,98.04925019063776,7.085297155514669,87.02695598039146,7.618617713089243,-2.0726568817281428,-0.05695864858917399,False,3
48,48_239,4030,4970,2015.0,2485.0,470.0,0.3819148936170213,True,train,2589.023607789378,359.21398066016434,-125.33656916167459,25.613448404927308,-96.11729273527504,28.124748380392784,-149.10930504396023,29.446922217051526,112.65420131335442,7.729169221682331,64.71550921959518,12.95431335730253,-0.8267039150583656,-0.03248066317845026,False,3
48,48_240,4970,5460,2485.0,2730.0,245.0,0.3,True,train,686.9662571319203,473.5778712872485,-154.32740717529262,18.295775742010623,-76.62682883455959,19.217420124444196,-192.0672986800591,18.97480792830271,37.86869432293955,30.18273155411037,14.899088443440595,10.339873802289226,-2.076065047150205,0.11661058301654843,False,4
48,48_241,5460,5860,2730.0,2930.0,200.0,0.8075,True,train,1175.9360225765515,243.59583870156362,-99.93657125404943,16.97549633890249,-40.74684639815112,9.492444955734447,-130.198297646165,20.279159200910712,46.95703431976442,7.886223577681469,41.56725438403708,11.295148545330342,1.602808826026152,0.1143182055623408,False,4
48,48_242,5860,6390,2930.0,3195.0,265.0,0.37169811320754714,True,train,2131.802585836755,230.45988584306022,-108.33779647802947,13.264946629446223,-50.075815131401015,14.240468900163876,-138.98866464956745,15.137618735063164,92.35995318877812,13.579485046189836,73.02858696662665,4.50887975592078,1.1266058182929524,-0.0573043605875025,False,3
48,48_243,6390,6680,3195.0,3340.0,145.0,0.7793103448275862,True,train,3349.7150053012106,352.02185243308986,-95.73786821479483,18.50656613356942,-114.3764114271981,11.53439669233081,-108.6648602537063,20.95129862107597,108.47672039363081,8.806510198551289,72.57658127298365,12.6253633548146,4.050212681189819,0.20866885708742938,False,3
48,48_244,6680,7470,3340.0,3735.0,395.0,0.4620253164556962,True,train,3786.152321709653,182.90726832775627,-56.872761487990346,15.65320745949779,-88.10650670143184,21.272427757698388,-65.59478291085078,16.43983360462262,78.63353950870712,17.833337371137034,102.47426854782555,15.780395772888001,0.3341250557411738,-0.002337535017977571,False,3
48,48_245,7470,7710,3735.0,3855.0,120.0,0.4166666666666667,True,train,4104.363240444171,154.1748053604728,-36.08805214153194,11.3541941837113,-80.94427798042283,11.007883555816914,-41.42974408392107,12.895231038201795,54.17404326320858,17.432799095629385,118.09192098023938,7.658323418784523,0.7076610418769229,-0.1425983923079673,False,3
48,48_246,7710,7980,3855.0,3990.0,135.0,0.4703703703703704,True,train,3969.8534299460284,150.03950237963718,-63.4639617387522,13.473518223529796,-103.57879373789324,18.348163257007904,-71.56606689727062,14.217077449294026,88.74990713942884,17.247629270601664,94.37975530165231,13.062356038774196,-1.6596450604217208,0.11103821900934939,False,3
48,48_247,7980,8630,3990.0,4315.0,325.0,0.4846153846153846,True,train,2979.756021587045,462.28160475850143,36.67722416718976,25.534388125618882,-37.68267442739874,21.013081744957777,49.143929916722065,32.958432371965564,-48.43406982330799,28.162666424135416,116.28655301872122,11.64248555827461,-2.3290127761947517,0.09514832595001395,False,3
48,48_248,8630,9130,4315.0,4565.0,250.0,0.6,True,train,2677.770212079697,255.70614373636468,92.92346886143079,22.957233608771176,-80.342828909335,21.091774494719882,113.1819050738402,26.560018885756733,-97.48715829835655,15.371673926688263,85.64235027901918,14.315090390268956,0.42229677805526894,-0.1086559746423422,False,2
48,48_249,9130,9620,4565.0,4810.0,245.0,0.41836734693877553,True,train,3805.3181546584988,372.3609872215821,-9.751256422131178,20.353166416932535,-59.91371052188011,16.335745069566634,-10.25005338821796,24.921500401563808,11.920202605674222,32.45875096008187,126.73404143887507,3.778298565334484,2.4587628316992496,-0.11281386488193142,False,3
48,48_250,9620,10110,4810.0,5055.0,245.0,0.06938775510204082,True,train,4810.215193925386,127.68541447010617,-1.3044962639591131,17.020856136912016,-93.10099526654804,6.660414503706767,-0.7052038661774782,19.447447743859424,-4.18872374470461,31.97697586337226,126.9538997714036,6.146778239251585,0.1683416763627708,0.07581392775257409,True,3
48,48_251,10110,10740,5055.0,5370.0,315.0,0.4857142857142857,True,train,4663.818551053701,224.05212794987597,62.75585751353203,16.34952184537567,-153.51075474153285,32.51440177015843,65.7004351301374,13.947750041140619,-106.89349895602014,18.411899395411478,66.47860236142166,29.857200915505736,0.025828526366610732,0.03410470958953434,False,0
48,48_252,10740,11040,5370.0,5520.0,150.0,0.9466666666666667,True,train,5746.6173623626,117.39546693835959,-11.911288675596436,10.732234797417528,-110.25167790385929,4.035627103788794,-13.050041254901798,11.95497843305939,16.91554387583731,22.87432066484272,125.26441486665097,3.9943275985410183,-0.7234579922103535,-0.04665517567446979,False,3
48,48_253,11040,11280,5520.0,5640.0,120.0,0.9666666666666667,True,train,5061.746671362992,220.01211009249784,55.153679187458266,11.385090368154183,-150.97245036876168,18.124383718008485,58.50991805625673,11.241989654542731,-105.26478198273348,14.164782223639339,72.07031285376999,20.110643680721562,-2.7506473384264143,0.1280721792621168,False,0
48,48_254,11280,11560,5640.0,5780.0,140.0,0.9892857142857143,True,train,5096.866776908126,113.03457458914998,38.13991552256123,10.888409932942638,-122.82914771751634,12.990126087630358,42.00511554003521,10.91016076596292,-79.98681644350322,17.06076488606673,100.5008173640029,14.271049514106476,-0.9733516800822746,0.060725880209537474,False,3
48,48_255,11560,12210,5780.0,6105.0,325.0,0.9061538461538462,True,train,4419.684047103675,178.7150004820303,79.08723837783647,10.337288504430948,-179.90752138093066,25.780983966864483,81.25196590021771,8.03518679460344,-123.038885053803,9.282298919809296,37.31594363568571,22.20066406218169,-0.5337542503300156,0.0016963735070817739,False,0
48,48_256,12210,12550,6105.0,6275.0,170.0,0.9176470588235294,True,train,4424.349593495198,129.31085415106566,46.060981436583795,7.946336437941826,-110.70262292688749,12.720262737206946,52.15362986081329,7.837515994121396,-85.42610207778544,11.760002651085124,97.88043114069545,10.578425196674852,-1.0755284555964646,-0.019700513202861165,False,3
48,48_257,12550,12950,6275.0,6475.0,200.0,0.67,True,train,4534.975365541664,246.42106581173732,-16.47498274724619,22.25653272982168,-86.2277051166081,8.822948780188513,-17.91307559464466,26.000573518056367,22.93598331573593,40.253730919563665,122.66040618840556,5.939420584753874,-0.0239301277425414,-0.17606012450007993,False,3
48,48_258,12950,13190,6475.0,6595.0,120.0,1.0,True,train,3574.507207985838,274.11627890581434,-22.259299076534663,10.905676357123253,-48.72971595079131,11.185069392076864,-26.983725596357367,14.01290200957793,31.423579190523704,16.32198171846747,126.57554825201161,4.060654106588617,-3.7494780662611134,-0.06626010165329929,False,3
48,48_259,13190,13530,6595.0,6765.0,170.0,0.9558823529411765,True,train,3255.8612891541766,155.60361401748642,-14.777448015157399,6.532340284173588,-30.656282507536233,9.28213064188203,-18.162105746243274,8.559049495931788,19.87979284216004,10.060562682489524,129.67108836568633,1.7361570544186684,-0.20540979608568766,-0.003698555461632341,False,3
48,48_260,13530,14010,6765.0,7005.0,240.0,0.9666666666666667,True,train,2425.7345338917876,429.450350263068,-50.75548529319802,11.332169877191141,-20.005713739609494,13.737780854713536,-67.9447419096734,14.012304935081032,56.92812485241718,14.074645793509166,99.9379941459273,16.071156456639144,-2.990236975252627,0.009999862523717026,False,3
48,48_261,14010,14440,7005.0,7220.0,215.0,0.7534883720930232,True,train,1234.9327263562723,170.019321237563,-17.85946459708242,10.147000956587389,-4.278874144789709,1.9651806915145258,-24.04674292978208,14.269455528567624,11.3539899372719,7.358951033457578,55.55769634122683,7.500842851350726,-0.8954796083852066,0.045048266084246794,False,4
48,48_262,14440,14870,7220.0,7435.0,215.0,0.9232558139534883,True,train,788.3674728698928,123.58120774133275,-12.588505139634222,12.245621988558236,-3.8081148883875726,1.9408728418538104,-16.576403748345253,17.287474613221914,4.669356978858715,5.423825165055085,35.72856328577526,5.8975460831289155,-0.41582596442686914,0.04310208712943648,False,4
48,48_263,14870,15270,7435.0,7635.0,200.0,0.8025,True,train,747.4489881721311,151.57263460934013,47.65344919490255,21.67372424539494,-15.943997557747862,9.805406291391051,66.90186029232812,28.4086442342941,-18.329632744822906,10.144418656848089,35.1590373916298,5.921521257889748,0.6931183117023211,0.17311264307141022,False,4
48,48_264,15270,15960,7635.0,7980.0,345.0,0.8463768115942029,True,train,749.3035689560852,143.5858792063242,10.706933520939577,11.10696562970694,-3.8644722912826177,2.199815932532123,16.564647657798137,15.755310453065515,-5.293485910049527,5.247650260115292,36.016360988656906,6.676247984312359,-0.06040103813098029,-0.0136923849472903,False,4
48,48_265,15960,16280,7980.0,8140.0,160.0,0.975,True,train,506.400806453086,170.0797329361388,-2.349051221987381,13.517493162449771,-3.2730460952892586,0.7214536010883087,-2.0085297622084575,19.339041231468176,0.8659074270178231,4.180673848061899,23.592355322762465,7.300252651666625,0.5783410605823213,0.048837855083303364,False,4
48,48_266,16280,16540,8140.0,8270.0,130.0,0.6384615384615384,True,train,881.9456930773688,194.73186380561947,48.27715153205707,11.224753273775645,-15.155402705959057,4.910673705073602,68.29459280894106,14.789134100579306,-21.3309333025742,6.605015141061403,41.57222500566299,8.646316205977906,2.353898954802281,-0.0047736513962496644,False,4
48,48_267,16540,16820,8270.0,8410.0,140.0,0.8428571428571429,True,train,1797.2871640343499,154.40619390360874,71.16505644556621,14.275102108459388,-27.299059578581513,8.330489456373577,97.34531565452505,17.71857585804907,-58.77039590719566,11.162180355010282,78.49483407508227,6.736130614327306,1.5192982078726114,-0.04396444695460917,False,2
48,48_268,16820,17240,8410.0,8620.0,210.0,0.969047619047619,True,train,2050.001012552484,166.31810151405656,109.91101060692674,13.880184388170246,-52.736141670558574,12.790612958448875,142.84121395896096,15.562965254621522,-92.47635630730933,9.890705277444056,79.86334794305264,6.830109172322466,-0.17852065963689903,0.0304914148161964,False,2
48,48_269,17240,17520,8620.0,8760.0,140.0,0.9678571428571429,True,train,2088.3370619732514,278.2678005327673,86.2271248945654,10.00087411486766,-39.55100248007303,9.239280882668064,114.89147347525063,12.196674910324166,-78.15934004093366,8.655388292245926,85.63646371649617,10.073019776712094,-3.239465592267107,0.06027533451007555,False,2
48,48_270,17520,17970,8760.0,8985.0,225.0,0.5088888888888888,True,train,1237.9953158509752,164.69981379029926,159.40503519288472,19.57604048910935,-86.54247599997653,15.351861319288517,199.10141547206234,21.465775183850006,-73.37998120427507,8.535676662249758,43.30102971172885,7.187663872582358,-0.7374692312675635,0.13292295970307683,False,2
48,48_271,17970,18280,8985.0,9140.0,155.0,0.9741935483870968,True,train,978.8744410074597,338.38139806731465,201.32865671034168,9.244691276788583,-124.11766786769871,8.538681426017277,243.99016698054368,10.48137667608653,-68.26461802135557,22.25534668509254,29.460501679246402,8.025962632898668,2.8822357330526227,0.009601992446590081,False,2
48,48_272,18280,18550,9140.0,9275.0,135.0,0.3814814814814815,True,train,1729.6580807079315,117.31086258105353,193.46679727849988,8.635308487966245,-124.23138685875685,22.47967775650127,232.39580421703823,7.7337748349408955,-114.68533405402577,7.163135277598535,46.42212186060103,6.4357972181929295,0.201141025902222,-0.05015951539538393,False,2
48,48_273,18550,19210,9275.0,9605.0,330.0,0.7636363636363637,True,train,1947.4789355978432,266.48778269349793,157.9202882777217,17.97774814005039,-102.92421246836783,25.946699947228375,191.46830811053664,21.93384922459032,-111.15381761646091,10.796344436912786,56.82846880760036,8.676191022433313,-1.0094541942636783,0.056535978475196806,False,2
48,48_274,19210,19480,9605.0,9740.0,135.0,0.6962962962962963,True,train,1670.62492417102,152.49085581760357,146.1499710556505,7.056471473444857,-75.72856230884113,6.584268390928246,184.65889533273062,7.262999713391233,-94.24315574335029,8.51384654898202,58.70002992285171,5.55290271655361,-1.4829508714210462,-0.01756575146024058,False,2
48,48_275,19480,20050,9740.0,10025.0,285.0,0.9649122807017544,True,train,844.4616468801883,162.29209579239097,129.66189880591145,17.57867782542861,-63.35375612669341,12.39957859182442,166.48022093707633,19.844356912135137,-44.6546719374909,9.092515516614222,33.678517761269035,5.937711382924467,0.10051720284957491,-0.04537267420554398,False,2
48,48_276,20050,20400,10025.0,10200.0,175.0,0.8485714285714285,True,train,807.2871518843293,464.98910041939985,211.14663568563347,24.41412083655587,-131.81013242069454,21.97189637630495,256.09073751470544,27.589795762108352,-56.99177652280854,28.250876976082697,25.868841944381458,12.484506634146246,-4.114145568324499,0.22372623247331205,False,2
48,48_277,20400,20700,10200.0,10350.0,150.0,0.9333333333333333,True,train,314.89980503029653,196.26537696779198,158.3148963451436,23.748598089389425,-85.6416829122791,19.656217701315935,198.01835855246355,25.747767004273616,-19.982817592531568,10.030701211287187,15.40172741764129,6.389617179094448,1.8660603187896472,-0.24009633237425418,False,2
48,48_278,20700,21200,10350.0,10600.0,250.0,0.976,True,train,1628.0407233762955,519.7209550930129,105.74899306839187,14.643356193638104,-53.61886416771577,16.676232209523775,137.229936209256,17.213790212145692,-71.55696460825962,21.153732406000596,61.873312029246314,15.648247754317158,3.3556703095764076,-0.03341208846949255,False,2
48,48_279,21200,21530,10600.0,10765.0,165.0,0.3575757575757576,True,train,1572.741765672015,249.14536835192908,76.53852047049158,12.744955572229607,-30.231383771086637,7.478206127412515,104.07502289945845,15.68890199114046,-54.68510942634972,7.0505544619089315,67.63453916566601,11.69220994840531,-1.6686987662172583,0.005940213906149775,False,2
48,48_280,21530,21983,10765.0,10991.5,226.5,1.0,True,train,1340.407084688497,87.66165756231226,30.27976391898628,3.779311712709825,-8.005366870141733,1.433051970352176,44.2500946280683,5.083245203560084,-22.140474451227274,3.475300384061432,62.64052818210097,3.8162883575983586,-0.31368879929756355,-0.008351207982083534,False,4
49,49_281,0,290,0.0,145.0,145.0,0.020689655172413793,True,train,4832.026707939917,768.8999447347175,-22.402832229399614,6.791033341555698,-97.25050435076993,17.38766413165915,-24.919031148325452,7.691180532586233,33.89985869409267,11.93549576177327,123.36345523366263,14.239772980093955,7.183993838883315,0.03174651605483477,True,3
49,49_282,290,640,145.0,320.0,175.0,0.1742857142857143,True,train,5477.780539608234,150.58697134628545,-25.35595435124905,11.77266417800449,-113.81584767704776,8.350270173794367,-27.46285762595306,12.678108183794023,42.1669671504098,22.399329285080853,121.05231661758076,7.676820932494045,-0.42806812356845964,0.09513245502955729,True,3
49,49_283,640,1290,320.0,645.0,325.0,0.07230769230769231,True,train,5386.588627310726,258.8198809954984,25.15868989989337,14.498376056032656,-119.64844431843754,13.925424229452005,27.986804278668714,14.969488037997907,-57.55252482091865,24.786251238341645,112.84222770742831,15.67342493532443,-0.9618745105064878,0.013662961360312205,True,3
49,49_284,1290,1680,645.0,840.0,195.0,0.0,True,train,5133.515925638755,172.25989027855545,-0.3328432205311518,14.503301269934353,-99.70324110224021,7.145398814285931,0.2968388231037772,16.3699986089508,-7.094453311143984,29.0404881899461,127.05920542003167,5.210835935145215,-1.1083588704615028,-0.00236920797364229,True,3
49,49_285,1680,2360,840.0,1180.0,340.0,0.045588235294117645,True,train,4931.009079532855,224.14769845117993,-39.90050984834883,8.293830186516606,-108.28814519997665,9.471220260422797,-43.90269228498329,8.897496884593112,65.80820821671966,13.34613827836165,112.24786255633897,7.960523103060074,0.02153152202306307,-0.009249966649749818,True,3
49,49_286,2360,2630,1180.0,1315.0,135.0,0.18518518518518517,True,train,4443.79944398133,105.23878633225088,-12.110337362493068,8.779655988103313,-79.54406313066013,3.0589693222814476,-13.227379982198714,10.345048578221483,16.037286496460702,15.845486036807417,129.34258014864793,1.7642505525762158,-0.7045135051939,-0.0499831803734606,True,3
49,49_287,2630,2990,1315.0,1495.0,180.0,0.10277777777777777,True,train,3740.19341694184,432.9530553117415,-57.711271703968144,18.190385195796285,-84.96153532715783,9.387154497745433,-67.41657350730792,22.167622020887606,77.30772024668478,16.888242476571325,104.06302445026664,12.145799607212906,-3.3965320891234727,-0.16539713386423205,True,3
49,49_288,2990,3670,1495.0,1835.0,340.0,0.22058823529411764,True,train,2979.0460943976163,240.59503569123882,-134.40025156706503,13.021788453917992,-155.1369732594513,20.50109378311199,-147.38141602764102,14.225030263254617,124.69879437429434,3.573455639477823,39.468081609010945,10.93483696507127,-0.3258868490306217,-0.005458080325453827,True,3
49,49_289,3670,3920,1835.0,1960.0,125.0,0.208,True,train,3183.2327112067956,218.6373794877337,-133.37250308719373,8.033478986109369,-175.55096185930213,21.589876505205815,-142.62946827184686,8.557801532793496,127.36907985387087,2.6907413014845485,27.75878393919425,12.774237895823491,-2.5700348921698137,-0.04024439200826678,True,3
49,49_290,3920,4600,1960.0,2300.0,340.0,0.14852941176470588,True,train,3155.6931990901116,423.257085160945,-80.39045908536161,25.964901203544265,-78.22842265179504,19.821903897164297,-96.49844801177571,31.961977264431237,92.2660727026483,17.194110555299694,90.4462706565074,16.78027672735676,-1.5662543825146464,-0.03941707949493015,True,3
49,49_291,4600,5330,2300.0,2665.0,365.0,0.19863013698630136,True,train,2224.7136522763353,107.25089852944839,-170.60226859801662,17.031747873709804,-123.61247714578106,29.36373639339218,-198.3342352370876,15.793577799701342,123.55470068934893,4.74628573472691,42.8897421776442,12.391058204747104,0.06601275957692267,-0.004198705899257416,True,3
49,49_292,5330,5700,2665.0,2850.0,185.0,0.23513513513513515,True,train,2825.819008088572,267.4993821735002,-96.11424260022356,19.713395217691218,-75.63745590636906,12.09597252451817,-116.64409143439946,23.751871939804527,101.4830722297086,9.709863208317705,82.32461170877484,11.114014897979123,2.2950876517138616,0.14045473688060633,True,3
49,49_293,5700,6180,2850.0,3090.0,240.0,0.24583333333333332,True,train,2825.240051175504,169.45618035886667,-120.66858668448347,15.278502884757804,-117.36163683125359,36.76508698077431,-138.3415576961475,12.224560314345005,116.32295215089735,8.128518312284259,57.54191231591201,18.980103333203477,-0.7678899109780544,0.051456364204757715,True,3
49,49_294,6180,6650,3090.0,3325.0,235.0,0.28297872340425534,True,train,2375.490282622715,150.66553110281237,-97.22464321813877,22.605012208358463,-46.224507316270646,21.09028791143298,-124.81909038116432,25.984851200255683,93.74233953269048,15.067893809188533,83.35293558634461,10.874409249802095,-0.1084360192720626,0.08655361162765113,True,3
49,49_295,6650,6970,3325.0,3485.0,160.0,0.409375,True,train,1529.1010820479405,212.86003979535627,-20.968547078738332,15.452618082006008,-5.577330234521708,3.5068292872672338,-28.26665288863928,21.556428751881207,16.801348869768145,14.127911386856885,68.0214817762625,8.266197039380154,-2.0045128366231744,0.11895650865847535,False,4
49,49_296,6970,7550,3485.0,3775.0,290.0,0.4724137931034483,True,train,605.1028886323796,254.85407168271635,61.006926161741646,24.036277499884108,-22.95608486188387,11.83403364225724,83.95888150233664,31.033587338864145,-15.91388032377832,5.246591846507136,28.868960734066913,11.494274826782824,-1.1595025880179584,0.127618379386242,False,2
49,49_297,7550,7890,3775.0,3945.0,170.0,0.31176470588235294,True,train,973.168572226265,161.14558496561455,78.86355740930065,10.931617539506007,-31.720252402212264,6.6739049572613505,106.92236699273556,13.344427551477368,-35.596973903840265,8.574631798257935,42.79517103527939,5.997783552351035,1.1768270170457402,0.026131132843604892,False,2
49,49_298,7890,8400,3945.0,4200.0,255.0,0.16862745098039217,True,train,1387.505076693856,274.9749029586489,105.13508999984235,11.17237216969566,-46.45618078618112,6.698183168227593,138.65389724033247,13.18171245293375,-61.940549987542944,12.13590396284011,56.620229607920635,10.88899734842726,-1.4075735049848654,0.03559963850413037,True,2
49,49_299,8400,8890,4200.0,4445.0,245.0,0.08571428571428572,True,train,1686.3163395101333,173.2356123744316,135.2122393443663,15.148365992229143,-66.98153782400854,11.789384578876758,172.78434194216987,16.551195079527304,-89.86624365442711,11.921262512284912,62.14994948226458,6.488604232312005,0.6322554887214209,-0.051096340553467005,True,2
49,49_300,8890,9470,4445.0,4735.0,290.0,0.027586206896551724,True,train,1787.6229871790833,362.4385170324659,164.94532550801748,11.001565518607983,-102.60990573050543,20.698656226024735,200.67709487849788,13.753159838078002,-106.00916137060513,18.616022905563874,53.52643837294238,10.587793669280632,-1.5967035831099734,0.027646457580606444,True,2
49,49_301,9470,10250,4735.0,5125.0,390.0,0.020512820512820513,True,train,807.8286303184037,189.16328575814293,198.04854138213247,16.769815414180886,-120.54341334766171,15.022720562875245,240.8639526007654,19.079445288165154,-56.65666783327542,12.670244406083036,25.64841301984377,5.016984349022183,-0.08711090685192975,-0.04951723235581632,True,2
49,49_302,10250,10816,5125.0,5408.0,283.0,0.045936395759717315,True,train,436.0224444297902,197.77424535552402,192.82208599859686,6.072299618482644,-116.12985723513147,6.092879573490221,234.7320422559148,6.408685258145864,-31.4653102113823,12.681873856404572,17.097353535218225,4.943818756486361,0.46610123149375066,-0.012374939296679682,True,2
50,50_303,0,290,0.0,145.0,145.0,0.0,True,train,4931.9789373896365,462.50647697310467,-22.181119526636614,7.042204493010258,-100.5961670578995,10.747458314455447,-24.49206264242969,7.931616451302274,34.19367334504847,11.759460904059004,125.61233936412286,3.315640952824427,5.16911470749341,0.02725587817943204,True,3
50,50_304,290,640,145.0,320.0,175.0,0.0,True,train,5477.797009933809,150.60583304153835,-25.355954377015472,11.772664125225687,-115.00557584030949,8.338588363410564,-27.42316862228921,12.657594794458392,42.39973501802481,22.404007453308797,121.03504886651719,7.698964681533144,-0.4285669069843116,0.09513245435402844,True,3
50,50_305,640,1290,320.0,645.0,325.0,0.018461538461538463,True,train,5386.598196295212,258.82172178463065,25.158689888034072,14.498376092856462,-120.71093393429558,13.82894233055979,27.930639014245227,14.957090727809492,-57.29905453805185,24.783535099110903,113.03830841419769,15.576792647991358,-0.9619146417478298,0.013662961730777289,True,3
50,50_306,1290,1680,645.0,840.0,195.0,0.0,True,train,5133.554959636315,172.2406193343255,-0.3328431310489417,14.503301290559577,-100.93653255653328,7.091451410692166,0.2748952459949788,16.331781071407,-6.849056860023413,29.003207328869845,127.11282741324099,5.15090408499385,-1.1081662055758896,-0.0023692083215986898,True,3
50,50_307,1680,2360,840.0,1180.0,340.0,0.0,True,train,4931.019199464762,224.1322963486522,-39.90050978045853,8.293830206215882,-109.5805531953005,9.486290212346248,-43.816291771293365,8.874417554421775,65.96961543084682,13.337523307407588,112.25226268148177,7.975277275133592,0.02174922264405567,-0.009249966741277631,True,3
50,50_308,2360,2630,1180.0,1315.0,135.0,0.0,True,train,4443.835814698842,105.21040716159202,-12.110337334257421,8.77965599062682,-80.82870762671834,3.06051746823951,-13.211501987113092,10.322077044981494,16.161771966872845,15.821376862868439,129.39992302344166,1.7640965777822721,-0.704126720837367,-0.0499831800135516,True,3
50,50_309,2630,2990,1315.0,1495.0,180.0,0.0,True,train,3740.2844540395554,432.9412428337821,-57.71127151060517,18.190385056131316,-86.28802601967507,9.402990614189452,-67.25041609476513,22.11216733115086,77.27342567714138,16.83818961177346,104.0953974998719,12.19497166613548,-3.3963704494533644,-0.16539713259621733,True,3
50,50_310,2990,3670,1495.0,1835.0,340.0,0.008823529411764706,True,train,2979.0348048553046,240.5840277287134,-134.40025156161596,13.02178840941118,-156.63754754101384,20.581561887554674,-147.11915843784095,14.200333591948182,124.71427084873139,3.5893873236366765,39.38240841675639,10.986065677758793,-0.32612530025778064,-0.00545808003199625,True,3
50,50_311,3670,3920,1835.0,1960.0,125.0,0.0,True,train,3183.256462431652,218.64641099480997,-133.37250308219268,8.033478974536484,-176.85548501741846,21.160514814824843,-142.27250546736397,8.614060122324064,127.37044340970124,2.6721643181154735,27.818851903941656,12.499987305547487,-2.570517084098435,-0.04024439044838232,True,3
50,50_312,3920,4600,1960.0,2300.0,340.0,0.023529411764705882,True,train,3155.736719225233,423.20903198124824,-80.3904589443893,25.96490119564316,-79.61820512360786,19.876053608032315,-96.25186916708638,31.895226283244575,92.25722261997382,17.20505202103977,90.49087935275256,16.77766991370417,-1.5658655716498115,-0.03941707974164655,True,3
50,50_313,4600,5330,2300.0,2665.0,365.0,0.0,True,train,2224.7117190468857,107.25128350431056,-170.60226831704864,17.031747915039862,-125.0424493198857,29.536791419329518,-197.91892632619076,15.778615073745067,123.55982184044312,4.74621145680042,42.94205126350232,12.4717215241109,0.06599218964537597,-0.0041987079208232626,True,3
50,50_314,5330,5700,2665.0,2850.0,185.0,0.0,True,train,2825.714681852929,267.49839211065574,-96.11424258832486,19.7133952478899,-77.02033491381215,12.07865438551081,-116.34325413024251,23.70891783551626,101.43084052467874,9.720779698529137,82.40492263656509,11.102902941374058,2.295077861905001,0.1404547374953153,True,3
50,50_315,5700,6180,2850.0,3090.0,240.0,0.0,True,train,2825.2850544772646,169.52302681463158,-120.66858668927195,15.27850285912776,-118.86182123991308,36.95407262516555,-138.04068153745257,12.220795343533648,116.29251756654276,8.140987755041271,57.52833061149057,19.103941252251282,-0.768320567788646,0.051456363315313315,True,3
50,50_316,6180,6650,3090.0,3325.0,235.0,0.027659574468085105,True,train,2375.5278093528946,150.69185622900224,-97.22464327730971,22.605012166114335,-46.6917746262721,21.618690316427045,-124.69609741583118,25.905008561154624,93.86047096958261,14.988469207749366,83.88079134413024,11.068671970241429,-0.1086241433014102,0.08655361108667978,True,3
50,50_317,6650,6970,3325.0,3485.0,160.0,0.03125,True,train,1529.211258647171,212.9469213604285,-20.96854702153018,15.452618162338233,-5.577355601378875,3.506813554971381,-28.266638160440756,21.556424840975584,16.863015477904266,14.145965561393396,68.58611582166189,8.400094997357652,-2.0051803209866925,0.11895650929277062,True,4
50,50_318,6970,7550,3485.0,3775.0,290.0,0.0,True,train,605.1191123123771,254.88510716302898,61.00692614687873,24.036277441294477,-22.956036149004177,11.833946622307957,83.95890037207948,31.033589019557688,-15.966088058027909,5.261565189846368,29.085597147105954,11.608326237516605,-1.1600305789367202,0.12761837891779118,True,2
50,50_319,7550,7890,3775.0,3945.0,170.0,0.0,True,train,973.1184430996312,161.09938977463372,78.86355741354495,10.931617480182778,-31.720273097787995,6.673905792772093,106.92240315696057,13.344535049192647,-35.77715279966937,8.585308606305722,43.26915378409604,6.071246367308434,1.176297738317635,0.02613113256815645,True,2
50,50_320,7890,8400,3945.0,4200.0,255.0,0.17647058823529413,True,train,1387.502148914842,274.9744621832124,105.13508995993465,11.172372162799444,-46.45639398593436,6.6981995182263265,138.6538964873852,13.181640586155071,-62.21094331195547,12.223982629423746,57.36116486757598,11.066514697406214,-1.4075701590000205,0.03559963852757028,True,2
50,50_321,8400,9080,4200.0,4540.0,340.0,0.8838235294117647,True,train,1756.2903722615588,193.16182399514943,142.89507144843742,18.55654760166882,-76.46394210702775,20.728644216097138,179.77140095384217,18.785901219775674,-96.86996430068436,15.023422389987363,62.148213469569,6.649254961451396,0.6584947744758858,0.03207730708594304,False,2
50,50_322,9080,9470,4540.0,4735.0,195.0,0.8307692307692308,True,train,1715.0131440414218,417.12438246550374,166.03496800145746,11.402874151200558,-105.17179494340385,22.186979894830266,201.49361839616859,15.341010665194412,-101.95852036582801,21.230838973365188,51.309917206491065,11.201859930827561,-3.4645580445000803,0.05356288956372304,False,2
50,50_323,9470,10120,4735.0,5060.0,325.0,0.8969230769230769,True,train,855.2185164196093,165.93776108954063,217.42929393877603,10.911084578214862,-137.9223359135488,9.412248757145909,262.5002954815107,12.825128138625136,-63.415366928523916,11.707900162825863,24.958519931529608,3.800300639676394,0.3851187128282795,-0.03168755834417003,False,2
50,50_324,10120,10460,5060.0,5230.0,170.0,0.8764705882352941,True,train,395.79545305273206,196.3150642546836,197.71007458182643,9.875103894178583,-120.54074994860441,8.869006625192673,240.1522665979825,11.009268849247634,-29.309491110835374,12.762678352616364,16.031320693463027,4.991117941503723,-0.8685049541587058,0.08129674368339707,False,2
50,50_325,10460,10810,5230.0,5405.0,175.0,0.8914285714285715,True,train,521.8633713304165,163.17225042632475,216.3883155378483,10.639507132081423,-136.9329127006567,9.207786344757558,261.3171096651098,12.346432003645301,-39.750115493893205,10.576168481211681,18.181202069401607,3.8748788166936716,-0.8919484097199968,0.022232975591596735,False,2
51,51_326,0,550,0.0,275.0,275.0,0.09636363636363636,True,train,3834.5036089419,1378.2069040906765,1.9110659218490722,45.520917652363224,-81.74830608010339,62.07560125025998,0.8446792392704389,51.87292606595348,-8.975340276498251,62.72071791892739,99.97669629883784,27.901964986849435,-6.490536038955369,-0.07793591873546013,True,5
51,51_327,550,800,275.0,400.0,125.0,0.104,True,train,2420.8327508065336,386.642393103276,-135.90755849009963,37.33404505921577,-91.98925138459117,24.9557439983351,-163.77573213334696,44.12773856927375,110.31422415799672,8.533851068944161,65.05765281265919,16.457816456728665,-2.823738608524267,-0.25656951514930393,True,3
51,51_328,800,1490,400.0,745.0,345.0,0.021739130434782608,True,train,1502.7569643580234,1046.2238038590897,-140.10588313543113,46.868354712495844,-81.48412968039437,38.03198274055384,-172.6792689459806,56.042368877651946,64.61092633944354,31.226755194375496,37.45215061306124,23.829141746607093,2.793974731583954,0.04819924510255642,True,1
51,51_329,1490,1730,745.0,865.0,120.0,0.08333333333333333,True,train,4785.154203408107,512.2323139222826,-51.84259145033594,27.830668713101808,-124.13988784735943,25.298652908507083,-56.04237132433113,29.857857873714387,76.1578575662206,37.40641110827061,94.55164734254284,26.560670985760105,2.7553363936761217,0.05447415181283982,True,3
51,51_330,1730,2100,865.0,1050.0,185.0,0.15405405405405406,True,train,2844.167247791416,1271.2492446219499,126.67069585636841,53.92297158768679,-130.3503934240626,39.99997970808616,147.39292473365975,66.42128155491832,-106.02747932393139,21.65178315738429,58.165942879672876,25.02855676754344,-10.669256302845497,0.4481561229754232,True,5
51,51_331,2100,2400,1050.0,1200.0,150.0,0.18666666666666668,True,train,1860.2969145134145,780.1889181468356,164.93382673522163,47.03279648298318,-119.4079423985769,38.57369874599947,198.38496681045862,57.86071572411562,-98.89834283178884,20.248639005666565,46.982912516182836,16.001285136427498,7.652514881693546,-0.436850418480777,True,5
51,51_332,2400,3040,1200.0,1520.0,320.0,0.0890625,True,train,1276.8516903037614,685.7573033531776,-145.71989296620006,52.76891600653697,-76.04934781458688,31.147596458265824,-180.71072257074104,61.55504875304029,58.14541273399366,28.404327295284023,36.13928219314792,27.233988415954475,2.385647564110477,0.013959538155332437,True,1
51,51_333,3040,4000,1520.0,2000.0,480.0,0.140625,True,train,2998.776105769037,1435.977317423477,57.869319071170054,64.5226836651928,-102.83608692175088,68.34906191465268,65.60314406140988,74.05071030671748,-59.567656250745344,68.08958481389388,63.27214085395146,33.531318738589874,-1.8093867091684033,-0.08319617054912914,True,5
51,51_334,4000,4640,2000.0,2320.0,320.0,0.0625,True,train,4240.32398098367,938.6701453983092,-55.52572791054888,39.63141315834068,-105.68911545127017,34.6079219262482,-62.40720322408621,44.55520257606885,69.53196941509195,43.90675084730009,94.88556969289486,28.02121499384071,4.097337946553724,0.11940368450859334,True,1
51,51_335,4640,5050,2320.0,2525.0,205.0,0.05365853658536585,True,train,4555.439248499681,404.9576559861707,46.17176987708308,42.518725619022746,-140.39935439859195,38.51822324831764,48.700066441304685,43.806628422892295,-74.85387761205804,63.65182213775437,74.7303401730298,34.508877510623456,-0.1265436573840452,-0.017825285949753866,True,5
51,51_336,5050,5290,2525.0,2645.0,120.0,0.14166666666666666,True,train,2388.135468084471,584.597291519954,-16.149406066322733,31.12318584107014,-13.1679554061213,10.146701002745187,-21.14745294056249,43.00832246199605,13.031276029740193,34.7414612923854,101.3610188308298,22.719447759578774,-1.4214323073440487,-0.12730310769231684,True,3
51,51_337,5290,6261,2645.0,3130.5,485.5,0.20803295571575695,True,train,2591.6391776164332,1115.6411796284515,-82.14838629535956,69.88389218865268,-73.73833974454051,56.405406387758774,-97.52240603560882,75.44840523643808,66.97615193056316,51.41539648638527,45.962256550497166,34.18201300095089,0.16852261930785692,0.0958124159962476,True,1
52,52_338,0,270,0.0,135.0,135.0,1.0,True,train,4821.174934429634,835.0945421059876,34.99298061242962,34.94808823804216,-129.45708289403134,40.20632832666845,37.23471362903318,36.30461604048791,-60.63516523333419,55.124835456386286,89.78612816683624,35.23678411024439,3.473879612244562,-0.2794958134579711,False,5
52,52_339,270,690,135.0,345.0,210.0,1.0,True,train,1752.372231460122,847.8148758359689,159.73661719815638,43.170522488844796,-117.20354277852871,43.53488276855315,191.388316630341,51.75774596822157,-90.51014758051741,31.051328594246066,43.559572525901814,16.37378240667641,-2.5701293865103416,-0.07785859377418745,False,5
52,52_340,690,970,345.0,485.0,140.0,0.34285714285714286,True,train,2519.507365423553,661.1965633973821,54.85747346109896,31.841316713874008,-45.26126012448296,52.43460792956214,70.04498654487116,37.32600911423595,-60.991096317695636,37.02307630187512,89.25261729279536,22.032707757634117,-4.994135841437944,-0.3104083974755403,False,5
52,52_341,970,1210,485.0,605.0,120.0,0.0,True,train,1126.6373239225163,589.0377949677564,-161.10474631202834,56.12573874405829,-87.5121378635538,32.00151917684629,-198.2068501390855,65.41925654874419,52.72835848591108,32.06944693254041,27.20299904848329,20.638413648808108,1.5619432940669185,-0.15863734392011936,True,1
52,52_342,1210,1960,605.0,980.0,375.0,0.0,True,train,4245.697304697564,1035.061035991163,-0.3608649411333912,39.13936320386143,-89.97431054871502,40.856328956765985,-0.919409370065657,45.08495174319109,-9.360841279553819,64.08819132076107,106.22876037388025,21.16941677692812,-3.669773151566018,-0.05080730080059379,True,5
52,52_343,1960,2410,980.0,1205.0,225.0,0.0,True,train,864.1378503478368,417.5180596222513,139.70127320881738,60.5038708773948,-76.85135712650478,44.39487550147752,175.49965132603458,69.24776631768917,-42.86429500657235,16.880886619165143,33.90792287195876,16.287047264924006,-0.8125342972898426,0.36747404095043473,True,2
52,52_344,2410,3010,1205.0,1505.0,300.0,0.5833333333333334,True,train,3004.644977446382,1397.6503606937133,43.3928659192897,49.846128400878904,-77.67735631265225,64.72808732405633,52.380385481790626,57.81742224254283,-42.790845197070496,57.518581265472434,81.1558259164021,36.21394950204336,-5.809860721857972,-0.0336347133988054,False,5
52,52_345,3010,3726,1505.0,1863.0,358.0,0.07402234636871509,True,train,2150.2796923213336,1069.7734878856875,-87.78003623097547,53.93528544884603,-58.449397690749734,47.76655430283616,-105.30086589650595,67.79314203423077,58.11603714772537,41.93388141187377,49.108119259443775,30.33568709433372,-1.3688714722993658,0.040470911174527245,True,1
53,53_346,0,270,0.0,135.0,135.0,0.9074074074074074,True,train,4826.214609053257,783.2809514066869,35.761832449512966,35.10798336982716,-131.98525062835296,38.81815304131489,38.12014201478399,36.92833503866911,-61.538504154402496,55.142439757092205,91.04979811631772,33.47290581414912,3.3547567326094354,-0.2981185801902606,False,5
53,53_347,270,990,135.0,495.0,360.0,0.8430555555555556,True,train,2052.926590458153,853.6912755377792,113.23795663579422,69.10312726833895,-89.18979753158453,61.44519544293163,136.49543148607606,81.57694872697319,-76.43726057056877,40.995095632402645,62.98679029968743,30.084244779418405,0.5906700025115095,-0.2684167682083694,False,5
53,53_348,990,1230,495.0,615.0,120.0,0.9083333333333333,True,train,1340.7221007120531,1125.3429485200513,-152.7855024837081,76.96374236573914,-97.56612131633253,29.03672616133912,-188.13517528936902,90.74548535062402,42.761166019757546,53.29651899462763,28.78424531072254,21.058243732700703,9.494905965407678,0.5223539116759942,False,1
53,53_349,1230,1960,615.0,980.0,365.0,0.7465753424657534,True,train,4220.927496894759,1037.1099873898631,-1.9599764507906512,38.41253808850673,-90.85326103482672,40.068028239895064,-2.5580295789976826,44.41053073577223,-6.265771999777345,61.87541602837077,108.31536945774984,19.14750223261196,-3.765819449257393,-0.04160771540743949,False,5
53,53_350,1960,2410,980.0,1205.0,225.0,0.16444444444444445,True,train,848.5001197219058,344.87473106249973,139.7012731579524,60.503871016968155,-76.42171707964981,44.65599274605664,175.5044215587725,69.24004605133372,-42.374761315560235,16.81652488426251,34.077137861211796,15.666687417350659,-1.020203606369152,0.36747404141351686,True,2
53,53_351,2410,3010,1205.0,1505.0,300.0,0.28833333333333333,True,train,2989.275646753429,1384.9082405429126,43.43821623090531,49.91049676602241,-77.82414699672003,64.86242156601654,52.494135179811316,57.88703255511094,-42.40966268181821,57.22175376472976,82.03266315255733,35.91676769064236,-5.66098356705357,-0.0339022011828576,True,5
53,53_352,3010,4140,1505.0,2070.0,565.0,0.252212389380531,True,train,2760.2489261102473,1279.3768673677139,-73.87637559524379,56.29330337311831,-76.94609232166977,54.028345445464154,-89.80665722768728,67.74468005333867,59.91555447595747,53.14902710516157,74.37894261407115,32.41573619745196,0.9469985030133035,0.059784109953425854,True,1
53,53_353,4140,5000,2070.0,2500.0,430.0,0.10930232558139535,True,train,2053.0215508134133,933.5357881358823,85.97408310144718,70.10981795799579,-88.96873620572421,64.09013317054466,101.1689781894432,84.31909546103155,-72.03419215546178,54.734518156761006,55.45657158039715,26.946760048340167,-2.5410768301231728,-0.1177413459849666,True,5
53,53_354,5000,5400,2500.0,2700.0,200.0,0.2625,True,train,2555.7470467903086,741.7439388848044,-122.32783444669649,36.513376315384775,-98.22988539419549,26.477622998115958,-145.77187377542543,47.06948459654925,101.30406966629151,15.05021926299633,63.31327420934227,20.10903035840776,5.90445402606739,0.27093248203642767,True,1
53,53_355,5400,6850,2700.0,3425.0,725.0,0.22758620689655173,True,train,3605.5313851605974,1406.1552157964936,7.416643922241652,64.9087362787742,-85.70212902885292,46.56707763919691,9.994909832941284,77.94390993121685,-7.098107433949777,69.32049012529917,94.32756603690193,29.697753578561272,-1.1577736530192533,-0.022409574346835208,True,1
53,53_356,6850,7670,3425.0,3835.0,410.0,0.03536585365853658,True,train,2228.291384002952,1448.620934235567,-108.57557129459676,63.23890990216373,-83.40417313945682,38.36092461233866,-133.6265712921682,76.57420537947253,62.03337108006745,55.54004819559548,55.22151504265651,31.39904960268833,0.27568432915406277,0.06816798571263145,True,1
53,53_357,7670,7970,3835.0,3985.0,150.0,0.056666666666666664,True,train,2335.8793739034645,947.1242603888455,54.24897043005708,20.863990007097215,-49.220132005684945,39.49728920741742,69.69808614969556,24.66896559806413,-57.43204455369174,30.616410458342465,82.32011860884147,21.180193498816916,8.8635109448195,0.12686087326540751,True,5
53,53_358,7970,9610,3985.0,4805.0,820.0,0.23597560975609755,True,train,3135.3694782643734,1099.8334358358325,46.936896950339154,84.5217412012271,-106.50888130577867,56.42982410407094,52.87196315101152,98.03562788936617,-44.045829917212615,78.70555918588715,76.22560822562609,35.19960730967551,1.2097063165124577,-0.10613924591457745,True,5
53,53_359,9610,9870,4805.0,4935.0,130.0,0.19615384615384615,True,train,813.9086676327526,380.10058797335967,90.38516422150231,33.03939370798144,-39.62570088699904,18.902912322255002,119.7694543108332,40.48982199451216,-32.47562192865178,18.61894185342644,35.81187755124065,14.926511783605106,2.771331168058249,-0.3054692471885095,True,2
53,53_360,9870,10810,4935.0,5405.0,470.0,0.22234042553191488,True,train,3761.3314206540194,1350.0594493280428,-55.237000392324376,51.178759083913974,-100.80603899376361,43.15706467539938,-64.7107482108761,58.906963741020874,57.59316823045744,62.89328013812341,85.48731405585812,29.046588793327416,4.633008679543519,0.11930085434693348,True,1
53,53_361,10810,13030,5405.0,6515.0,1110.0,0.2747747747747748,True,train,2925.2264468252324,1456.097800444186,64.44465095766046,83.40568875287481,-102.5553432016177,54.71878247499216,75.02434051634407,99.1571572578096,-55.794615344709136,65.5449384864753,69.83822907774014,37.060354361717785,-0.08119030761004133,-0.033860653735400974,True,5
53,53_362,13030,14400,6515.0,7200.0,685.0,0.3875912408759124,True,train,2708.0025136752242,1416.550010738096,-13.21326248173294,78.79955211259539,-64.90301864789402,51.222420604538726,-14.318439792395463,96.78554830105277,22.224240473778817,63.061846459771836,79.94318866676646,32.2843578690359,-2.69581200881255,0.06852366491944602,False,1
53,53_363,14400,14820,7200.0,7410.0,210.0,0.14285714285714285,True,train,1718.3543232811141,694.0898486923874,104.56222839929552,58.37042768971347,-63.43700848424822,46.9619627930921,131.5447439790135,69.47884202911605,-64.93204562166764,36.527973026494976,63.53264408453643,27.733380770047262,-0.697071700417298,-0.33202149972778633,True,5
53,53_364,14820,15550,7410.0,7775.0,365.0,0.18082191780821918,True,train,3826.6539680623464,752.5183191752323,-58.923997096933064,57.19004720396296,-117.93178482093977,37.98518720792784,-66.12269401971295,62.850768424399114,62.9217367152175,73.0518961637803,81.57341448343712,29.956542304832325,2.4584608233563308,0.17534680851639012,True,1
53,53_365,15550,15790,7775.0,7895.0,120.0,0.08333333333333333,True,train,1867.5748999975315,916.1892579700752,161.9439281983851,39.698346368770586,-139.85735486682557,49.95272410309949,189.70073225134846,53.45415093396877,-94.56151032586328,30.780512815079224,36.10587151989733,20.59795789979403,-0.7115894811001916,-0.1775828861663571,True,5
53,53_366,15790,16170,7895.0,8085.0,190.0,0.018421052631578946,True,train,3900.588241040217,522.7756128159766,7.0667243228017265,26.86100341468953,-67.95322800081183,18.695987975793376,9.830850766768531,31.953430053645683,-12.729670664609028,37.20658465425559,124.57978099299181,10.73621996893941,3.3142415903652673,-0.14646113677810585,True,3
53,53_367,16170,16490,8085.0,8245.0,160.0,0.025,True,train,4084.981023053241,416.15790690594645,-60.14617812663037,25.562403015954327,-110.21435508356304,29.149539337474874,-66.86341466891788,27.699432574533393,82.24936261260578,32.72160311427998,93.27111732096039,23.486132266257016,2.5594542843310752,0.007636812756832792,True,3
53,53_368,16490,16830,8245.0,8415.0,170.0,0.014705882352941176,True,train,4961.118961719892,732.7321800462288,9.59466948454836,41.7825540056053,-113.20359975557442,25.235939433449552,10.997790245800182,46.977536078022716,-18.77144399440837,61.578042871279685,109.96190367504725,23.740508867407257,-1.6148597637194044,0.2579505730496854,True,3
53,53_369,16830,17380,8415.0,8690.0,275.0,0.038181818181818185,True,train,1805.284339772449,994.2678250633185,122.44268968363006,45.781403182489875,-102.67089134666064,66.79107813801251,146.52836168420845,53.14386352756578,-78.1492976975864,41.5137325680818,43.07192164935335,21.910805581060377,5.088497822799853,-0.07155292249527546,True,5
53,53_370,17380,18030,8690.0,9015.0,325.0,0.004615384615384616,True,train,4501.09417675295,619.1260874636569,-39.25893219475552,46.722636981249806,-118.42621112232781,30.82547889838008,-42.63320549429057,50.618387181366444,48.17809084368566,69.15586396303914,94.11112444862218,28.30768347930327,1.2682982625643797,0.07644615462932339,True,1
53,53_371,18030,18770,9015.0,9385.0,370.0,0.1,True,train,3603.6825252559106,769.1747122904308,76.83629929400965,40.04810640368582,-126.19428147697354,46.0202053227707,85.60612940632183,43.20288457455931,-94.95385006031036,31.98215941595195,75.520806342581,34.33054702980753,-1.9609685263162504,0.06631982386850922,True,5
53,53_372,18770,19010,9385.0,9505.0,120.0,0.05416666666666667,True,train,966.5169802160184,554.675618559769,-64.43431304518235,70.34562692348611,-34.265517653001886,23.595299776644183,-81.70221073476223,91.43125420135574,14.77455007390464,33.04231514202789,37.123196720170746,26.857532871777057,-2.8129691381202067,-0.9179017289845185,True,5
53,53_373,19010,19500,9505.0,9750.0,245.0,0.026530612244897958,True,train,1988.7162799461078,1123.1296512388824,-124.29292858107524,81.67642032634326,-84.19115086769898,33.183758301325874,-151.1901238127601,99.0292044643515,59.05139585581424,49.06426287112012,57.380253973837284,43.267728448508564,7.215208002449743,0.4549881003146668,True,1
53,53_374,19500,21070,9750.0,10535.0,785.0,0.1337579617834395,True,train,4137.739036069468,1189.171058443337,40.53934681642157,50.521852960666806,-109.21194194208356,45.07419338584189,46.8953975042464,57.73303942856291,-53.73876858759817,61.637547204565244,91.48510543039448,31.25665882515572,-0.8927094208143971,-0.004288860612722502,True,5
53,53_375,21070,21800,10535.0,10900.0,365.0,0.03424657534246575,True,train,1315.919092075764,703.4253206870982,-12.79763695453983,84.848883976193,-36.802740540265965,42.15223523183018,-19.831774024461918,105.51706212153061,0.16753811982952768,56.71395649387956,48.62080934119837,26.845839698485975,2.1981626925257904,0.03896352571742872,True,1
53,53_376,21800,22860,10900.0,11430.0,530.0,0.04245283018867924,True,train,3524.2837674490584,1387.5793718017208,11.51951654417341,78.47268791790928,-95.0913640657996,62.49297257183278,11.774317171586551,93.20135755757416,-26.21034405905776,81.776510859822,82.30908599822888,29.963119057886182,4.199805581707146,0.013574840588079857,True,1
53,53_377,22860,23100,11430.0,11550.0,120.0,0.15833333333333333,True,train,3976.8925932272523,552.7269533615724,81.59795619016514,21.289924346045257,-159.2247818490904,41.424369829946244,85.78949947290481,19.64781483514714,-113.71308620198154,17.572817540765772,53.5112196625298,29.185244353206,-7.460400624069466,0.08622941312861294,True,0
53,53_378,23100,25780,11550.0,12890.0,1340.0,0.1417910447761194,True,train,2937.4833650422966,1320.0818633872839,-42.70612697640059,70.69033965911437,-75.63827525671427,53.86911212980468,-49.768005000905404,84.97477325161995,41.73758027469474,67.00068401381549,78.73913702645008,32.798401929607515,0.2593888226525215,0.010138637567345177,True,1
53,53_379,25780,26700,12890.0,13350.0,460.0,0.12717391304347825,True,train,1710.4862202516358,979.1968594313489,100.23209797735497,63.97545066055428,-77.70657875220455,61.44719450947178,122.08888225256753,75.49722477356862,-63.37586286350558,44.30126065406431,50.502515153270494,24.628797280783253,2.361288749911633,-0.0019508183954227453,True,5
53,53_380,26700,27130,13350.0,13565.0,215.0,0.2627906976744186,True,train,3285.6867530992786,1274.3371588500727,81.8352252762474,49.290377923657324,-113.79741814599323,68.74528129642906,93.42999735381773,54.20242916434764,-88.00921713265204,41.96719674443522,70.45810427648816,36.46130703918031,-8.476473683394026,0.004279610421031836,True,5
53,53_381,27130,27460,13565.0,13730.0,165.0,0.19696969696969696,True,train,2887.022439204838,673.8538396559003,-88.40547087011994,32.62640309923426,-87.76743337910904,55.16936773649627,-103.88172209042885,34.802226984688645,90.93901812063994,31.28337700262149,73.11374141411623,28.16181475040612,-2.643764360147255,-0.25125031953865784,True,1
53,53_382,27460,27870,13730.0,13935.0,205.0,0.29024390243902437,True,train,1333.5231855574418,779.7977623632133,-163.8772979798636,39.41960215726444,-90.33984960644011,31.88777740378554,-200.87184267317522,44.33201253582335,69.85076959467038,36.997190677260804,33.51578922017517,25.705843965639417,4.083173299947331,0.2319886279910599,True,1
53,53_383,27870,28680,13935.0,14340.0,405.0,0.33209876543209876,True,train,3646.9226710897155,1064.9157170196495,-31.919362721411982,67.14989023227989,-90.88075786507427,48.79852341539099,-38.17291334016321,77.02091293183098,38.61745041727197,75.6374945061476,90.90514986810305,28.584343009849793,3.5682143365844414,0.034616372621999805,False,1
53,53_384,28680,29360,14340.0,14680.0,340.0,0.4308823529411765,True,train,3721.2802294543494,984.8155349026268,34.237473672609546,55.25993753058939,-92.445935754678,56.19261236970783,38.081142221095355,63.19939224432359,-50.50274926629373,61.57787123095407,94.31801914830342,33.907143562800265,-2.600369100022348,-0.000265563706426054,False,5
53,53_385,29360,29860,14680.0,14930.0,250.0,0.24,True,train,3783.0470262391964,696.647751095157,-64.79241474378922,35.74368154913885,-102.15981010073723,47.03801797898372,-72.64839950275724,39.37101194806849,80.71357764821649,41.47181392020044,86.23959041720894,29.160804145391733,1.0492947441777831,0.014443824442254291,True,1
53,53_386,29860,30800,14930.0,15400.0,470.0,0.08936170212765958,True,train,2463.3823129189277,1462.9911274847964,72.93741093399743,70.24858937771867,-80.09745137440069,50.37509448695986,89.40589235574133,85.44331483265229,-48.10439889190311,57.47078275489691,68.50452908314925,37.989513849385524,3.786617732421574,-0.11705291408961298,True,5
53,53_387,30800,31040,15400.0,15520.0,120.0,0.0,True,train,3115.4171027023285,580.4149994191165,-98.03147837479655,45.3982537186311,-102.09273250112058,41.624814603460806,-113.2811949025582,51.943229781744655,97.24694002362688,31.647525135794304,73.4002385534813,31.175613496043617,1.347518684686965,0.26952618123595645,True,1
53,53_388,31040,32442,15520.0,16221.0,701.0,0.029243937232524966,True,train,3309.8810100217606,1466.0234785478776,-17.938689862319094,88.86700367931272,-97.27030784694705,54.93923786455412,-22.837123658464865,104.34894026734344,-1.4052181012192706,83.46262318538209,74.01209265993339,38.48472840754968,-2.5853359986903337,-0.07769051334997366,True,1
54,54_389,0,480,0.0,240.0,240.0,0.98125,False,val,2859.5016933682327,1638.692492623066,72.74496128088732,43.83039630773554,-94.25160780272387,58.33089551186981,87.27738265517489,53.228456119517716,-66.51724804032452,40.307525781624015,68.7868319524423,32.857917070952844,10.236693712554317,-0.09499719589955039,False,5
54,54_390,480,1580,240.0,790.0,550.0,0.9772727272727273,False,val,4407.086536168,829.4416954023451,-2.671647009259435,61.855821877127426,-123.4116635099047,44.21926049592846,-3.7762605181602176,66.54905640412771,-4.701456001639675,87.23976183165901,88.9298844187807,31.059099648306038,0.5105309209106269,0.08920124015480695,False,1
54,54_391,1580,2040,790.0,1020.0,230.0,0.9760869565217392,False,val,2803.281664287492,1173.1141972860216,141.1789093913537,54.1535556897406,-154.39521243057027,39.017523246803094,159.8802657850801,66.86126373970151,-115.68230434276566,15.74251148225557,44.98376141115484,20.166213471479537,-7.706932516764251,0.28912629801629447,False,5
54,54_392,2040,2410,1020.0,1205.0,185.0,0.8837837837837837,False,val,1171.4328086258201,533.7443855497118,-102.25503648471015,90.27112523680944,-59.79573263113748,38.38267826813426,-126.5319440581691,112.21379646078319,32.064254008862,43.6343710740391,39.55415680794656,27.02816257267009,-2.5870245560783234,-0.664991033164609,False,1
54,54_393,2410,2740,1205.0,1370.0,165.0,0.8333333333333334,False,val,1341.617534565666,284.6853795678065,191.6739702496491,24.24538744700664,-116.28844715703524,22.788335322456273,233.4900926556231,26.552317098944417,-89.7108461154979,19.407875047419164,39.77261805987206,8.645030494473673,0.4433583171053844,-0.0011235951767316534,False,2
54,54_394,2740,3130,1370.0,1565.0,195.0,0.9307692307692308,False,val,1764.499062887581,805.9006202018843,115.68395189590149,24.047759470499138,-83.25405458476318,56.29613959003182,143.06869431368472,26.225546568962518,-79.52627051625525,33.95095009787737,50.65014328504918,20.22595933994344,4.734458192271617,0.11663797210939408,False,5
54,54_395,3130,3670,1565.0,1835.0,270.0,0.8981481481481481,False,val,3953.480481443499,825.3270916331501,-53.85162646743494,35.2294586762961,-97.71888392047569,47.45150152929103,-60.9322682833617,40.25717932892361,70.90694879813054,45.32650856311248,94.66994740292817,28.95521846029281,-1.6672736305945641,-0.10083233567644231,False,1
54,54_396,3670,4100,1835.0,2050.0,215.0,0.9372093023255814,False,val,1556.7233038800723,719.5569474002251,56.68507513931309,39.97464631470893,-28.887412429292834,21.623759604174754,75.81378926834246,51.81009824134803,-43.975889958300804,34.31305341115427,64.85585369363507,25.584697923275492,2.082229625021566,0.07335295910661269,False,5
54,54_397,4100,4360,2050.0,2180.0,130.0,0.9153846153846154,False,val,3076.530267520169,514.9090063482931,127.23888129773906,27.428389955234348,-189.25153350780826,31.990196782208464,133.67304803173437,28.898688716575222,-124.69817486906155,9.054196074955605,30.73724835659498,20.702786526133973,5.219505983488609,-0.2607151310866166,False,0
54,54_398,4360,5500,2180.0,2750.0,570.0,0.9236842105263158,False,val,4146.416926215809,895.7538233807727,-48.541717444890025,59.43449282979151,-118.09723890544153,37.09958268216975,-54.94376994685664,65.4601066346471,50.212440295633414,77.04568427117019,84.87665069767732,32.47722900638165,-0.9731889443314349,-0.05606397382690606,False,1
54,54_399,5500,6680,2750.0,3340.0,590.0,0.9915254237288136,False,val,2917.5506565290043,1345.1276658771508,60.51422831318864,58.7989790019198,-91.29156638984543,66.01666221493001,70.64424801157942,66.30349267000335,-59.46599460699464,58.715956206408705,71.4678023777157,34.3097205342036,1.3209121096820087,0.007581102722088987,False,5
54,54_400,6680,6930,3340.0,3465.0,125.0,0.98,False,val,1037.2474422486318,369.2184321940856,-104.3118977312929,41.30286889969657,-44.484061922460675,23.373166556610844,-134.05134226827514,49.64330730069324,43.61107520643208,23.14789311639102,34.44197603048035,14.003690390630373,1.6777552323844183,-0.5342305604696267,False,4
54,54_401,6930,7200,3465.0,3600.0,135.0,0.9777777777777777,False,val,1153.7155856120742,565.0914070646033,-180.74117224860674,30.33426703421425,-98.39371156198806,24.134652103303278,-220.60533591243464,33.5350389717122,68.97952494464315,32.37211875442566,25.33801946646573,17.132357062174588,-6.370782941790918,-0.010021429538431555,False,1
54,54_402,7200,7820,3600.0,3910.0,310.0,0.9838709677419355,False,val,3973.5981477961514,1273.0143096261684,-44.5254534544158,38.79444342889073,-86.92864802992385,55.78937585084413,-51.707932562523425,44.63044210100818,54.17211420702161,51.35053556075793,97.1524531349831,29.293982432669523,-5.773711124038519,-0.06882576341479588,False,1
54,54_403,7820,8480,3910.0,4240.0,330.0,0.9348484848484848,False,val,1618.499015427718,674.6201011732479,-90.39514390967577,116.01980760245038,-79.073208142926,42.70189608169583,-111.54245158271337,141.08985642284793,37.10611576549772,74.840433539382,44.49744420047998,20.55781849982934,0.7414512073629311,0.339074513516944,False,1
54,54_404,8480,10170,4240.0,5085.0,845.0,0.9455621301775148,False,val,2289.960935700926,1574.731114291111,18.64093767647676,59.29645970194695,-50.919626065724344,58.729233080399595,21.940271809264356,73.11156845323667,-20.040719271241706,51.124430586843005,68.78543591765727,34.6068803544794,0.7861074699255892,0.01825681414328343,False,1
54,54_405,10170,10807,5085.0,5403.5,318.5,0.8995290423861853,False,val,3304.1890156273357,762.1830398167967,-55.92681060418264,59.73439627526445,-86.19444828203187,45.06665192643338,-65.46305533062204,68.40144362707666,54.74370349231953,68.13115182299026,89.953832732357,28.236786753897558,2.5030012914609245,0.22827041607857135,False,1
55,55_406,0,480,0.0,240.0,240.0,0.15416666666666667,True,train,2855.33004579001,1640.9669899594624,72.75053739462582,43.835336148576125,-93.98728526340308,58.13309442022259,87.33087513682217,53.2853710930278,-66.39470640582921,40.301309494142636,68.88151171503685,32.87175076809611,10.260370429159595,-0.09497914876983023,True,5
55,55_407,480,1580,240.0,790.0,550.0,0.18545454545454546,True,train,4406.752058423363,829.4781017605801,-2.6796520826353363,61.84104824866493,-123.2706883244866,44.184096378999584,-3.8108113568984714,66.54670808104945,-4.760902310777069,87.12197929438057,89.06539348674869,30.992893619857238,0.5110920154665466,0.08919348071021829,True,1
55,55_408,1580,2040,790.0,1020.0,230.0,0.17608695652173914,True,train,2806.493627979067,1174.2158797702887,141.18856890935527,54.15601497604011,-154.6645273956738,38.874325210864676,159.82046882891407,66.8150755194532,-115.72338769430412,15.763656873880226,44.914190052928454,20.112246553152335,-7.718555104047417,0.2891582807239778,True,5
55,55_409,2040,2410,1020.0,1205.0,185.0,0.12432432432432433,True,train,1172.2317774734151,534.1779862010363,-102.25521112420908,90.27093433538604,-59.79562250252601,38.38264046074374,-126.5322423987699,112.21369327829251,32.00530266575203,43.51297004651426,39.51540043742253,27.03894059526016,-2.60003770310509,-0.6649937817153506,True,1
55,55_410,2410,2740,1205.0,1370.0,165.0,0.4909090909090909,True,train,1341.0193094299073,284.5982246020197,191.6739530880342,24.245406461139797,-116.20851592339146,22.71783195288331,233.5230541615344,26.56371248903495,-89.6090444700257,19.331673844049824,39.80294235196106,8.704397169742247,0.4417985447529234,-0.001123287759930305,False,2
55,55_411,2740,3130,1370.0,1565.0,195.0,0.45384615384615384,True,train,1761.7527752347255,802.9696332868074,115.69378581326865,24.05664697237774,-82.72020358401276,55.50471334660347,143.15434198221718,26.297719869259932,-79.40130009256869,33.81523202747035,50.93843117826717,20.069868806969474,4.700208777480196,0.11674062116277417,False,5
55,55_412,3130,3670,1565.0,1835.0,270.0,0.4444444444444444,True,train,3955.0360922313944,823.2362807073937,-53.85184781416486,35.229824713370924,-97.60087363516739,47.374379785698736,-60.947358728826686,40.2723614893243,70.82025726654801,45.309572460623414,94.71194144203109,28.864852962767745,-1.6441527667972051,-0.10083257554350478,False,1
55,55_413,3670,4100,1835.0,2050.0,215.0,0.4186046511627907,True,train,1556.019261494385,718.8154649481037,56.685074967589905,39.97464673289506,-28.96243231036104,21.744300176822033,75.79730286552581,51.804836198669115,-43.96785675379446,34.347006668366355,64.79467138660722,25.554847300143276,2.0571881030522903,0.07335296071589419,False,5
55,55_414,4100,4360,2050.0,2180.0,130.0,0.49615384615384617,True,train,3073.593671820558,513.227820696424,127.13583694772746,27.498962581192362,-191.0281243204386,31.74518769269072,133.21015675841824,28.886581356311453,-124.82160605618685,8.917173443661113,30.108515039304713,20.619052650627268,5.192917413421984,-0.2622579970162015,False,0
55,55_415,4360,5500,2180.0,2750.0,570.0,0.4587719298245614,True,train,4147.058982834356,895.2358677425831,-48.55540967084731,59.40769287771269,-120.17357453777079,37.27907155775176,-54.74561944638871,65.20706768665069,50.36736762758102,77.08903109386137,84.6678662468107,32.648412813667164,-0.9697106510773006,-0.05605653180662566,False,1
55,55_416,5500,6680,2750.0,3340.0,590.0,0.48050847457627116,True,train,2917.881457794487,1344.979690204246,60.55248312391136,58.864165315347115,-92.67793544964415,66.62926082905311,70.53457231043802,66.21490664902123,-59.394197491393385,58.787740021954896,71.87891030987946,34.12975899344521,1.3236155476821614,0.007560007184402139,False,5
55,55_417,6680,6930,3340.0,3465.0,125.0,0.568,True,train,1037.7531499001336,370.22994895136713,-104.3118977937954,41.302868920656394,-44.484111867401126,23.37304988828628,-134.05123319391274,49.64330491105383,43.70719362414125,23.021781430746007,35.0698225908367,14.327956966064551,1.6048647046586733,-0.534230560685917,False,4
55,55_418,6930,7200,3465.0,3600.0,135.0,0.5259259259259259,True,train,1154.9327454809106,565.4706813253601,-180.74117219153848,30.334267036346244,-98.47012674180984,24.141578310313466,-220.583156391916,33.56112834788718,69.09355872756693,32.40352349157162,25.84643174185532,17.258748230204638,-6.38611013153491,-0.010021426352891539,False,1
55,55_419,7200,7820,3600.0,3910.0,310.0,0.432258064516129,True,train,3972.4276872087376,1275.0716060036482,-44.52589024155107,38.79514087621978,-88.067512584857,56.317897528765876,-51.62688699056565,44.57095990789088,54.05279729113867,51.18126010628622,97.41018405547055,29.255272219442855,-5.7384969887320025,-0.06882638419309228,False,1
55,55_420,7820,8480,3910.0,4240.0,330.0,0.41363636363636364,True,train,1619.7961142947813,674.5866674726599,-90.34908146994385,116.02816314658419,-79.24924888664835,42.79914501093935,-111.42022487532337,141.11098424147212,37.26916876180047,74.70675179577111,44.93358072401314,20.50989074996545,0.7415684499545623,0.33938440144414544,False,1
55,55_421,8480,10170,4240.0,5085.0,845.0,0.2650887573964497,True,train,2289.653365701882,1574.9314770638334,18.724075287785396,59.397522047017716,-49.85066974716166,57.679825108048036,22.076033337885505,73.26795191563762,-19.930045322455303,50.55256002489143,68.45502588087723,34.486204179623364,0.7882532313720219,0.01827677570720061,True,1
55,55_422,10170,10807,5085.0,5403.5,318.5,0.007849293563579277,True,train,3300.9861957863613,760.0077819822288,-55.91797044069666,59.750901339940896,-80.80610238940505,44.08417040033878,-66.06457610353633,69.06854259400463,54.41604349894601,67.85757842949198,90.01117969400211,27.71913413804346,2.4952955646657924,0.2283450243028607,True,1
56,56_423,0,600,0.0,300.0,300.0,0.8,False,test,4519.955186889908,618.5466666804183,3.094775515196392,16.101190155708455,-81.17376774727231,16.383368322411652,4.425662070651503,18.806781434874594,-12.839201105938193,30.1622918221857,124.79955089136024,14.103399953245553,2.288023261547685,0.047023589899101985,False,3
56,56_424,600,1070,300.0,535.0,235.0,0.9,False,test,5514.612995094225,255.7746632654173,-27.953596530111493,8.24712282356292,-107.82578135541193,8.054166729729744,-30.74801813063282,8.90148053978171,48.52571749889889,15.967706141631721,119.3739397275213,6.557728270927829,1.7837598822173457,-0.015128374553511802,False,3
56,56_425,1070,1330,535.0,665.0,130.0,0.8923076923076924,False,test,5557.703239306768,141.84609056015714,-50.044022595182355,10.827262941919626,-128.44399041605266,17.66670904487408,-53.83248932598287,10.791056084001545,87.3922818332497,17.056846616768762,93.728237416738,18.68237027410667,-1.7597279249324425,0.10306156516000492,False,3
56,56_426,1330,1640,665.0,820.0,155.0,0.9967741935483871,False,test,5517.178401553543,67.06935806041389,-4.612563042281725,14.373616158127806,-100.44532106187854,3.169947706484187,-4.6077697404061215,16.333400045865073,0.6746994246458569,30.87369002104521,126.48899695628809,2.971290580606314,0.25905929250152143,0.13382967065048806,False,3
56,56_427,1640,2500,820.0,1250.0,430.0,0.9848837209302326,False,test,5006.345695150942,278.51016343196443,11.78843347881014,15.903300095587765,-93.69254833738401,12.282421781639501,14.18475622934335,17.734396524993368,-30.6979785355749,30.212933754309844,123.0306005227035,10.693661193094954,-1.0089556865897011,0.009468600698571345,False,3
56,56_428,2500,2760,1250.0,1380.0,130.0,1.0,False,test,4350.504550035987,99.455395747687,-1.4005211189651525,7.003194710398077,-68.68611716795378,3.5115606781712154,-0.5718851703328128,8.445587293793011,-3.2026821762353217,13.006178183335008,130.75004600257412,0.7335996085219109,0.7223368898873562,-0.05962852384564689,False,3
56,56_429,2760,3380,1380.0,1690.0,310.0,0.9629032258064516,False,test,3895.642633903266,293.98148607935605,-16.950358576486938,7.877021208755771,-55.731947117311236,12.269594749196562,-19.818838417285235,9.638743597780413,24.091604340048207,12.893762392735857,128.55456427812348,2.5733336833730767,-1.5561620757409267,0.009417162747265206,False,3
56,56_430,3380,3810,1690.0,1905.0,215.0,0.9302325581395349,False,test,3144.880643680738,166.31944797739257,-57.01630823341856,12.744030943790639,-49.08840776294339,17.16973677414769,-71.39085103634916,14.572789960366926,74.22543209231253,13.55288060744571,107.3043222339904,8.993307192952274,-0.32429686597179475,-0.08141743298221875,False,3
56,56_431,3810,4230,1905.0,2115.0,210.0,0.969047619047619,False,test,2299.95858245071,168.72024795464617,-67.52947864442908,10.358727528021383,-23.600696235838136,6.1773573924015635,-90.4544275520554,13.009375025224209,69.07324946931695,8.384433610458043,90.50414481183589,8.496329943985328,-0.22230219206876536,-0.019235148587001736,False,3
56,56_432,4230,4540,2115.0,2270.0,155.0,0.9193548387096774,False,test,2501.1959100656363,189.70007513281672,-21.88559921246608,11.303721785104178,-5.172763943403679,2.9333045837343232,-29.65352455289459,15.74471968332318,27.522015144265307,15.080162111360572,109.87431354570816,7.929133855172439,0.27609417527147473,0.08512760961352515,False,3
56,56_433,4540,5140,2270.0,2570.0,300.0,0.37333333333333335,False,test,2576.893821848216,126.2442423616,-10.153882462320771,12.749296623707426,-3.4239602056639207,0.9641126487278056,-13.211651672660864,18.07039666454875,12.287637531476502,17.675635076255173,115.42796805059237,6.094737070339804,-0.32945307406462837,-0.0511810163482108,False,3
56,56_434,5140,5620,2570.0,2810.0,240.0,0.0,False,test,2929.4720562523926,257.9753490546743,15.334656830726344,15.641058232958798,-17.685454822795123,17.718637799889777,21.551934790852,19.688997991404705,-23.56149188982066,21.882306967789674,123.89665128226724,7.698982573316284,1.6861833619066207,0.05439892274251591,True,3
56,56_435,5620,5860,2810.0,2930.0,120.0,0.0,False,test,3079.862252324629,69.95163484802906,112.64923262798831,15.348801239308637,-160.3457843776074,33.35573365357645,122.60007562506482,13.16402608016805,-121.1884109397379,9.792134341061598,44.385331995830406,20.707233930688073,-0.8024477345768102,0.17004548869549888,True,0
56,56_436,5860,6460,2930.0,3230.0,300.0,0.0,False,test,2755.9861273057654,162.04556321705144,120.80205998612675,13.126447283009467,-138.75695247788096,29.684111721090815,135.51246355482917,12.518577517221727,-118.93761583386086,6.812792679684587,52.432391439285325,15.955577702254278,-0.11775157627519141,0.04775362812991038,True,0
56,56_437,6460,6910,3230.0,3455.0,225.0,0.0,False,test,2953.0525955498665,138.71713445380792,98.95518876028474,11.544243623512747,-115.09627955725782,27.53872425258709,113.8574071867378,9.956544897452215,-111.11222041212643,8.90676021607048,67.82359118872937,15.214013198431967,0.8590714047188559,0.024593396333046212,True,0
56,56_438,6910,7390,3455.0,3695.0,240.0,0.0,False,test,3073.455613467348,207.26501319300326,89.21686537766716,10.181077395589657,-108.77178483125317,37.18866424896605,103.5863179974485,6.744091254154197,-106.99098017560051,11.513174629654372,72.61976470901075,20.160422507161723,1.1197380861660713,0.05634857973471481,True,0
56,56_439,7390,8100,3695.0,4050.0,355.0,0.0,False,test,3256.902355663434,129.1516305148474,70.3646288414828,8.304588952335516,-87.95396289632444,7.979284041553942,83.84047664793911,9.1676742766807,-94.48318123004401,6.14099289010094,91.00615937656434,6.395566764087918,0.19032244707054588,-0.010466882114253845,True,2
56,56_440,8100,8750,4050.0,4375.0,325.0,0.0,False,test,3069.467343901173,247.94828360509183,79.807428155453,15.429925392560031,-90.28869102486733,18.746659386725533,94.96544595526773,16.50160889964782,-98.15141008329029,11.18861493673927,85.82041826178367,12.547854616167161,0.8194073844229338,-0.06758801465278641,True,2
56,56_441,8750,9220,4375.0,4610.0,235.0,0.0,False,test,3815.8149200531643,196.76237868717197,31.75094199357576,8.521651865330847,-68.98471773160122,9.005643209361674,39.54795207587754,9.80604677787555,-56.43933466106698,10.872558982945305,117.9316776794405,5.978876361500319,-1.0112894377932269,0.03740605925338419,True,3
56,56_442,9220,9590,4610.0,4795.0,185.0,0.0,False,test,3604.7837151465,70.27415358370561,76.48464879025931,6.017126727781968,-121.22881933366172,14.579326899847713,86.20129905771645,5.235465332918563,-106.74003234973063,6.3982572286685535,75.5253740884661,9.738925795890964,-0.0433066885550355,0.009385908673653607,True,0
56,56_443,9590,10120,4795.0,5060.0,265.0,0.0,False,test,3601.6037185677883,325.0750305763111,47.29498752460148,7.399958912616884,-75.61631629898787,20.38915560309717,57.641953379189594,7.797554677614124,-74.89252928708912,11.247391682649173,107.03709114741093,7.910489166073253,-1.5408695313419862,-0.014569903714568764,True,3
56,56_444,10120,10790,5060.0,5395.0,335.0,0.0,False,test,3185.0653951793024,117.99321419214557,79.63332138008512,11.069182509990556,-99.97555548362129,20.289191480773823,93.08178683034208,10.510728230921714,-100.87462151285754,10.020263894829222,82.782529285439,12.226557063499724,0.08361331604075588,0.004879065273702711,True,0
56,56_445,10790,11040,5395.0,5520.0,125.0,0.0,False,test,3773.524846250576,167.97103077197707,90.12189838092495,6.278427149975857,-163.89767293664332,9.47488313343455,97.04788601537777,6.470173557473403,-122.3190356930632,2.5780265007004637,46.36999320007938,7.211783081072559,2.254947484044531,-0.07175613326533445,True,0
56,56_446,11040,11330,5520.0,5665.0,145.0,0.0,False,test,4286.60566682854,151.82581679373334,90.36409386134356,6.2036340342330245,-194.6387887399956,8.036340167068753,89.3510684175901,4.093718414840562,-128.82230260513336,1.3078282559937677,22.543043438315927,6.860222362349506,1.5194027470997644,-0.06251647066610572,True,0
56,56_447,11330,11720,5665.0,5860.0,195.0,0.0,False,test,4359.831985567701,284.44734166594054,63.466327645953776,10.298306528736552,-135.49060328113245,17.35787909551211,69.6516080268333,10.59542247019793,-107.27267844243741,11.516324706472957,72.68381766980053,14.846518521340201,-2.014343456945234,0.06466509075961585,True,0
56,56_448,11720,12070,5860.0,6035.0,175.0,0.0,False,test,3664.7280851920455,195.18260386605627,85.35534339898359,11.21189750713204,-144.91583893783437,21.086012438100802,93.64799769523553,11.01429658531673,-116.55187598369449,8.587218157582539,57.57410151722364,16.031397450755467,0.5388225271860478,-0.0787370012087412,True,0
56,56_449,12070,12360,6035.0,6180.0,145.0,0.0,False,test,3612.0678761100526,210.26825074884533,26.47696463992268,6.43311076106871,-53.93820722866684,13.085261895424194,34.055098873543365,7.253755054697078,-47.41966948059547,10.930775060500615,121.968789613548,4.8584659706431506,-2.4620497272737754,-0.029997495661815272,True,3
56,56_450,12360,12970,6180.0,6485.0,305.0,0.0,False,test,2531.969261283965,413.63660455564207,-9.581923272431323,12.694757601646643,-6.405947959325369,5.867849211657469,-12.457757495935772,17.759346376921094,11.031005260210264,18.038537342630857,111.55786007755891,15.766710788785604,-2.313769982764778,-0.015555226017054283,True,3
56,56_451,12970,14000,6485.0,7000.0,515.0,0.0,False,test,1739.7991393233342,174.9929808842479,-81.58447722866329,14.22399451122268,-30.65542755893145,6.818726249966435,-108.02317559809478,17.973558501910187,60.96892794161556,10.784565269304194,65.92126835991735,7.787846438955613,-0.4453338259747977,-0.012921963513429708,True,4
56,56_452,14000,14510,7000.0,7255.0,255.0,0.0,False,test,753.625584739877,155.12303819775053,-113.95173339068255,20.032079596376924,-48.79725772917729,11.646178264224117,-146.71119997105154,23.578273989328586,32.45054575149826,5.241165888703154,23.352640037933888,7.399142321571457,-0.7625897858142705,-0.1305210848949014,True,4
56,56_453,14510,14930,7255.0,7465.0,210.0,0.0,False,test,456.51654254140914,137.85612956518548,-171.2303941298804,10.473936299223968,-86.91687812662533,8.057193384662154,-211.35971474433265,11.37010662112355,25.523973534933408,8.823606630421553,7.336518865084846,3.63320621632416,-0.6909570266506704,-0.0054273736894959,True,4
56,56_454,14930,15920,7465.0,7960.0,495.0,0.0,False,test,710.9726897728784,172.2543088687703,-188.48122114093923,15.145782378669752,-101.25051182862167,13.670065818227178,-229.86465752865996,16.337754202102417,42.59689009421606,10.366964606144474,12.605585377885387,5.717248788823056,-0.047106126260607666,0.0277327069321561,True,4
56,56_455,15920,16310,7960.0,8155.0,195.0,0.0,False,test,270.84715090416483,166.5776878467704,-179.39117424144524,5.886267104157423,-93.24745639718084,4.773620029450459,-220.18072415642445,6.268955107870216,14.33341185200006,10.356944577471838,1.3596331273788593,4.662851004419072,1.1427522011470583,0.008868022493377242,True,4
56,56_456,16310,16940,8155.0,8470.0,315.0,0.0,False,test,1120.1462380956127,193.33028849138944,-167.79619603155962,16.396614485680814,-84.6663890968449,13.023553983551038,-207.50305820937416,17.673054528787524,64.14339873234852,9.978071319611072,27.446432506761585,7.889203753253458,0.7268202247156571,0.07585032322837425,True,4
56,56_457,16940,17370,8470.0,8685.0,215.0,0.0,False,test,1696.4153475306487,145.9417363593738,-147.68830037395793,7.603511393496709,-69.25419659858876,5.32911031532514,-185.66020532696004,8.443596016765095,91.86818494756578,10.118087192143832,49.41345021870514,3.9286992803715513,-0.1622911142679675,-0.00586001383953132,True,4
56,56_458,17370,18140,8685.0,9070.0,385.0,0.0,False,test,1317.462395608811,180.90656926236136,-144.0015862751374,8.678181998929782,-66.72481467901719,5.631577668677228,-181.55632340331735,9.805008574170214,69.9820698279504,10.870491279444602,38.158563537293695,5.856000707360173,0.44440581154102327,-0.006939150158719436,True,4
56,56_459,18140,18490,9070.0,9245.0,175.0,0.0,False,test,2222.902465759646,241.4801120662604,-142.8835451616637,17.632542768822137,-83.08283965505221,12.56740547095795,-174.95634908564494,21.824667671167116,113.2751059233818,6.5278781805124915,60.153498524998035,8.859208414212297,2.1904726625422963,0.1647956197389773,True,3
56,56_460,18490,18940,9245.0,9470.0,225.0,0.0,False,test,2244.873037238759,118.1715434904478,-120.25543805461054,12.389729695795651,-56.24559085793436,11.2520998831615,-153.08528080568598,14.221828520213991,105.29310303534565,5.8718050415537135,73.11056233678676,6.2685242267015715,0.12495018880245565,-0.05107228711026459,True,3
56,56_461,18940,19330,9470.0,9665.0,195.0,0.0,False,test,2248.5178371446077,138.54975112740507,-88.21048507319414,12.105297972261422,-34.1692081342262,5.956136434002661,-116.22328158157354,14.949910510509607,85.11732352243924,11.967949376602137,84.07178512335862,5.173747858067607,-0.7437442707033034,0.016455933194959884,True,3
56,56_462,19330,19650,9665.0,9825.0,160.0,0.0,False,test,1430.7533126900871,208.42987534449608,-72.94637294874914,4.188659566249978,-27.101876076276703,2.293821731833002,-97.23985801541119,5.224369551379659,46.18592543636312,7.403405436592889,55.02558917212298,8.368672293743797,-1.8198505874047406,0.01607710361009128,True,4
56,56_463,19650,19970,9825.0,9985.0,160.0,0.0,False,test,826.0236248148428,132.47554999730175,-75.48921045144448,13.746847490570206,-27.057035078175925,7.609306150305179,-100.5300881070099,17.146951789965225,27.097871154587324,6.878489336345743,30.52482331649685,5.479280878257236,0.19254846265792805,-0.1422076842104661,True,4
56,56_464,19970,20460,9985.0,10230.0,245.0,0.0,False,test,1363.0257540610262,134.52126505737803,-101.18574101410421,11.197916491940232,-40.67444601884665,6.359216746126235,-132.03614479887798,13.339588062201173,56.45947014792252,6.504932964263867,48.33789801222582,5.86694648613943,0.16646623804238767,-0.053163755365908734,True,4
56,56_465,20460,21000,10230.0,10500.0,270.0,0.0,False,test,1521.7571900151825,157.46975338053733,-124.72264180377803,11.109564131371313,-54.963911105734496,6.6798552577673185,-159.4539092947862,12.828549345319589,73.33651524651722,8.93337520575668,49.61324025674418,6.105324026544934,0.026905479898990475,-0.009854883160201975,True,4
56,56_466,21000,21640,10500.0,10820.0,320.0,0.0,False,test,836.464042524089,180.9878333212735,-85.51291316444774,9.534001919240524,-32.420988944397365,4.40993426269505,-113.03477609265505,11.884856856500639,30.159180510143006,7.514227093740342,29.918483178262335,7.198870301334092,-0.6464516453791865,0.007365570920913011,True,4
56,56_467,21640,22090,10820.0,11045.0,225.0,0.0,False,test,516.7713786568739,200.39840935007427,-74.59025181522404,12.959016882056378,-26.989374939438832,7.006485311586123,-99.33894604938473,16.25422969844803,16.108939266498766,6.780561713218068,18.155850885773383,8.597575732215018,-1.2320015531697197,-0.06915853929352225,True,4
56,56_468,22090,22430,11045.0,11215.0,170.0,0.0,False,test,721.3340558583192,162.31710906737746,-87.97141170862517,9.844359760481995,-33.74458318340484,4.694979005495698,-116.033586536451,12.16606306404995,26.066686799092746,4.933791815939003,25.401326490587124,7.190691651464135,1.1728126605103302,0.08281965460853656,True,4
56,56_469,22430,22840,11215.0,11420.0,205.0,0.0,False,test,1032.5158937608894,127.50385041998888,-77.55559496841121,9.405651507676069,-28.987695309627053,4.608554986395227,-103.03409771155215,11.769527495839968,34.69267268585032,5.676588461989823,39.08857911465995,5.35021159739443,0.8230569084886122,-0.014113774199830204,True,4
56,56_470,22840,23490,11420.0,11745.0,325.0,0.5276923076923077,False,test,1405.6155286237672,173.7363766021253,-98.93341912285423,9.896921254258496,-39.298366133072996,5.452139925282164,-129.40393203772322,11.886875526201806,57.110135622457264,6.715592026131116,51.0743813666339,7.67568416937387,0.4779959996393446,0.036380208733619177,False,4
56,56_471,23490,23730,11745.0,11865.0,120.0,1.0,False,test,1618.4757281720508,82.01954785241841,-44.70809159504844,12.991903464881819,-12.759766923928016,5.902652198354188,-60.802330165431464,17.109846200436525,34.275905579491926,7.868921842034892,69.4547140565645,5.1518711668147565,0.2686554897418836,0.15735271262554623,False,4
56,56_472,23730,24280,11865.0,12140.0,275.0,0.9854545454545455,False,test,2251.6846933898573,268.4912511084633,4.76273029286315,15.659230785595785,-3.965386720577345,2.2020453960779958,8.041440563478139,22.22630310101492,-7.595225619174298,18.991605595236805,104.8505552876975,13.026967741643112,1.510937280136125,0.0674965876961145,False,3
56,56_473,24280,24530,12140.0,12265.0,125.0,0.936,False,test,2373.3339735857976,79.72192959700311,55.79363793543599,9.568072966962541,-18.423890126910802,4.524513880065296,77.99514533939364,12.294645641839407,-63.59522425608206,9.690228725115341,106.61481918878158,3.5879095111517394,-0.5564815002957759,-0.08387237813777788,False,2
56,56_474,24530,24820,12265.0,12410.0,145.0,0.906896551724138,False,test,2337.0470827743816,81.58290748562789,7.215562075229916,10.18010247037301,-3.4031255381254084,1.222586873046675,11.654650052077825,14.548378697400745,-10.08662072656914,12.859745322001697,109.8857527133887,3.2472757156335463,0.2660025555364225,-0.06351986600255069,False,3
56,56_475,24820,25090,12410.0,12545.0,135.0,0.9148148148148149,False,test,2170.358299078104,216.06536279640497,-12.896234443841374,7.5693901594150725,-3.4316611342500853,0.7900130587665708,-17.065399330944484,10.729138508468381,14.352744991715525,9.587143858635406,99.94919609891426,9.657024467264867,-2.6187587303467907,0.04369041580672327,False,3
56,56_476,25090,25520,12545.0,12760.0,215.0,0.9209302325581395,False,test,1565.2286625268891,114.00296702571885,16.335023868419785,15.325728781740457,-5.372217164614692,2.895473577665826,24.49048907091731,21.683072782718025,-14.48544933805066,12.60685632617355,73.92578444166585,5.349370070384209,0.41542992189307065,0.11114101814647911,False,4
56,56_477,25520,26000,12760.0,13000.0,240.0,0.9541666666666667,False,test,1980.9100638246048,235.27684904182257,58.82805615394838,11.775520795773055,-20.159946775632072,5.960862543518574,81.941992300817,15.047166271090562,-55.79613147238289,12.764961636990813,89.08610202850869,9.909879937456688,1.5497348697789695,0.019789389731394363,False,2
56,56_478,26000,26340,13000.0,13170.0,170.0,0.9088235294117647,False,test,2575.310228221962,258.979921844718,89.55272511009508,7.357572304784423,-66.47769563989822,20.6474479216866,112.67547350866846,11.238990663777772,-94.6845080150314,5.307270811688595,90.04853819401417,4.761336934480173,2.2354272410554543,-0.032994030307923604,False,2
56,56_479,26340,26750,13170.0,13375.0,205.0,0.9609756097560975,False,test,2483.2896471752165,248.72593395477966,102.1071935051511,16.444143803464726,-73.98941594554049,14.525875921624271,126.77182623609558,21.020082921195147,-100.25317055847181,6.198126106365679,84.28488270227312,7.402389278905438,-1.8403300597538792,0.10434489829898279,False,2
56,56_480,26750,27520,13375.0,13760.0,385.0,0.9961038961038962,False,test,2332.730810891545,211.06981766419912,160.84369982131682,23.05204837707259,-167.40368605528317,39.21945657894737,177.1363727877542,23.3944385595577,-124.11882403262257,4.957560436935331,38.02237316290842,17.924985048465647,-0.6164295417157433,0.059804296958369,False,2
56,56_481,27520,27840,13760.0,13920.0,160.0,0.9875,False,test,1646.0636720507712,111.0942618020802,191.89421545242686,14.477040774641045,-116.21481962486118,12.555905485389813,233.48451794507915,16.449704635920167,-109.92717029037522,6.397928370514769,47.35964590344966,4.433515929957005,-0.6973573480924912,0.038074528117969735,False,2
56,56_482,27840,28470,13920.0,14235.0,315.0,0.9317460317460318,False,test,925.0081458056468,243.56097553590297,202.5134725392491,16.29596704755551,-124.6220518865818,14.623951246237594,245.7519837344542,18.27241130027541,-66.03037175994521,18.756687404875265,27.576089550713334,4.588574411472675,-1.2476563895963975,-0.06850855000928134,False,2
56,56_483,28470,29290,14235.0,14645.0,410.0,0.11707317073170732,False,test,746.609584051879,220.31149526280097,131.34293717589264,10.409989741136506,-63.79380761048955,7.560852813731977,168.70043266368518,11.63182024309172,-40.58185258072866,12.266759680612438,30.381978681694644,7.439051540621262,0.7934741164193032,0.018623623140629868,True,2
56,56_484,29290,29710,14645.0,14855.0,210.0,0.0,False,test,1355.5618984009088,106.96996979394838,163.8084890733472,14.547345712042247,-90.41015820580712,12.093248304211846,203.74185806215922,15.763293260832581,-83.00269998117959,8.023750521013255,45.64576141181251,4.088001290357037,-0.03477866552428145,0.07286198312384114,True,2
56,56_485,29710,30180,14855.0,15090.0,235.0,0.0,False,test,1581.8611407042272,134.65932711922207,124.20231400431028,17.373973447144447,-59.45646133239513,12.142672954838874,160.3462731881489,19.69849638255125,-79.78596795148081,6.658614137548083,60.954564953973424,7.312815281545734,0.7676997331273789,-0.10157293741929907,True,2
56,56_486,30180,30640,15090.0,15320.0,230.0,0.0,False,test,1705.1693694689284,126.23474670706352,57.66590850710864,9.387984878178298,-19.456144094630446,4.602797152341988,80.56220897615756,12.107571286945571,-48.12240107877853,7.465064659281874,76.84986957952738,5.538661446170548,-0.7386783763612005,0.02091414729486443,True,2
56,56_487,30640,31180,15320.0,15590.0,270.0,0.0,False,test,1526.238983260713,71.53864045037851,79.32784378350513,14.625888279849542,-31.722200453976473,8.500956512413568,107.47671986879114,17.946401643390736,-55.22910866851834,8.368483022431949,66.09440591470579,3.777856689360979,0.2143695032581433,0.0016474017518148464,True,2
56,56_488,31180,31470,15590.0,15735.0,145.0,0.0,False,test,2024.4352659545164,86.23913563986,112.80873587351999,12.045339011815472,-51.44651925026919,8.12052729451139,147.30129803814302,13.753442259806011,-94.7158943082279,7.636477882705823,80.15239074437916,4.577424701204749,0.7342152329244508,-0.033425444408070125,True,2
56,56_489,31470,31900,15735.0,15950.0,215.0,0.0,False,test,2024.951251100624,120.6702092106246,165.17666167956946,13.127976335651269,-118.67377927456404,26.580513826021146,195.2892267950821,13.322772394787386,-118.12062198118477,5.2685443028966255,54.582712063716755,9.571921008386232,-0.37322286941336325,0.08405284572036073,True,2
56,56_490,31900,32560,15950.0,16280.0,330.0,0.0,False,test,2538.972425106882,192.01535261645935,156.58993557033818,13.33012640722816,-201.99193813451186,31.720226545295777,165.5650599079552,14.372223456775794,-128.40368737404438,3.146243634910595,21.350066254498202,15.372439867046946,0.7126824227060965,-0.04613718782902602,True,0
56,56_491,32560,32830,16280.0,16415.0,135.0,0.0,False,test,3396.588880054786,166.53148128948382,118.58527520581947,5.815356678956884,-216.1191627610138,13.17343815107459,119.11247457751459,6.717574660621664,-130.21127111859138,0.7949316593972168,10.780461469619368,8.755562639033608,0.8444945059245739,-0.044110621002892265,True,0
56,56_492,32830,33123,16415.0,16561.5,146.5,0.0,False,test,3614.777934878116,199.10243591279936,109.51159314303038,7.316205115938937,-201.62602375659932,14.452959109400265,108.75264159813938,8.037690419191923,-129.08452459924084,1.3377438321437327,20.009722879742217,9.902839256484082,2.200485655872442,-0.07345267504782135,True,0
57,57_493,0,940,0.0,470.0,470.0,0.9691489361702128,True,train,800.5101134271506,165.1623107432543,-38.42277792186983,20.070290358400822,-11.081765098612573,6.859410696552805,-52.06670078714509,27.220568495974803,14.19151613965105,7.997645574754329,34.90177498129675,7.928905062469836,-0.2289811874725505,-0.01861250575483599,False,4
57,57_494,940,1430,470.0,715.0,245.0,0.9857142857142858,True,train,892.0118871015245,234.24792384942756,-90.73672816217912,12.7932449061813,-35.01566357494966,6.524992947361888,-119.40089510499018,15.760592395379858,33.416180501725265,10.666112634866607,32.985830433050374,9.340696835428272,1.389445966820195,-0.012671157515928172,False,4
57,57_495,1430,1680,715.0,840.0,125.0,0.996,True,train,1460.2123453513348,95.9444618194781,-49.116551259673386,11.238140274328419,-14.176976882341483,4.824221643621581,-66.7674140748306,14.888316681528497,33.1634191746388,6.445560562046617,63.29887231562507,5.04816390070772,-0.17506780355053883,-0.049425393261308646,False,4
57,57_496,1680,2320,840.0,1160.0,320.0,0.9234375,True,train,959.95516688024,141.01680588895078,-120.82591611559587,33.033627772616065,-53.862852983226944,20.732410407650985,-154.15608808777972,38.054063439782404,43.624735568256796,11.212702428077407,31.29360976438385,6.901033906042429,-0.25550376492551813,-0.11285089395135083,False,4
57,57_497,2320,2700,1160.0,1350.0,190.0,0.868421052631579,True,train,292.74003816590914,94.2529352358708,-200.66108700393823,27.86044855448213,-113.10421655153957,23.620059195541824,-242.7683925245828,30.176245617980243,16.26050174215542,5.588674264895532,1.5147949841934447,3.991071879297411,-0.3134720782911171,-0.14055259449391488,False,4
57,57_498,2700,3060,1350.0,1530.0,180.0,0.9,True,train,316.2047065583957,134.32696090821162,-211.06525163739323,14.386553786400317,-121.84784548532848,12.943335316211837,-253.88255147240977,15.701302858171665,18.317896898749186,9.009300621771809,1.0496523412336842,3.8007191702011895,-0.533498207550749,0.03677572144232895,False,4
57,57_499,3060,3670,1530.0,1835.0,305.0,0.9114754098360656,True,train,362.9369038246544,117.94498314155162,-155.3994398042036,13.639016159271884,-75.3453117170314,9.942955034499185,-193.97212882224792,15.005216279336658,18.53232622070665,6.60642549352766,6.408763111088444,3.9963618110958428,0.1978407169493918,0.025621903526971544,False,4
57,57_500,3670,4220,1835.0,2110.0,275.0,0.9163636363636364,True,train,975.9077474640644,212.15297343948745,-112.37868460073987,26.964057260525454,-47.84922548043493,15.850932032218239,-144.6614732005422,31.885686520258304,42.50070023181814,12.843086394234476,32.406974651522106,8.135418046345205,1.165846339466968,-0.049640943824186934,False,4
57,57_501,4220,4620,2110.0,2310.0,200.0,0.935,True,train,1560.5387303670152,195.72773913359555,-140.82165485830254,30.231109519560828,-66.49366140337276,19.509725501483384,-177.1030917702381,34.53888255508969,78.86389798083611,11.502456445930646,48.44703230955358,11.582896868681063,1.2869168499003016,0.17920280326051874,False,4
57,57_502,4620,4940,2310.0,2470.0,160.0,0.91875,True,train,1133.5669995269097,277.87914247620773,0.9208084727435775,20.692522044988028,-4.651483932824715,3.072984311424495,2.7855971420881085,29.143131439011576,0.1809427121016956,14.61341616933353,52.76779903388517,11.427126768933858,-2.354289570772914,0.16870971726863193,False,4
57,57_503,4940,5590,2470.0,2795.0,325.0,0.9461538461538461,True,train,1382.3519661197447,247.83034275625454,60.30954018955101,12.133101364072486,-21.074516204547756,6.546173946288711,83.82589872166598,15.417513907798583,-39.631749487412634,11.048961127582304,62.03547826219019,10.00392304605,1.0444265438698732,0.025966072821742747,False,2
57,57_504,5590,5840,2795.0,2920.0,125.0,0.984,True,train,1907.7795552313787,148.7324740666004,80.35549698430641,19.889117994388087,-32.23234171761819,11.114656327069975,108.59341884161138,24.50962965969468,-66.73455137360132,11.821991671977557,80.85561689328222,8.257320296241852,1.329390462702291,-0.23659893656713216,False,2
57,57_505,5840,6280,2920.0,3140.0,220.0,0.9954545454545455,True,train,2078.493823387184,87.20299516066767,122.73808471005336,24.124851126723495,-62.936531743592376,23.813375353336017,156.63114383140453,25.181399804563327,-99.68817889151532,12.049879492504243,76.39687728293138,10.133964573267766,-0.04465622894565272,0.1682366887375883,False,2
57,57_506,6280,6870,3140.0,3435.0,295.0,0.3423728813559322,True,train,1807.401037682975,266.28472231702835,148.34173999333407,25.52701452350013,-93.45901910664601,47.65746473635681,181.70419267867243,20.192098708484696,-99.06453157700263,18.6467852718795,55.04504990401199,15.252230271442146,-1.4747749497109472,-0.08435788757874244,False,2
57,57_507,6870,7250,3435.0,3625.0,190.0,0.05263157894736842,True,train,1491.3105430856242,321.08176800518686,54.89556076565815,16.545835700913745,-18.5798717450252,8.682105583735002,76.69239327360087,20.963151306441894,-39.93842284972833,11.363459035903789,67.23899659738173,14.73582646211508,2.1563452538532784,-0.09164919233799164,True,2
57,57_508,7250,7650,3625.0,3825.0,200.0,0.2375,True,train,2231.9237521932837,217.46189925462812,4.750827937444291,20.111042364354617,-4.869179773841953,3.0563511200150053,8.008250315437918,28.394292727358625,-5.310775791937791,23.133893546997566,103.4560613916893,9.668189538891198,0.7496203496700001,-0.06865286595922544,True,3
57,57_509,7650,8140,3825.0,4070.0,245.0,0.06938775510204082,True,train,2265.6271943643883,214.23630705724906,36.42744223332473,14.453910451248813,-10.682064097297012,5.659376429773216,52.27309851857524,19.397686453033298,-42.72620303085481,15.66326064738692,104.93013641763709,9.62880091299794,-1.311962836209665,-0.026972439622253173,True,2
57,57_510,8140,8580,4070.0,4290.0,220.0,0.11136363636363636,True,train,1878.26564681249,227.96522779222286,57.27413639013468,14.453408317485726,-19.702697991085113,7.24226615563705,79.83662139471893,18.613545046152442,-51.13411260835953,8.803671058300273,84.9965313266252,11.63647130369732,1.4614196410733453,-0.047195658962042024,True,2
57,57_511,8580,8940,4290.0,4470.0,180.0,0.1361111111111111,True,train,2347.341542926219,93.11652405849061,-13.444624277804662,14.39149232776068,-4.13843589600092,1.9297703177403034,-17.803259309135395,20.355949022237436,15.61452463815874,17.72295206003368,108.26295678757253,4.68738572541651,-0.36595360150212625,-0.055661087058315274,True,3
57,57_512,8940,9460,4470.0,4730.0,260.0,0.0,True,train,2733.596857355541,442.6754567028122,-44.89014482427948,16.743702811029976,-28.97029006480052,26.00229805859431,-58.24907395450532,19.631465325678093,54.14744660625014,20.1179936228698,107.086025531948,9.909366747914792,2.7953863146315547,-0.03430620524684318,True,3
57,57_513,9460,10210,4730.0,5105.0,375.0,0.12266666666666666,True,train,3927.332106622497,292.98012466087465,-67.14477483066338,25.40147486883201,-107.28184597530303,33.13402230502709,-75.23512663530124,25.942506288362996,87.78032507588229,23.478377812459456,90.75820093480114,27.39987053107589,1.2489156648715707,0.0817837706410132,True,3
57,57_514,10210,10530,5105.0,5265.0,160.0,0.025,True,train,4541.419403033256,150.10558774989502,-81.52698133163733,12.84062271012874,-151.14272783508665,20.30634525388745,-87.22757398578658,12.501654939814967,114.11586576812093,11.141974223988656,60.68128324681743,19.343891292048482,1.328891234549681,0.10259019731013999,True,3
57,57_515,10530,10770,5265.0,5385.0,120.0,0.03333333333333333,True,train,4103.899323663023,238.96296005681086,-45.76236620262399,16.949534000756422,-88.52642080968984,22.05533468146707,-52.068547784082206,18.316682949926975,67.96517654171878,25.03814250291816,108.33093743507757,15.896194897283364,-2.088657112085698,0.22079633087781986,True,3
57,57_516,10770,11010,5385.0,5505.0,120.0,0.03333333333333333,True,train,4523.761745451333,140.10054248916046,36.08373202604328,10.84467050592063,-103.83645072893219,14.362311619207142,41.424106507126716,11.331203979505036,-70.7289076517338,18.557950496668294,108.03602632085888,10.232228603643033,1.8063658088298251,0.09883918075165261,True,3
57,57_517,11010,11320,5505.0,5660.0,155.0,0.0,True,train,4497.702640501531,154.4444823629174,66.34054224440543,8.535471938294204,-152.3820954690946,22.686625455769676,70.90344100776954,7.418323515658936,-111.82495327479863,11.26653552810422,63.5751611430938,18.90438640708646,-0.893260534613199,-0.03714526024100504,True,0
57,57_518,11320,11830,5660.0,5915.0,255.0,0.00196078431372549,True,train,4189.054066740096,139.12349426419553,83.74939334281194,13.340237742294141,-176.71655632819022,28.26364455329368,85.68940342590457,10.10311630738525,-122.09485928561121,10.663876324957023,39.54159974697299,23.03793824195299,-0.24070004624290608,-0.054061900156209416,True,0
57,57_519,11830,12070,5915.0,6035.0,120.0,0.09583333333333334,True,train,4220.683664395463,147.0416239557201,19.3200248673145,22.243727858749818,-82.45461785558622,13.29798388103468,23.669323746866656,25.708298487962097,-40.44509944773488,38.15837460462559,118.4499275580156,9.286734810076618,0.9459136642560927,-0.1871682018757486,True,3
57,57_520,12070,12330,6035.0,6165.0,130.0,0.28076923076923077,True,train,4234.477952853375,130.58945136088192,-7.562249946081443,31.24587312317973,-81.02812650673542,16.304004499695726,-7.16957075565095,35.911274146274565,3.9181301112455893,49.80099631490259,120.37602917819406,15.7413413925558,1.0646301957412243,0.3562299803955622,True,3
57,57_521,12330,12600,6165.0,6300.0,135.0,0.16666666666666666,True,train,4996.024866893962,363.12286005843544,58.521679242174834,12.329663363587926,-154.77592593005207,27.966779326342323,60.84529464456314,10.642201083740382,-107.71926518904114,17.394341762929695,65.8321832273073,25.146694990556547,4.564774355754597,0.04447588571403624,True,0
57,57_522,12600,13240,6300.0,6620.0,320.0,0.2671875,True,train,5570.516939710037,112.45113362599615,-0.37732404813023057,17.684096205723463,-107.08566581653444,6.639221527691343,0.11434877519738507,19.601870071775075,-8.391055857737133,37.07661751084191,123.88339527771674,6.53043336795536,0.17252786284993776,0.023646828499200235,True,3
57,57_523,13240,13890,6620.0,6945.0,325.0,0.1646153846153846,True,train,5572.428476490622,237.62501880201341,-37.903817256978755,21.994918061356096,-123.26881819562051,20.58875133062407,-40.76583831618389,23.08713482724382,63.86996680728931,38.5627830311735,103.30847319085433,24.787369915422712,-1.0110827795824604,-0.045971969331210054,True,3
57,57_524,13890,14403,6945.0,7201.5,256.5,0.04483430799220273,True,train,4644.429781394154,222.9029245147686,16.032706399666125,24.344515995023716,-94.2589715908262,16.14751013071768,18.832203626587656,27.121138348093794,-35.38769610566336,42.28434623374015,117.71245801578553,15.496307868147746,-1.348867455817289,0.005581882284098948,True,3
58,58_525,0,400,0.0,200.0,200.0,0.0,False,val,1878.2460628766462,345.31924615939545,176.32258482460645,19.575633447765238,-129.32095129464176,38.31916084227977,207.96553564796355,24.988066644572676,-113.2985339018395,16.511006295514903,46.874373534928715,12.956719299401835,0.9562128535003155,0.060735378770671145,True,2
58,58_526,400,740,200.0,370.0,170.0,0.06470588235294118,False,val,2408.6008066583013,147.09893993015774,129.86449199501627,11.033900458603743,-112.6276108667642,18.319425586489416,152.0535057918958,12.22764087009594,-113.97499094130298,3.792338834492958,64.81964913604504,7.483973291075909,-0.1508963107668885,-0.019000312852698074,True,2
58,58_527,740,1070,370.0,535.0,165.0,0.8939393939393939,False,val,2070.7249624505143,221.5519521299496,184.38396167399054,27.45695055467315,-163.45598611601798,39.630755762837,208.20614510058132,31.99198593690303,-123.76051582145773,4.69944834458947,38.37350462715359,15.989827582519643,1.7759070770112326,-0.16553320129788907,False,2
58,58_528,1070,1420,535.0,710.0,175.0,0.7028571428571428,False,val,2719.396649503458,158.69862719306278,111.41662022021104,14.021993459962514,-117.175382524935,15.932749093504983,128.28529974456868,14.609663327106647,-112.19327787786209,5.591442198422684,67.52751363433555,9.288516489018937,0.7787937565239708,-0.10157757476155538,False,2
58,58_529,1420,1720,710.0,860.0,150.0,0.9033333333333333,False,val,2515.8229414120433,236.52600261107855,101.0232594885978,15.880469302541592,-76.45563137657547,15.27078378596613,124.73046143678046,20.286773762554184,-100.83788184599287,6.916615664386705,83.45543569028727,7.909954743581351,-2.2809354465866623,0.09780576269134564,False,2
58,58_530,1720,2330,860.0,1165.0,305.0,0.9573770491803278,False,val,1479.3104648352303,332.7081517321305,207.43603980981928,20.414099227795354,-138.41374239298887,32.75585356264408,247.51472968261385,20.26810803576766,-102.54647623406733,21.895947631346214,37.131749892894305,10.58748057724241,-1.1361875156981869,-0.024366335576318288,False,2
58,58_531,2330,2670,1165.0,1335.0,170.0,0.9794117647058823,False,val,273.47200635312254,108.42841811899369,199.57830520576937,16.42374735830069,-121.78091296608929,14.984369796979552,242.60902542778447,18.157452304466513,-21.269786543001263,6.869235997498196,13.18810665573365,2.6948980842539587,0.3209130509416911,-0.14236428044458652,False,2
58,58_532,2670,3200,1335.0,1600.0,265.0,0.9830188679245283,False,val,677.059329806182,292.4202183393412,160.88507664567666,16.962742537748223,-87.53681362727484,13.911231454160468,200.79302444970594,18.390450375428625,-42.25931520513056,19.5050817002314,25.3738979098768,7.625691402217428,-0.9727877102724153,-0.08678723938100996,False,2
58,58_533,3200,3750,1600.0,1875.0,275.0,0.8854545454545455,False,val,791.7418079672873,225.54400510463458,101.26929447923297,10.929944672323915,-44.207591856327255,6.359458365140304,134.07919886650237,12.989192450515437,-34.22709695000495,7.806834272639687,34.11480214208263,8.965717466574207,1.0802480830320709,-0.057624520940740186,False,2
58,58_534,3750,4260,1875.0,2130.0,255.0,0.06274509803921569,False,val,1327.188501389578,159.43731617739866,13.801924044676205,23.20468716645427,-6.2552200482094245,5.595684712056605,20.502203447620392,32.35383932076479,-9.468659323915157,14.79700020116738,60.88248414389737,6.959746657248959,0.4387454586651538,-0.14166156208121403,True,4
58,58_535,4260,4560,2130.0,2280.0,150.0,0.0,False,val,1556.6398566043995,297.13285510241565,-1.732512239661525,12.93306962664854,-3.2535312211986422,0.7449296817955458,-1.1336263508250493,18.472708334076405,0.4327819816211149,10.681043341046703,71.47351795444978,13.311461510230508,-1.7246473156406656,0.11705684795828503,True,4
58,58_536,4560,5110,2280.0,2555.0,275.0,0.0,False,val,1321.8750514064056,202.1829288876873,-28.92050368598604,16.963769386117225,-7.663384280286973,4.3471455205671825,-39.270664384723744,23.538350694371477,18.09916405755937,10.666472693834237,57.42669891624964,9.275990254997385,-0.3757082967636977,0.02665050624627944,True,4
58,58_537,5110,5610,2555.0,2805.0,250.0,0.0,False,val,1601.8968089594596,336.681792155385,40.40501962188714,9.731620194661998,-11.74782138468905,3.8743162018156854,57.89009642930025,13.018330102079329,-34.08135707732344,12.836602838410128,73.52399325404083,14.562871651401592,2.091671297131147,0.04741915779118123,True,2
58,58_538,5610,5900,2805.0,2950.0,145.0,0.7241379310344828,False,val,2636.1375203531525,228.55886654249412,61.28358661764836,15.78915988168275,-34.15227554718169,9.820905201773368,82.20642038453367,20.689359377198933,-72.46348225535755,12.286523345628588,108.45956835514896,8.001405018485112,2.410454638716199,-0.1562367406783069,False,2
58,58_539,5900,6290,2950.0,3145.0,195.0,0.8923076923076924,False,val,3321.5183656681616,141.18072723774824,58.2344164528035,12.750083704515305,-80.62997119519385,22.385164111034843,70.14187697635703,12.52967457892371,-81.92399971467304,14.37369333193887,100.91068934552025,13.042698599434118,-0.131596858696538,-0.057899093041968774,False,2
58,58_540,6290,6970,3145.0,3485.0,340.0,0.913235294117647,False,val,2765.700611521934,283.66490748882757,99.24816085271206,17.93440900741117,-97.27097556730912,14.059134414571327,117.63105834738869,21.138920143036817,-104.97628357836359,7.3675262160143244,78.21356993760516,9.60068067000595,-0.009246003898252458,-0.01534758975784125,False,2
58,58_541,6970,7270,3485.0,3635.0,150.0,0.9533333333333334,False,val,3386.636440263864,197.8602246040087,46.06144753075634,7.570255215608848,-67.46550610407802,11.33976650402062,57.28495697405979,8.677384950755512,-69.45337386735902,8.414077603531627,111.13328736545033,5.4596967676190795,-0.5017825229587173,-0.05554917167902542,False,2
58,58_542,7270,7620,3635.0,3810.0,175.0,0.9742857142857143,False,val,2929.30783112395,203.80813226104166,18.680281352381282,10.32926315275682,-17.888702268388812,11.450838850632394,26.604984691558187,13.960849671815536,-28.34007814555571,13.814213609923879,127.07384225300798,3.345443527788105,1.5184194494658978,-0.05470544229248847,False,3
58,58_543,7620,7950,3810.0,3975.0,165.0,0.9878787878787879,False,val,3799.11364255149,505.84442605432554,-8.193103247911907,7.46639806781617,-54.211578586998186,20.702576129959287,-9.339570239115192,9.418257251381629,8.423939153704728,13.102463125875655,130.60533043515048,0.8746384497533634,5.115178790648032,0.05840252286524466,False,3
58,58_544,7950,8350,3975.0,4175.0,200.0,0.8375,False,val,4270.6017515491685,221.4471952993127,23.69036445875786,5.792321115362893,-83.85638961309847,10.11522677837058,29.06407795104524,6.478555190956705,-47.99500783937556,10.436925195365006,121.67930075613896,4.1555322247115045,-0.4594154716811887,-0.01994791685561585,False,3
58,58_545,8350,8730,4175.0,4365.0,190.0,0.0,False,val,3864.6039506179673,205.40468167414195,7.149714008034114,8.264385188305793,-59.60926367010409,8.226844420479576,9.963114712161666,10.206436611479294,-16.649555212706442,13.915819480718492,129.72766398725818,2.231805003960819,0.37722170237438357,0.01999629256756258,True,3
58,58_546,8730,9270,4365.0,4635.0,270.0,0.0,False,val,4452.347998500001,168.62662967281108,25.653551465547913,8.006307600627904,-92.34387398287454,10.537129738053435,30.74884998778521,8.769856602476555,-52.74537426634373,14.283045053881901,119.13418284154011,6.011453305328054,0.07676003052670201,0.01668475145781472,True,3
58,58_547,9270,9970,4635.0,4985.0,350.0,0.0,False,val,3808.6838711744294,236.2169921442501,42.00782644005071,9.587422167807047,-85.63008041747835,12.332888199623039,50.39570753502952,10.560708242977666,-70.09273359989386,11.971608787165685,110.14960244440621,7.586545385694272,0.1268865012651038,-0.004906473633002888,True,3
58,58_548,9970,10690,4985.0,5345.0,360.0,0.6,False,val,4072.577731304542,375.7638998289217,60.12195528704304,14.606877161551157,-122.10949077825903,20.130766235280344,67.08826039665803,15.29658075372829,-95.1587549389327,13.514884981988551,87.40451278788859,15.956880940983773,-1.108458442226779,0.03201030106407953,False,0
58,58_549,10690,11110,5345.0,5555.0,210.0,0.9642857142857143,False,val,3015.768166019525,270.33270162232265,136.89693841362907,11.282739232114096,-218.69881251843168,16.61068008535051,138.9296877563488,13.50782506034151,-130.08594424221113,1.1192060568436022,11.753965256087074,9.231668145416926,-1.6948648004113702,0.06275177516543576,False,0
58,58_550,11110,11380,5555.0,5690.0,135.0,0.9666666666666667,False,val,2826.0090076222086,150.78588213751635,111.26226552409537,10.474294885246275,-133.33084607759798,35.50145649517919,125.46514916140836,6.961996014764769,-115.92763234578786,8.646173237915884,58.3690001604751,17.884906876644735,-1.3350321384893238,-0.12175482088241493,False,2
58,58_551,11380,11720,5690.0,5860.0,170.0,0.9941176470588236,False,val,1396.0984367923427,393.95623276138434,108.57690436462185,21.70454626420596,-49.61965375727221,12.908872685216185,142.15476151377388,25.761798061988102,-62.159117693453425,11.536725513574359,56.99280799467384,17.248231854401073,-3.791933602299815,0.19319456183416064,False,2
58,58_552,11720,12160,5860.0,6080.0,220.0,0.9704545454545455,False,val,675.7287319714623,158.73624543881317,134.93916887249821,22.146589471584665,-67.60765910011175,16.99777361740566,172.2073351795291,24.375506736394556,-37.19994595315096,9.881193720768518,27.693503604280327,5.425434483535523,-0.2275865150990808,-0.1158622675898386,False,2
58,58_553,12160,12430,6080.0,6215.0,135.0,0.9777777777777777,False,val,777.4852576890917,217.44433206832656,152.81691604336024,13.68031958723147,-81.46445687300447,10.849163628257465,191.80043521991783,14.937871154775959,-46.04116734712528,11.46050393435409,29.79664232542778,7.489047589679797,1.2699159522425532,-0.12364220959696448,False,2
58,58_554,12430,12670,6215.0,6335.0,120.0,0.8458333333333333,False,val,1371.1990896455382,335.1094379256155,110.5092739831991,6.401759226545177,-50.20705000826991,5.56957793210338,144.75808034504,7.344099035201991,-64.12170008374716,15.04841710150438,55.40624270986505,12.064212022673173,2.978050504248859,0.03821560821723609,False,2
58,58_555,12670,13260,6335.0,6630.0,295.0,0.0,False,val,1939.8820549310374,324.73158347367894,129.237653911441,8.66114416593775,-77.99559922941819,26.085505672689976,161.1976144080245,7.68555579934032,-97.80200318034724,16.42476600318716,64.91147221549632,7.130879975707292,-1.2216629228731826,-0.011737928537023629,True,2
58,58_556,13260,13850,6630.0,6925.0,295.0,0.0,False,val,2409.904771078695,255.20645749939771,150.88230723965358,15.374853583467507,-149.6224220484265,24.776245784318697,169.51028618817824,18.833288193365473,-122.75345023385331,3.4988678657719063,44.81918797677486,10.502176838310861,0.5768517372326858,-0.02690787335632256,True,0
58,58_557,13850,14090,6925.0,7045.0,120.0,0.0,False,val,3151.513601078032,188.25871480386124,92.02068345879103,10.08526897438647,-118.19153966547805,31.13254315084808,105.16156605372629,7.301825435842947,-109.53370651464114,11.35513536761426,69.95041824781477,16.05988941292476,1.8897802194324984,0.09373935040170966,True,0
58,58_558,14090,14750,7045.0,7375.0,330.0,0.0,False,val,3455.312142561906,306.7215711073545,87.73589580442545,11.607305169295387,-130.5237805204472,19.422203411268057,98.16436041330006,12.827255692368247,-112.52921415924956,6.9975159407983,66.27354784349943,12.5756194678326,0.5824652777612913,-0.01716409202553312,True,0
58,58_559,14750,15180,7375.0,7590.0,215.0,0.26046511627906976,False,val,3828.919918073602,415.2372428295764,77.42159685979294,15.22993526153919,-132.9449049865139,17.76824439800444,85.78719905805319,16.387604406024987,-110.37604795059292,8.438257605089023,68.9645562919793,13.71877942596753,-3.154728100428088,0.09209710534834913,True,0
58,58_560,15180,15470,7590.0,7735.0,145.0,0.7310344827586207,False,val,2915.944043594883,117.51710633888506,101.55890575610107,6.525767594826486,-113.86480717589409,16.65053317127296,117.15484354696369,5.8890182631395716,-112.24175332403605,5.065300491941459,67.7241379543338,8.327305988776795,0.19990616477880807,-0.0015501684713141882,False,2
58,58_561,15470,16200,7735.0,8100.0,365.0,0.7315068493150685,False,val,2104.3024121120216,231.99968782397352,91.30547069638995,11.113301153671955,-41.29849882169908,11.476541016604228,121.13806166725387,12.943142465360175,-83.39904098394965,11.74890108575984,82.30171177475154,7.526655687033632,-0.6510008219865872,-0.0007533313707026489,False,2
58,58_562,16200,16560,8100.0,8280.0,180.0,0.5638888888888889,False,val,960.655582171748,294.9677374388751,114.77750750608513,14.8206352853345,-52.64007953518105,9.683344498442152,149.80590747281482,17.051916545337136,-45.39973349170733,11.266803394849585,38.715216071436764,11.298420483250394,-2.238846773846657,0.11756027139296343,False,2
58,58_563,16560,16810,8280.0,8405.0,125.0,1.0,False,val,915.5536697069476,143.27627117507942,89.37945624863505,10.710841745434875,-37.64373208587468,5.861886373622772,119.77599330330303,12.953339730441712,-36.66576143745736,5.77653499460394,38.828875120097585,5.714648702149351,-1.4013409972951747,-0.013139792471407714,False,2
58,58_564,16810,17090,8405.0,8545.0,140.0,0.5964285714285714,False,val,1158.668659506031,372.2343138920235,126.01793776031752,7.692406862365101,-59.975328550534506,5.068002347168155,162.76021896295794,8.811904352148792,-59.334813474365895,18.122451322478973,44.283184567422474,13.024643584802062,4.183414796377383,-0.02710167584058186,False,2
58,58_565,17090,17500,8545.0,8750.0,205.0,0.5463414634146342,False,val,1493.5878475180311,403.8538393655454,97.85186592914674,21.8432720927409,-45.21176143398271,18.657907442090984,128.6545285667403,24.426729289146063,-65.02293919795133,26.62620923274553,57.77401161171022,10.571921056779983,-3.1910430285005478,-0.17659973483332178,False,2
58,58_566,17500,17970,8750.0,8985.0,235.0,0.9191489361702128,False,val,1693.366836411578,235.8897378800962,26.090370678314198,12.783101282279125,-7.200599562342796,3.6727548301650237,38.22913423313331,17.75236489062392,-23.89913301155537,11.403731292505384,77.16536832225127,10.505850094099273,0.8883397323216992,0.02336629066036933,False,2
58,58_567,17970,18520,8985.0,9260.0,275.0,0.36,False,val,2764.8750872291735,229.58784251017735,31.921599973619337,16.14838575732875,-16.490854126909213,9.23720541543142,44.940056907676095,22.03778694162787,-43.18524732985745,19.215921267746648,119.56742895867626,7.781098672140221,1.1077737957724307,-0.0775566441929436,False,3
58,58_568,18520,18830,9260.0,9415.0,155.0,0.8935483870967742,False,val,3125.5825573111642,177.20771420394533,-23.99467352626892,9.960361177905428,-22.519842321115398,13.362246318640414,-30.922067969373828,12.901280440162033,34.015044999328275,14.550427940674174,126.17592135023484,3.640248461159094,1.4784014712813196,-0.00864229561048284,False,3
58,58_569,18830,19230,9415.0,9615.0,200.0,0.7875,False,val,3440.8394538689918,211.4647484477578,-33.24910462034301,13.930957377100365,-46.75816866263068,18.96894406114881,-40.72681029157408,16.081111864738723,46.753219617942065,19.2526991021888,121.02473305030362,8.884872544835806,-1.436666320060241,0.0755375868524533,False,3
58,58_570,19230,19610,9615.0,9805.0,190.0,0.9473684210526315,False,val,3020.806717334146,253.1887876229724,-38.0656008725669,12.484064211281787,-24.987814273802325,9.838178379111573,-50.1973847145441,17.598753862056576,51.15437628392682,14.403868935270912,119.82828795989117,6.325726983904987,1.7487183407461113,0.08857215583467086,False,3
58,58_571,19610,20070,9805.0,10035.0,230.0,0.5,False,val,3769.98294927321,232.0729525163846,31.162736545975907,23.553237476061433,-72.83944364564279,27.90034343624008,37.22907909503605,26.622264565469887,-52.74803804365164,36.1045769062785,113.69352190221674,15.911663678215794,1.1408662499486795,0.15427220128709904,False,3
58,58_572,20070,20430,10035.0,10215.0,180.0,0.9805555555555555,False,val,3614.592383006839,150.01613817852586,13.62332986589371,15.15618814480171,-51.85799407890394,6.64104809986675,18.151515124156788,18.835295509442474,-25.828223717032692,24.14129001043383,126.60038819654271,4.6012847446570495,-1.0804025720600205,0.052301501240339034,False,3
58,58_573,20430,20710,10215.0,10355.0,140.0,0.2892857142857143,False,val,3064.838414284739,258.6291259727028,-3.5322762557862384,10.624263791381175,-18.02273858897606,13.792615029923443,-3.6531276831895014,14.555816933181228,3.378627287635943,16.085427255764845,129.87986192746837,2.0260747810169124,1.0839779157118783,-0.08181184880089651,True,3
58,58_574,20710,21050,10355.0,10525.0,170.0,0.9176470588235294,False,val,3615.066128759216,171.12807438077687,-15.525840761704128,7.122917120712717,-49.65309635360766,6.16784978888191,-18.43929868697198,9.182253036937388,20.904625758400663,10.949679568568198,129.39184935449936,1.9398509620822906,1.2226198012862097,0.04505912810050628,False,3
58,58_575,21050,21410,10525.0,10705.0,180.0,0.4527777777777778,False,val,4483.766060505811,257.3437547718434,28.58369813130163,11.862589917311338,-96.44986869635528,17.084931726418358,33.410168966985026,12.650417859286298,-57.92271700649467,21.431294405668474,115.18508679283984,10.007228690868704,-0.04634841512586493,0.04435359353674704,False,3
58,58_576,21410,21730,10705.0,10865.0,160.0,0.459375,False,val,5021.108545640337,310.58866085768267,26.375663283368162,7.310001756198538,-108.47383620329211,6.521795522372058,30.459497154081408,7.993395201193991,-58.792011761051796,11.177603921286284,116.0985906617846,5.841244022689141,1.0482842992866965,-0.043470081640329325,False,3
58,58_577,21730,22190,10865.0,11095.0,230.0,0.6847826086956522,False,val,5026.420992233393,387.9623987088531,-14.283722574634181,9.267550090912344,-95.25524607727425,9.996592254358408,-15.519183869232167,10.520804994046708,20.79186007244515,17.849878391571377,128.03413329926133,3.9672444792155517,-0.7013574921107888,-0.028600345340723046,False,3
58,58_578,22190,22440,11095.0,11220.0,125.0,0.972,False,val,5086.808589746002,144.64077272824255,14.16340736321816,6.2574807901547596,-101.13965704388755,3.9036214635418136,17.181194952082155,7.187024410786839,-36.68236976184208,12.43090011577197,124.89677116881036,3.003156688615923,0.4344920191184417,-0.009017920184859432,False,3
58,58_579,22440,22990,11220.0,11495.0,275.0,0.8727272727272727,False,val,4733.1122095213495,202.22093438665146,-5.582654430305789,8.032765878914839,-86.87549643041156,5.819670359491922,-5.552475395671149,9.375909598221323,3.8487209174032846,15.482449813135199,130.28290635337382,1.2785900541156303,-0.6162606894151804,0.013659432749049034,False,3
58,58_580,22990,23670,11495.0,11835.0,340.0,0.5397058823529411,False,val,3671.9041293608175,188.618747857367,-2.658185347273555,7.32894640505304,-50.17082180411669,8.557960247238952,-2.1431440526904084,9.150213040843811,0.45885399774100505,12.034299967469458,131.07606992827922,0.7251894234485091,-0.39427069497428696,0.014456374175754577,False,3
58,58_581,23670,24120,11835.0,12060.0,225.0,0.5022222222222222,False,val,3966.6521472252325,220.35003220923568,11.970570618579913,12.552006364813918,-66.97142906470204,5.161922928581078,15.743013208232856,15.362296111615425,-24.60792385777647,20.131808866183498,127.51496778470802,4.113966731422963,1.2127298126971495,-0.07365856606295751,False,3
58,58_582,24120,24570,12060.0,12285.0,225.0,0.9577777777777777,False,val,4170.913625847043,180.8275847416483,17.447487728658864,7.8776034706801905,-75.92986085593577,7.121270723198905,22.02573694601515,9.31987531078869,-36.025721979465345,13.027333218998516,125.63299385671529,4.002820374561343,-0.2605649274452993,-0.024544390049993953,False,3
58,58_583,24570,24950,12285.0,12475.0,190.0,0.4473684210526316,False,val,3489.2107135036285,231.64842788410596,-27.556643200991292,11.686142131792813,-48.978859676675995,10.26483110311774,-33.74555500219774,14.793607130585078,38.142107777892946,16.8466321638385,124.69362921534245,4.651312337520052,-1.722960243697352,-0.05944191326479229,False,3
58,58_584,24950,25320,12475.0,12660.0,185.0,0.43783783783783786,False,val,3241.872376152885,248.7308712578552,-19.97261921492306,8.369093247704408,-31.78655728779953,16.850671284969856,-24.86330622819332,10.338283184461304,27.552050150888622,11.926830825610127,127.83597816263736,3.0902077717152063,1.7101667329131252,-0.013311216064702723,False,3
58,58_585,25320,25570,12660.0,12785.0,125.0,1.0,False,val,2685.6182058193313,290.069232736537,-54.66348557271161,11.46192152175853,-26.764147116736158,18.403951269665047,-72.1720561491467,13.85444261609514,65.9301065767987,13.097608288648669,106.70950580539278,6.609235303732753,-3.0066536594977045,0.10585727329935873,False,3
58,58_586,25570,26020,12785.0,13010.0,225.0,0.9666666666666667,False,val,1796.5321122259254,205.0238007456327,-31.248195189019253,7.172355225286733,-7.349472858820983,2.6655536907652406,-42.74687806507089,9.829395755920544,27.999895465703865,7.450959241562405,79.48669221649668,8.937565793270048,0.5251549679575318,0.0065475315165701535,False,4
58,58_587,26020,26580,13010.0,13290.0,280.0,0.7714285714285715,False,val,2976.8971896062744,412.0289199932107,-36.9507232727634,7.012874394217727,-30.329494967704562,17.513671216167378,-47.84335693393701,9.013200446113375,49.15170884008295,10.323248324370711,116.57825834395614,6.95748396160359,2.187284758319961,-0.010961565005480354,False,3
58,58_588,26580,26860,13290.0,13430.0,140.0,0.9714285714285714,False,val,4298.515468386565,239.12823829937665,-39.74172052812407,9.398973771152942,-90.18395222297339,13.722105131713516,-45.038895845273046,10.066704517089988,60.47822853624774,14.236495707659623,115.43506555680314,8.980094691334207,2.2225439515120287,-0.010480061917389611,False,3
58,58_589,26860,27830,13430.0,13915.0,485.0,0.7876288659793814,False,val,3806.2137902295576,328.9380495185713,-97.67345106495648,18.590172112618422,-147.35927234444605,26.720005288493482,-105.93873006191345,18.465353911408506,116.40491899359958,10.54497278403036,55.81762287288163,21.841718507494697,-0.6231413759954082,-0.023502667844664954,False,3
58,58_590,27830,28250,13915.0,14125.0,210.0,0.9261904761904762,False,val,4593.860287961722,200.4284350823352,-25.190625557958548,15.80679099414307,-88.31992961075706,5.046359150441204,-28.23463250960517,18.22865721620094,38.04275034176702,26.80301660265239,122.455405040837,8.072263520747269,1.0545649736567742,0.06077456723069273,False,3
58,58_591,28250,29030,14125.0,14515.0,390.0,0.8948717948717949,False,val,4136.609408135475,299.9048495593172,-92.86143341397289,11.009917251287781,-155.22814505546953,22.567343393442812,-99.72767474732687,10.822669409548974,119.55822234722262,8.504166631382839,50.727753737837524,17.58975021270135,-1.0496279539904319,-0.02907184938712042,False,3
58,58_592,29030,29360,14515.0,14680.0,165.0,0.9303030303030303,False,val,3398.57024982118,227.7053596174189,-123.0039620374419,13.34334732105415,-171.8517409852207,26.259746365289754,-131.47384209040422,12.737701942873892,126.24669564589439,4.70157803778292,30.281003858971076,17.68003463050376,-0.961241244969236,0.06411172562871224,False,3
58,58_593,29360,29720,14680.0,14860.0,180.0,0.8722222222222222,False,val,3380.4165439147605,185.2021769807573,-94.49399396388503,15.223722153457269,-114.24207408108033,16.396190427945516,-107.1219407436522,15.873386332509384,109.84492374478917,9.153494707398506,70.27733202139429,13.707146706325496,-0.7170660111326275,-0.06413709012660973,False,3
58,58_594,29720,30260,14860.0,15130.0,270.0,0.3888888888888889,False,val,2836.3906287180803,250.5843156870781,-142.0760205362066,12.11230414073922,-154.0734375475017,24.059950800436805,-156.6389835543264,13.59362107955498,125.89773077405013,3.5211064169293427,35.33976504477594,11.842792888633152,-0.5427488140685812,0.011630192895314834,False,3
58,58_595,30260,30560,15130.0,15280.0,150.0,0.42,False,val,3261.603738590466,317.32378367150653,-85.58267819947888,17.739930626415198,-91.37846731294033,13.496565629112226,-100.34909756543418,20.52416847470269,100.52876698800591,11.707362220515392,82.91053672866387,13.151198404140775,3.528194246417301,0.15820359074045504,False,3
58,58_596,30560,31170,15280.0,15585.0,305.0,0.8672131147540983,False,val,4413.174373330069,365.7415434062463,-3.070594769207011,18.27461414116056,-76.77622092702961,14.197068046788765,-2.832208963967172,21.626402014084906,-1.8994781363226891,34.129079576478844,126.7452016603603,4.344525126136142,1.7636514315362992,0.02299012065122932,False,3
58,58_597,31170,31600,15585.0,15800.0,215.0,0.8302325581395349,False,val,4773.130739976531,242.94690502067448,-21.811722618598598,18.804352004137314,-92.28161361918241,8.581513580236264,-24.115306016496092,21.323035295052065,31.979078964375883,31.507749748534096,122.80770549253002,11.449616161078604,1.4923530199701707,0.11866584722574035,False,3
58,58_598,31600,32430,15800.0,16215.0,415.0,0.7662650602409639,False,val,5453.042324477576,220.74485182303658,35.493328274507945,23.308641754849088,-137.99706097388466,30.785938825649463,37.17461028529409,22.834307371309922,-76.11012119928748,40.875652856451794,90.56301999295303,34.32125671099458,0.5332419749894075,0.0033626630065132874,False,3
58,58_599,32430,32920,16215.0,16460.0,245.0,0.6122448979591837,False,val,5166.349232179079,170.86369947413104,61.9359976504916,10.716581887619862,-170.51500365777994,24.427124311151413,63.03859397239324,8.617705623221507,-116.89260950223218,13.5114889937264,50.84282729061214,24.407538864062907,-0.7070271725972943,-0.01141028905866342,False,0
58,58_600,32920,33382,16460.0,16691.0,231.0,0.5670995670995671,False,val,4976.508259494911,104.68490078418534,23.039149705596696,6.265457786492482,-102.87456099051856,7.257571869631314,27.0777940431439,6.724532627593396,-54.17102022811398,12.261014425680882,118.45421099130336,5.313519327411265,0.5371537178236713,0.020986130242509615,False,3
59,59_601,0,310,0.0,155.0,155.0,0.9903225806451613,False,test,2529.216994470357,455.9559769562045,-6.263565111508907,41.80108271702596,-16.697310067326963,21.420194697595804,-6.791300380851117,54.58381689425359,6.085512225061622,46.48591132810687,108.95991398766309,20.902716584450456,-0.22407936497740252,0.42408721177555203,False,1
59,59_602,310,700,155.0,350.0,195.0,1.0,False,test,1934.7661600022147,773.6436275242071,113.61762326585306,23.60047284662293,-73.45333748422904,29.5445589474762,142.45539777172738,29.614850124467985,-81.96812227588073,26.66759743527365,63.97118990929549,21.00046798007017,-5.816401486324489,0.0815278990479855,False,2
59,59_603,700,940,350.0,470.0,120.0,0.9541666666666667,False,test,633.7554818656512,200.02795440335302,73.646777677185,31.441560177638028,-30.065838051296335,15.16262553099413,99.38495096402964,40.30996096275355,-19.897411584218737,7.353312278536782,29.42534029474646,9.000853096064704,-1.5512921523076666,0.3300663037927683,False,2
59,59_604,940,1880,470.0,940.0,470.0,0.9829787234042553,False,test,1161.5480090045514,541.840097000173,115.9721839220894,35.537660103272415,-55.91173936744293,23.602052367405175,149.76331067521556,41.477517884205156,-52.71550217545068,25.423685272097586,46.48058514050077,20.792138971979128,1.2733996654323592,-0.03601438660011941,False,2
59,59_605,1880,2130,940.0,1065.0,125.0,0.956,False,test,2233.80984773292,243.50794916699562,82.94577679776529,30.439651894753148,-42.751545752984256,30.896087838984943,108.32275628303556,34.48277570242908,-78.75658296325062,23.761089560269347,87.72394717917396,14.478032676102645,-1.6252943920621699,-0.07217952607041594,False,2
59,59_606,2130,3370,1065.0,1685.0,620.0,0.9419354838709677,False,test,2877.4064433454655,543.3626328467285,112.87531626656123,35.83418619006528,-128.20272567363904,44.27560627846047,128.52384477398016,40.640153781929044,-112.35964906918582,13.556681538960964,59.80700334814044,25.262808522314728,1.1105744766534111,-0.05756105935089026,False,5
59,59_607,3370,4240,1685.0,2120.0,435.0,0.9827586206896551,False,test,4100.713933641565,802.330065577348,28.82096084836373,39.88078084343363,-93.22287987006477,49.93915488727942,32.709611377036055,45.04436774340385,-48.47200616073259,59.09802626442249,100.3970055263718,33.83265946866602,2.4131102482170137,0.024891308636875185,False,5
59,59_608,4240,4780,2120.0,2390.0,270.0,0.9407407407407408,False,test,3013.212043732915,628.9261641843864,98.44608778923578,23.974200718730764,-125.68894548755456,69.77709994643008,111.60142707118777,23.344223911008918,-109.9175714899987,19.458019740896646,58.24672389593428,35.174431900780284,-2.8779505556809655,0.002698956469592349,False,5
59,59_609,4780,5070,2390.0,2535.0,145.0,0.9793103448275862,False,test,2357.059655306336,695.8560037562723,-31.681283763282746,29.166559518852036,-21.985821008343958,19.207991902495213,-40.63902885494959,38.63607615006333,37.66901694510837,34.473846569532974,94.74152325997592,21.646053043492813,-7.420327689991747,0.1147427232004518,False,3
59,59_610,5070,5380,2535.0,2690.0,155.0,0.9032258064516129,False,test,1252.436272359247,386.87520143421784,-50.65078203910574,33.1451203828753,-17.59097108688757,14.005113413577323,-67.37093221970103,43.35816711638025,29.880060237530476,20.99835505941941,51.52731786111115,16.064089479174573,-1.7552266291974306,0.2464745679447276,False,4
59,59_611,5380,5750,2690.0,2875.0,185.0,0.9216216216216216,False,test,2506.010926241585,832.4476664008936,-107.70581754149403,21.199658701908813,-79.59131779650036,46.66358605535263,-132.09330236718915,28.46985277886701,96.58152087409714,18.977653049817672,65.36236054067784,20.244999547080667,7.508866886294035,0.07786787984833467,False,3
59,59_612,5750,6000,2875.0,3000.0,125.0,0.964,False,test,4355.241776276314,334.9045589670068,-30.12952142285983,19.908006379656555,-88.44208798476528,14.068679855375358,-33.75726626546144,22.770631966719677,44.58635926867633,30.945299930190473,118.13757805042636,11.915249158788704,-2.9697680748681345,0.09478331878798843,False,3
59,59_613,6000,6480,3000.0,3240.0,240.0,0.9354166666666667,False,test,2255.606943959824,554.2572960113189,-124.2049903728348,36.0950987728479,-78.88723746232355,37.89340716183076,-152.1261759628476,42.21119627678963,98.20902993785306,17.850419510539542,63.944023225468236,22.142387109567178,-2.3212881935741407,-0.0013784915621895093,False,1
59,59_614,6480,6830,3240.0,3415.0,175.0,0.9857142857142858,False,test,3445.9508050427326,586.5912574970947,-113.01214233646577,19.37043993081968,-151.95337734762586,30.75248053566374,-123.43858381838368,21.63220401050744,120.62547416696881,7.716011651909484,46.95143521816003,18.9857781046061,5.414056440457436,0.14335022115802867,False,3
59,59_615,6830,7100,3415.0,3550.0,135.0,0.8888888888888888,False,test,5178.19539514742,404.97085468637124,-54.612127773430835,25.299857229232064,-138.21553883687412,18.733513614070777,-58.256182591626754,26.919295457280825,85.41735073368481,40.937157293148445,85.05303004329171,24.512494302959194,-4.000590772017893,-0.20068887967739663,False,3
59,59_616,7100,7475,3550.0,3737.5,187.5,0.9253333333333333,False,test,3769.4287113463542,273.32184145895866,38.78549318444492,21.928267317276,-84.164176550497,10.932886890705213,46.77136034894793,25.36030883297373,-63.667068928892256,34.46262871043911,109.1136321661504,9.102002043924704,-1.7199329125459164,0.10567339424564128,False,3
60,60_617,0,240,0.0,120.0,120.0,0.0,True,train,2428.4974764342523,1257.1188818783544,-17.731026143636367,41.17213855642805,-40.79804492682867,27.85526052122755,-20.60002863973165,53.474107790332646,16.463595242363997,43.59070419995988,88.2904851799976,41.39547221756483,15.88308568252543,0.08365203188545113,True,1
60,60_618,240,890,120.0,445.0,325.0,0.023076923076923078,True,train,3536.13615438213,858.9514636436684,59.77980977963161,43.11932858221487,-107.09577855689422,55.91474847174206,66.83889430131158,47.215766744089144,-76.52872841058279,44.65841908079093,86.9510102598455,32.78479851923416,-2.3302166446999153,0.011297841487819357,True,5
60,60_619,890,1220,445.0,610.0,165.0,0.9090909090909091,True,train,2390.4337901835756,805.5690813600708,-76.10838994761771,36.4200828193598,-60.046469808434324,52.30756473463642,-93.42853235449968,40.975209838153525,70.02252336257183,36.291360877213464,73.61211765996447,23.225366507032714,-6.336156130852751,0.0589915347854334,False,1
60,60_620,1220,1460,610.0,730.0,120.0,0.9375,True,train,785.7518855323258,403.9692614104666,-175.52435650071985,35.78516329339866,-92.91519712828295,28.242948911024854,-215.38994642219356,39.20813544223185,43.65425077337324,21.84751518590186,18.476248576505974,15.380032915751958,4.292047354900961,0.23200744922825678,False,4
60,60_621,1460,3040,730.0,1520.0,790.0,0.9227848101265823,True,train,3202.748462713491,989.5404122109131,-26.57137135151033,57.65983064355312,-65.10535763961087,56.14710505632567,-32.42117963772492,67.29096112228093,23.849569913543416,64.19438563303028,97.87588580715712,31.241433658969054,0.632441989348666,-0.011044461223699807,False,1
60,60_622,3040,4000,1520.0,2000.0,480.0,0.8354166666666667,True,train,2802.5757483519137,1359.2644045660863,95.9693323909114,57.90477264335934,-98.98377185446574,60.035701536141204,114.91375994930863,69.54452595196331,-83.3660513498129,36.30968508758453,68.03810436418848,32.037776126121216,3.507438403315251,-0.11340722027864848,False,5
60,60_623,4000,4260,2000.0,2130.0,130.0,0.9153846153846154,True,train,2671.322177983239,917.2270632394502,-77.86854439080375,23.711457669639067,-59.6928958343256,35.55173086586309,-97.6178130643294,30.724238323392164,75.90156909364366,21.940065125931664,80.59977270521134,20.80396112937344,-10.952989881764895,-0.16369073816615168,False,3
60,60_624,4260,5070,2130.0,2535.0,405.0,0.8876543209876543,True,train,2227.9830380332223,1594.5173058246214,-130.31993566643703,70.80098548762659,-95.40181471043341,28.399098783306403,-158.23354129812537,86.57867791071324,64.63156657725892,43.50749430399919,51.37214140844563,40.08986824822197,4.025486205736029,0.22557240055609185,False,1
60,60_625,5070,5430,2535.0,2715.0,180.0,0.0,True,train,5052.654348956874,459.13555606707774,-6.755223102501296,47.73738609284798,-123.81796299795909,34.449815791539734,-8.007295018963934,50.33085679661715,7.551556908558092,83.28493771209845,94.00473424795123,29.35207390325099,-0.9076126602498029,-0.35524427357502747,True,5
60,60_626,5430,9240,2715.0,4620.0,1905.0,0.4769028871391076,True,train,196.00657755912815,750.7837881745571,-0.7912984707476987,13.757425451950034,-5.464573684845708,15.30243793287137,0.05484452178667374,17.184717492706554,1.311197785431322,15.43102629237545,4.79005233486153,26.268097588348684,0.27344039538172715,-0.0010345419752369452,False,4
60,60_627,9240,9860,4620.0,4930.0,310.0,0.9032258064516129,True,train,3548.7893971331177,876.1985646259238,59.102082405725305,43.374778247262704,-107.51987981242738,57.57914105913356,65.81031059717023,47.14828159943936,-76.79520948156186,45.13202639858833,85.69290591525679,34.415992401879485,-2.7643282221363314,0.025600001542117733,False,5
60,60_628,9860,10190,4930.0,5095.0,165.0,0.0,True,train,2406.601806636709,792.322318746593,-75.57972247279646,36.31844759613205,-60.67022275498212,53.41778124172126,-92.61578178253532,40.61485587125464,70.88648286522557,36.34913356580041,73.63073056854896,23.394228992227685,-6.169896901088355,0.060596164422000436,True,1
60,60_629,10190,10430,5095.0,5215.0,120.0,0.0,True,train,778.1161655461227,399.98246920935884,-175.41843911006364,35.91486728397147,-92.85745303342567,28.30977632487895,-215.26636822155712,39.359946256426554,43.613743589524546,21.882036554949,18.293868297141042,15.203170851527318,4.190788844313203,0.21320871908315253,True,4
60,60_630,10430,12020,5215.0,6010.0,795.0,0.11949685534591195,True,train,3202.9784424056784,989.735586677453,-26.33209434538197,57.846455581844026,-67.04491899710945,57.347435930873836,-32.047964515333966,67.26668047471638,23.622986328695788,64.9649102301208,97.52288190605344,31.56220444546453,0.641357955809911,-0.008774412168176008,True,1
60,60_631,12020,12970,6010.0,6485.0,475.0,0.96,True,train,2791.1427877559963,1361.7018421510732,96.52511417392265,57.93491703249878,-100.45631682051501,60.56964696594946,115.31922316021624,69.46834964516253,-83.66436668037699,36.3466463516666,68.53868503416965,31.871849772836605,3.6492408225954294,-0.11790847881073878,False,5
60,60_632,12970,13230,6485.0,6615.0,130.0,1.0,True,train,2690.1391240375847,926.489297135274,-77.0856446813379,24.82692796910256,-60.73132508550963,35.968264568223994,-96.48483964707003,32.110009081765845,74.78754851424668,23.303510883632818,81.68946653387968,20.99140602671963,-11.13895867144137,-0.17626509936266038,False,3
60,60_633,13230,14040,6615.0,7020.0,405.0,0.9753086419753086,True,train,2221.238392883906,1590.1485068136851,-131.83051904427396,70.73529829515554,-95.82697423706682,27.94865411069201,-159.9239403379084,86.51895058515841,65.07920632328728,42.37254961044895,51.813601509745716,40.22971441567939,3.981772109432096,0.21983393978007656,False,1
60,60_634,14040,14543,7020.0,7271.5,251.5,0.9602385685884692,True,train,5095.150105156839,369.13491933889077,-22.109314180715845,48.020477605649575,-127.03347147477659,28.61818695434735,-24.313617679520533,50.877180301710446,33.43519281859497,82.54131869832902,90.98264815183907,25.14582019892465,0.012464368541124609,-0.2597873283649888,False,5
61,61_635,0,710,0.0,355.0,355.0,0.7464788732394366,True,train,4148.750761993468,1015.4131751219924,35.48107823076218,58.38517388470323,-119.86409505566682,53.84222677467641,36.89095184148129,64.30337824043234,-49.02884051184339,75.44047636386847,81.53585792184037,40.53945184052238,-0.34499635151145924,-0.042869247076682875,False,5
61,61_636,710,1030,355.0,515.0,160.0,0.59375,True,train,791.3143706231093,310.77587896074516,-140.09552305231426,59.664586521266976,-70.14009478428764,40.87154239133191,-174.40080788386277,68.41791899107183,37.10163132008104,19.25438067200888,20.398732521216207,13.883925345272713,-0.5997562150261506,-0.3391824256864352,False,1
61,61_637,1030,1270,515.0,635.0,120.0,0.8,True,train,4475.218898945735,825.4122613498141,52.18346422802834,35.93602498235354,-136.72534069692662,48.20479109125602,55.18875920946278,38.203257442626196,-86.95971634908408,47.40257173904129,71.60854641805744,38.19511044846536,-5.641031738544787,0.34164950302613856,False,5
61,61_638,1270,1640,635.0,820.0,185.0,0.754054054054054,True,train,3612.38815838535,506.04770631798516,-66.36975074983309,41.96051211352485,-97.890158354895,37.6911657188018,-76.20150418055567,46.744742473501915,77.48617375778575,53.74411898311354,85.11374264580043,27.666668186261198,-0.26814966174901156,-0.06847667284695487,False,1
61,61_639,1640,2060,820.0,1030.0,210.0,0.7333333333333333,True,train,1235.5557363196,953.3599061692046,133.13985391605627,63.4949584777071,-78.58119929376171,35.61104163584314,166.5630509268798,75.65518054098058,-49.81307422953147,35.42143073128565,43.612266594505904,33.52442682643759,-7.02520748746243,0.18948395544954613,False,5
61,61_640,2060,2580,1030.0,1290.0,260.0,0.7711538461538462,True,train,1337.271768679658,634.1944410310373,-2.740096818686798,42.57223416780209,-11.470972644387764,9.07427889607528,-2.0438515927613525,58.127072920337696,-4.824085524941459,29.4042296421571,58.11263454022207,28.84023456624273,-1.916832155718406,-0.016149490951962858,False,1
61,61_641,2580,2820,1290.0,1410.0,120.0,0.7291666666666666,True,train,2038.658607103465,630.0067347006926,135.5891857085077,33.49426879558863,-105.19324022424098,50.90399496377699,162.90119143329625,38.65075440069864,-99.66227840627774,24.952608081312174,51.334586462991325,16.588849293587682,5.318046215448572,0.1944286695578633,False,2
61,61_642,2820,3090,1410.0,1545.0,135.0,0.6518518518518519,True,train,4727.300370075767,544.4084171983715,4.172043342061291,42.46853943176692,-108.44903443436434,33.355306760598886,5.227101303145624,45.93637472735472,-18.609052560945646,68.68907994221225,102.68968133890803,27.7438790473832,3.2531047839803313,0.13389251987316103,False,5
61,61_643,3090,3360,1545.0,1680.0,135.0,0.7185185185185186,True,train,1510.2790523957915,842.872768830826,-145.6148001089025,73.02295110654642,-84.78788397948223,56.24379580720423,-177.00037467316994,84.75272486237381,61.04276819979285,35.290289257822614,41.52707130060354,36.81844427053063,1.907488018774791,0.7506502313127897,False,1
61,61_644,3360,4120,1680.0,2060.0,380.0,0.8144736842105263,True,train,3601.4577784867474,1060.4927194253323,-8.334847970931644,63.954447005207875,-80.79607178594846,46.7636330126273,-8.597112257470785,76.20663379785118,17.10846479480851,73.91022239340403,96.52498035936232,29.141010298094763,-0.07702370045158895,0.19679799636690518,False,1
61,61_645,4120,4710,2060.0,2355.0,295.0,0.847457627118644,True,train,3951.4627143280572,1049.7405597616873,75.27082728830364,48.14476691533504,-132.26955987735084,43.24567106703843,83.69214437607364,54.29347579153613,-96.13497104997191,34.79829285011655,71.80374121612697,33.01663228586476,-3.1761505234767045,0.13259524767684364,False,5
61,61_646,4710,5430,2355.0,2715.0,360.0,0.5833333333333334,True,train,3134.7558531485774,1267.3170742089858,-34.7488339447437,67.97091137527704,-64.98828204615246,40.016365840097706,-40.968126922410065,83.13768605030371,20.031538771807778,61.65034344935985,93.99902714126506,37.3546613007617,2.051535828687875,-0.07046754487710348,False,1
61,61_647,5430,9110,2715.0,4555.0,1840.0,0.967391304347826,True,train,6.663781072540922,112.39136497997974,-0.13898931618083774,2.2745876304256876,-2.0530597931133245,1.0593624973695357,0.9031492375291797,3.153742129369305,0.8537064024328206,1.9352532625854002,1.5239405971006952,4.584206118465269,0.008771295173422344,-0.00022398616807593337,False,4
61,61_648,9110,9820,4555.0,4910.0,355.0,0.8915492957746479,True,train,4179.466864298868,940.0995819963915,34.9680189020695,58.57731791768976,-125.36864505940741,52.079361737465874,35.82104310773474,63.99642961292806,-49.1488831712752,75.55682949797178,83.17833656343298,39.03434823550465,-0.8054361161324493,-0.04586477799096557,False,5
61,61_649,9820,10140,4910.0,5070.0,160.0,0.85,True,train,795.6530358474762,318.6502342992758,-160.27397873281137,67.0144218046462,-86.20556603540993,46.0779797956795,-196.33127790511298,76.74644935891776,40.49352407810524,20.418777494627527,19.253714282316572,15.010824970151397,-0.4164779894779113,-0.5821117467169182,False,1
61,61_650,10140,10860,5070.0,5430.0,360.0,0.5736111111111111,True,train,3737.7808358773423,925.9147467054997,-4.890189284049389,77.10134449195112,-109.3672092336255,46.77235310820515,-5.554121777086078,88.27434351139004,1.68680590451932,92.87667509236695,82.4792085413132,31.89812031904947,-3.21244393102596,-0.05676363160847983,False,1
61,61_651,10860,11170,5430.0,5585.0,155.0,0.0,True,train,763.6090782007069,416.5064479992218,153.9868500930131,48.43307905507408,-85.47889666075193,37.01117375799585,192.20690649212236,54.717910739192156,-46.455624317405686,30.548518032191417,27.557066403040082,11.038840867717136,-3.9835422151198117,-0.20066149828065727,True,2
61,61_652,11170,11680,5585.0,5840.0,255.0,0.0,True,train,1335.0791248256214,638.9377639047251,-4.056775927439367,41.90469537191803,-11.239138377897305,8.971040621239704,-3.8208304127394253,57.25357621258952,-3.9476882236222597,29.350316789867332,59.94535094762354,29.887860398647,-2.1007052331328766,-0.025013914727517288,True,1
61,61_653,11680,11930,5840.0,5965.0,125.0,0.0,True,train,2043.929200641132,642.5277314946542,132.92031178707748,35.386871372569004,-104.63439306297168,52.66963533742193,159.65459837383605,40.4766958309858,-98.0989762521638,25.630278676316188,53.73490707773294,16.680207624691707,5.395603775083694,0.20293924956633205,True,2
61,61_654,11930,12200,5965.0,6100.0,135.0,0.0,True,train,4734.197270094914,534.1633626646047,2.346799183551931,43.26855976145161,-114.97579749783316,33.84742637925693,3.224534832331525,46.15809037577659,-15.85226197832565,69.022152159594,102.79082471592523,28.163496589479156,2.873979114673896,0.1254090327710454,True,3
61,61_655,12200,12470,6100.0,6235.0,135.0,0.0,True,train,1490.2664811703742,799.1498024344455,-145.0173883733101,73.51940919475389,-83.50478671145542,55.714847143901025,-176.4107727944388,85.08219151494792,61.050723182399736,34.84015023376178,44.507306779062326,37.95866046344725,2.730529279428987,0.7794182642860223,True,1
61,61_656,12470,13220,6235.0,6610.0,375.0,0.0,True,train,3591.1754944236686,1052.6297849676705,-8.395351982516127,64.25374055302062,-86.02507490968564,47.41448708810632,-8.373075099346465,76.03885839142282,17.391070607946062,73.87814076609057,97.29920429307967,28.78579593030124,-0.24037538864816504,0.201690579531031,True,1
61,61_657,13220,13820,6610.0,6910.0,300.0,0.0,True,train,3965.9279209216934,1050.3982210026873,74.36336835251434,48.38700013673176,-134.72241355982385,41.168408175778445,82.48084330272104,54.82280629499225,-93.90524959698199,35.35061067618058,74.91231153058392,31.482956881758135,-3.1671708125877993,0.13167720424511148,True,5
61,61_658,13820,14516,6910.0,7258.0,348.0,0.5186781609195402,True,train,3147.012322412781,1277.8062713501772,-35.35269699387827,68.89954088893107,-68.08127477609771,39.83630293829938,-41.604989504944996,84.2367592127372,19.92648873855843,61.484128408644,94.57364718726676,37.42786750380963,2.4380571588748854,-0.0787782283295184,False,1
62,62_659,0,450,0.0,225.0,225.0,0.0,True,train,4189.59362388896,1260.4204706513403,1.173307223655399,32.01114744690339,-84.05822025499128,48.17738880046357,1.3707022014716777,37.6919852973763,-5.859056884533916,49.23728502175249,113.71682718707974,21.24035632232486,-4.875630284233736,-0.06901336905982816,True,5
62,62_660,450,1560,225.0,780.0,555.0,0.0,True,train,2445.4932629669634,1308.7798652406639,-105.58190396088698,52.85176896176755,-84.2697730443883,44.96828734235733,-127.80551492600976,63.44530199326526,78.4755688996527,35.795762970582274,63.14802664198023,30.73613842444169,2.222088017351207,0.10696990827056668,True,1
62,62_661,1560,1820,780.0,910.0,130.0,0.0,True,train,4012.519752392633,1308.953108206998,56.06815149628654,58.12575085219646,-113.2979506888394,36.07746589362552,66.56601316211912,70.04219386047927,-62.28957342969791,55.654524914292914,91.7065039519491,30.813414641949663,-15.250323906337858,0.5297587182442266,True,1
62,62_662,1820,2160,910.0,1080.0,170.0,0.0,True,train,1322.9332495054728,583.5912014671867,167.9507101202138,40.74554356456418,-103.99437835716373,36.82554115171375,205.8164992137225,46.54262702883536,-79.04757286353788,32.06786907391029,40.227413465643494,13.506205669389,-3.4723993790668137,-0.09928739985358728,True,2
62,62_663,2160,2580,1080.0,1290.0,210.0,0.0,True,train,2394.9669572231846,812.7574048406306,69.86218526968298,24.691540905638494,-57.87814642449354,52.0565769779515,88.41003940380345,26.848098674568654,-70.25982530376002,29.30466264899922,82.233682446264,25.580884806976012,3.0306631603738556,0.04544450108918379,True,5
62,62_664,2580,2820,1290.0,1410.0,120.0,0.0,True,train,1143.7061326356322,651.0404274805445,-145.66672069884243,69.88870242061557,-80.05462369312279,43.318882883055615,-179.62194110048287,81.6571236353118,50.39575376152957,38.56167343162087,30.85904140675558,25.206180365440026,1.5860146665169403,0.5031289657393117,True,1
62,62_665,2820,3290,1410.0,1645.0,235.0,0.0,True,train,3096.0148420054115,773.5490040588777,3.1595758350253957,21.263893669305254,-35.14525930364673,32.73406020874522,5.253611607562811,26.868201791380706,-6.207379123973156,30.798283417439208,119.0029404826814,15.01152008470688,3.3679065657855403,0.013258179173677326,True,3
62,62_666,3290,4410,1645.0,2205.0,560.0,0.4660714285714286,True,train,4442.952067756144,821.9516121759011,6.9376499582130045,65.91774898616961,-127.37240240082413,38.00141855016075,5.752184228209603,73.1619983251975,-26.876725457619084,86.18841327387179,85.60990527643428,31.108240814457393,-0.3894568194024182,-0.09716761243204183,False,5
62,62_667,4410,4720,2205.0,2360.0,155.0,0.2806451612903226,True,train,3595.936690312802,638.6927727659785,84.43750487735632,37.746741699362424,-138.4066763898791,46.479967638213395,92.29929348976492,41.34159059951832,-102.20259812860203,28.336535353776334,65.74578939170357,32.02418023504746,-3.8714674394494413,0.0973009802077987,True,5
62,62_668,4720,5380,2360.0,2690.0,330.0,0.30757575757575756,True,train,3598.8159457149245,1691.2654644892555,-51.11035564649795,52.24367948295153,-80.52944076352355,46.060859773296805,-61.17608817404579,64.33627887339249,47.90908267348717,45.53436117106926,89.96750231970452,33.36725322177843,3.0660744919371203,0.07500919158920366,False,1
62,62_669,5380,5820,2690.0,2910.0,220.0,0.32045454545454544,True,train,4763.434254665117,534.5057645959522,21.99970414525852,45.91644770075718,-126.01127381649607,35.086470278189786,23.581641162413508,49.011198174772375,-47.299862891369244,71.6137129826479,90.40571058450323,29.837778364440286,-1.6513141847646715,-0.16352473401205514,False,5
62,62_670,5820,6100,2910.0,3050.0,140.0,0.22142857142857142,True,train,2498.9179319621335,732.4837182742622,-112.65482408493173,40.367696693445374,-80.44769721258136,36.47043744277717,-136.80057578580454,47.64667731924613,95.30113883473311,23.184458904651503,68.25868865251013,22.968590291656746,-5.866411973083327,-0.08406364217805058,True,1
62,62_671,6100,6460,3050.0,3230.0,180.0,0.23333333333333334,True,train,949.4195571039232,421.71256141822533,-26.33537430895973,43.052756635904174,-14.195462055494295,10.962621194153046,-34.37392419628772,58.290004548837494,12.211586560375956,20.52161468707421,40.07445776299447,18.14023646768593,-0.9269797007343914,0.15878396832385389,True,4
62,62_672,6460,6880,3230.0,3440.0,210.0,0.530952380952381,True,train,1829.1936206935368,1104.0502785904089,98.79440630700421,23.872533738855594,-74.27249496386511,50.80513976521739,123.01243841516961,28.76117936258185,-71.69798054493435,39.764418213260264,51.674409307563515,24.808123903089356,-1.2161932720559774,0.04355209452058518,False,5
62,62_673,6880,7250,3440.0,3625.0,185.0,0.5972972972972973,True,train,4519.169608527404,449.4409412557525,-41.40554639836618,33.88098555712128,-109.93955891958745,35.64188179350095,-44.39749944497911,37.25992496512178,60.23847498563849,50.815591519828075,99.23098367028514,28.35282954543143,2.266360481756863,-0.14452470183759672,False,3
62,62_674,7250,25600,3625.0,12800.0,9175.0,0.45057220708446866,True,train,1.2491365431553438,51.08404415870877,-0.00011902621847688161,0.006551300456499027,-1.9998689107070207,0.2242152957838541,1.0940120143976713,0.06076193763187388,-0.019607310821476775,0.4691395245753112,0.9690759066262894,2.18246336710828,-0.0004081944578251173,3.8905811602189094e-08,False,4
63,63_675,0,420,0.0,210.0,210.0,0.5642857142857143,True,train,1605.8833398682675,799.4236056590503,-34.72512536141196,74.61396712189631,-30.077583256317034,33.43140366588806,-42.90888741876375,93.85698436577113,10.238816985531615,41.591360698836304,66.9454461977191,36.21341194141194,2.220780548666675,0.38815325375066834,False,1
63,63_676,420,1490,210.0,745.0,535.0,0.9121495327102803,True,train,3324.207586812803,1185.7950803742215,60.23918408119168,54.57123856602087,-103.3969308682809,65.23546473670196,68.97964561594408,62.061836691592454,-68.36399775619554,53.09440384577684,79.08972926294592,33.37650148368668,-0.7181301965500912,-0.050572091914095736,False,5
63,63_677,1490,2510,745.0,1255.0,510.0,0.9009803921568628,True,train,3231.1304215180844,1355.4550385704974,-23.74484702615199,85.46175531267131,-94.23364042598337,56.198463930886156,-23.91299001103485,100.63126956499009,43.30336749613944,66.22527264353008,80.84365020031345,37.33843078177133,-1.5040148095324182,0.12362951392061425,False,1
63,63_678,2510,2920,1255.0,1460.0,205.0,0.7951219512195122,True,train,1889.0286338687863,1084.9264368099234,-78.38581750684585,53.52235839487012,-60.96963813139855,52.06774691958248,-95.03817941018174,64.47487270224816,64.96272010100854,47.413095331624476,52.819473981910505,24.016221790421877,-8.791349853952905,0.3128710994107638,False,1
63,63_679,2920,4160,1460.0,2080.0,620.0,0.8016129032258065,True,train,3144.1630297956153,1271.8978139285282,67.90341554596391,73.64184816205785,-108.66861857877035,52.64474158276623,80.00325482175522,85.83624367977545,-62.02384166971123,68.31319788484255,72.92125697201647,32.28747787600923,1.098807933700897,-0.04190944541115303,False,5
63,63_680,4160,4730,2080.0,2365.0,285.0,0.5017543859649123,True,train,2414.9772311432093,1195.224148136636,-58.15349743384919,69.26322678170216,-67.29977552535793,56.68092414262945,-67.45878172083594,84.37704747381812,50.22423429739005,57.98073637424985,67.73624682142342,32.13057660374046,0.29832412333162345,0.2923400905979118,False,1
63,63_681,4730,5060,2365.0,2530.0,165.0,0.9575757575757575,True,train,3017.521017497934,1127.790217819196,89.04351418238248,42.65513482688847,-112.3482595622361,56.36814006667433,103.15611928422487,48.42228516946678,-90.42986673387928,33.94543755405794,67.97809493447313,30.542287675420944,-9.076992327045078,0.09079452015440209,False,5
63,63_682,5060,5420,2530.0,2710.0,180.0,0.9083333333333333,True,train,1817.6676134948411,1162.3430372150551,-56.63588777646411,43.85832154496842,-41.4189700401574,50.58754406560819,-70.63199539858526,55.11814256357881,34.982275508755066,42.71090786006607,59.34703195129425,34.553887050170076,9.060939549085024,0.048037706938623886,False,1
63,63_683,5420,10800,2710.0,5400.0,2690.0,0.8059479553903346,True,train,0.19149853225285254,5.634876041672825,-9.95732134918297e-05,0.0029665806683391253,-2.0009754152039547,0.008322115693176781,1.0969943533926838,0.0033627514564804205,0.19012130916013892,0.06384406780374657,-2.082667438824215,0.28295227387105926,-0.0002079219926771299,1.1092320714837537e-07,False,4
63,63_684,10800,11050,5400.0,5525.0,125.0,0.96,True,train,2071.506144300565,405.45070392501293,170.5411321202987,31.131706768225925,-147.34872028189636,41.78700753846488,195.25014090941448,38.550235714152514,-119.71230511026887,16.871160964343048,41.23350020863567,14.608308554287254,-2.172004336429865,0.36510313248560033,False,2
63,63_685,11050,11370,5525.0,5685.0,160.0,0.73125,True,train,1630.4697416572822,294.86717154384905,210.7413008710996,21.317177856988057,-148.2414590376512,26.644304258616845,248.95216976089463,27.43768129669845,-112.56459750430126,14.497724787010952,37.497483404337004,10.270514305268271,0.8922874445283797,-0.06940158798254804,False,2
63,63_686,11370,11650,5685.0,5825.0,140.0,0.8285714285714286,True,train,2174.6084202800994,358.89710625976426,91.97952554507187,37.90310895137084,-46.47091372474546,26.04932764874527,119.58285379384999,44.3543317042706,-81.67318398642078,18.94527310899156,87.40817103028974,19.73533041071045,3.3623144824948117,-0.4259609907661336,False,5
63,63_687,11650,12320,5825.0,6160.0,335.0,0.891044776119403,True,train,2407.1539006197736,316.8485387999596,46.548210417555666,14.987657892168718,-20.449489310981786,14.073154502417802,64.51330841889549,19.00637771795911,-54.789863147796055,15.967384183094625,106.47819394392648,11.431057175756846,1.2928973966654214,0.014784357977008947,False,2
63,63_688,12320,12670,6160.0,6335.0,175.0,0.8257142857142857,True,train,4074.2947333743323,673.0646560918705,67.25408681459619,40.72282563547353,-145.25136418709693,41.77475675289235,71.59141040795379,41.309895805204754,-91.0496546131707,43.755817379096364,72.942474336073,39.32541436299016,5.438829395324955,-0.2733880190463498,False,5
63,63_689,12670,13660,6335.0,6830.0,495.0,0.7696969696969697,True,train,5043.3273436282825,386.6991119814085,37.010945690196884,33.5199728135252,-138.2619066053793,29.084283728658136,39.46714562396795,34.695875815002985,-70.60002313725062,55.87713286880001,88.40471147995545,30.90099729487271,-0.7228435436573308,0.07588573149623686,False,5
63,63_690,13660,13940,6830.0,6970.0,140.0,0.825,True,train,4729.567512418958,201.0199655271918,-45.87352805617085,23.189025912415204,-115.52624117127452,21.869719283033216,-49.953017335769005,24.855754328985906,70.80744564011574,35.771985507542546,101.66538450658162,23.045268134869918,-1.1291320413190928,-0.23888343403422377,False,3
63,63_691,13940,14360,6970.0,7180.0,210.0,0.8714285714285714,True,train,4162.9518826487565,241.93087297126806,-67.58344212803212,26.253619977030215,-124.61789602966277,34.4820410073577,-73.71936797144126,27.100534947583913,92.59887271424634,31.2955945637938,81.83133791443056,30.067313131624374,-0.8395384051559118,0.1479415228777229,False,3
63,63_692,14360,14630,7180.0,7315.0,135.0,0.6555555555555556,True,train,4544.6736634025365,260.8024190793776,-12.695817532187219,36.04787710367073,-99.30880621658368,15.490032353907162,-13.167407916007958,40.69164918245363,13.23001731070043,61.381518099016226,113.86618742209501,13.810396715844886,1.1905515276660423,-0.34261325108363144,False,3
63,63_693,14630,14900,7315.0,7450.0,135.0,0.5259259259259259,True,train,3647.006989928308,292.78337876062943,-101.63772211002953,18.24407247930246,-148.3974154117637,37.44445618835222,-110.23109201470172,16.1925590213036,116.83291920867325,12.167509234741305,52.4707890618057,25.051917044386048,-2.855322410269621,0.08159336156555914,False,3
63,63_694,14900,15200,7450.0,7600.0,150.0,0.9166666666666666,True,train,3040.4285599498,346.9328235086434,-38.79487845551618,18.360454360348896,-33.741775830603736,17.233055298598014,-49.67670070585147,23.475193059617833,50.42942964839319,22.96564972259225,115.66249420491744,9.440587334907516,-2.0115069055955237,-0.07505266624473496,False,3
63,63_695,15200,15460,7600.0,7730.0,130.0,0.23461538461538461,True,train,1647.8448647076377,500.92402784957983,-92.65088841429298,30.111544565159353,-40.52769630376325,19.64162188487488,-119.83238214532487,37.09962541159027,62.21730593438186,29.17232084266793,57.294465961645635,14.402412339846977,-4.660926880041502,0.34085735235167597,True,3
63,63_696,15460,15820,7730.0,7910.0,180.0,0.6583333333333333,True,train,926.6599489970112,337.9836066353213,-30.390123694348958,17.746668906571134,-8.15393219097579,6.007471986818187,-41.184756467274845,24.161123328597714,13.80701772442863,10.453914817340207,39.06382416379607,14.828907970129004,-2.691288117497377,-0.0033533873968237707,False,4
63,63_697,15820,16290,7910.0,8145.0,235.0,0.9574468085106383,True,train,1198.4410249969187,442.326394645334,12.757104211798895,15.772568545907701,-4.793366318446034,3.2030194452212255,19.364591902877297,22.27175647087248,-9.248079949476454,13.132279020416323,55.42025958630948,19.63144947990038,1.9310503336289062,-0.016107759678645608,False,4
63,63_698,16290,16668,8145.0,8334.0,189.0,0.6005291005291006,True,train,15.64618930326218,109.88567198121714,0.0002577519787350575,0.0020227537451235414,-2.000697033467082,0.0012556056211457884,1.097616482303009,0.0031910173406309744,2.3016694875578816,0.33641058890655046,-0.8968579348958289,5.3562379353161855,-0.243690351858113,-4.02578793766104e-06,False,4
64,64_699,0,420,0.0,210.0,210.0,0.0,True,train,1634.0869194743184,796.2377411341934,-35.64176106644873,75.03474326501139,-31.04873250562235,34.13017698499706,-43.978520584966155,94.33228512293002,11.161422973958064,42.576705645709204,67.60314542452608,35.65622762538923,1.840476568999341,0.40105205546826034,True,1
64,64_700,420,1490,210.0,745.0,535.0,0.47102803738317756,True,train,3324.174107614239,1185.8036495877072,60.23432437086291,54.568387168679536,-103.50690606977871,65.29427881067836,68.96398460817736,62.05224929518009,-68.35627354937355,53.06469270773689,78.98247483847281,33.39020691874369,-0.7181820634712757,-0.05056700066499938,False,5
64,64_701,1490,2510,745.0,1255.0,510.0,0.611764705882353,True,train,3231.1827907516945,1355.465383706152,-23.745578524864275,85.46124961172812,-94.19447988001019,56.162465731068814,-23.91918957225065,100.63291442735144,43.241810388622326,66.17705534970173,80.82541211057053,37.328714712729095,-1.5039584004826945,0.12363116915860915,False,1
64,64_702,2510,2920,1255.0,1460.0,205.0,0.7317073170731707,True,train,1888.736142046241,1084.728843967115,-78.38581726575626,53.522357967771704,-60.24133267259533,51.28780881731111,-95.19320945414711,64.6063650144106,64.67709706887591,47.343822803254014,52.80505800052863,24.03256979534387,-8.788884886797746,0.31287109498060134,False,1
64,64_703,2920,4160,1460.0,2080.0,620.0,0.7524193548387097,True,train,3144.1651690450767,1271.9073601774094,67.89973190248283,73.65128879700502,-108.33493922220552,52.658882266475885,80.02494019013966,85.87825246621331,-61.997496327367024,68.28122992821135,72.74936128436175,32.34391058385482,1.0981695439819854,-0.041908205119202575,False,5
64,64_704,4160,4730,2080.0,2365.0,285.0,0.8210526315789474,True,train,2415.2357572200585,1195.3350883052456,-58.153497895844055,69.26322701251308,-67.00826920070197,56.48602471783342,-67.4925658577976,84.39939829450843,50.18275073276524,57.9823860322445,67.53061895086744,32.084723265483206,0.29905513867504485,0.292340090525946,False,1
64,64_705,4730,5060,2365.0,2530.0,165.0,0.7424242424242424,True,train,3017.098791764521,1127.8113186377057,89.04317534989653,42.65383028567629,-112.01123800060864,56.30064800278342,103.21519961159315,48.44052864195853,-90.37772067445546,33.862790661081036,67.75271177197305,30.566553359983196,-9.077218938904435,0.09078119107127906,False,5
64,64_706,5060,5420,2530.0,2710.0,180.0,0.5027777777777778,True,train,1817.5953803440475,1162.4163870262098,-56.635888057527936,43.858321021603466,-41.29810936886505,50.35846761529564,-70.64425036014256,55.127080249365356,34.929528087102014,42.69094623374365,59.168970156415256,34.51018513024948,9.057312364915877,0.04803770417344746,False,1
64,64_707,5420,6250,2710.0,3125.0,415.0,0.3060240963855422,True,train,1.2105801404371457,14.13173295785963,-0.0006454263968125139,0.007533281205571557,-2.0022683560269376,0.020605468399415846,1.0964370890261734,0.008354897334444457,1.217198694336336,0.02441645983275431,-2.0601838120337774,0.686620260105557,-0.008689134201945805,4.631699800796784e-06,False,4
65,65_708,0,1120,0.0,560.0,560.0,0.0,False,test,2691.469725776119,1243.0424587568943,-38.57719406674146,66.49788177282755,-57.01141644501115,50.828405388507726,-47.84563487036074,81.59437017700483,40.39792569024129,53.822110120278055,84.73997650969874,31.59837880139766,-2.8078892905067394,0.05047889173960515,True,1
65,65_709,1120,2100,560.0,1050.0,490.0,0.0,False,test,3499.69693327841,1146.193966834152,84.2310872628688,46.710756835130184,-131.56579710411646,58.30174065219412,93.70794873488602,53.528138993868474,-94.69405703477189,35.218504740853014,66.54389462815845,34.68025824125746,-0.8586342605005212,-0.006721384846043069,True,5
65,65_710,2100,2340,1050.0,1170.0,120.0,0.0,False,test,1230.8887922075558,828.0181172912586,-80.71111996404595,65.21045508650374,-40.65186687593621,39.47318646224135,-102.05756439970618,79.25863832430828,27.876737399328416,21.473976309981975,45.63941346632701,29.240035118127924,-1.5285925947373324,-0.7379403105672216,True,1
65,65_711,2340,3480,1170.0,1740.0,570.0,0.0,False,test,3155.59439634334,1483.2938249943038,2.4117807352082212,84.20023954559922,-79.22071458363419,47.303356457255866,4.050799359458292,102.7811925129871,5.249944155765935,74.84447669848258,84.88554648678094,32.94519844695658,-1.8422307183157445,0.1654599783352859,True,1
65,65_712,3480,3950,1740.0,1975.0,235.0,0.0,False,test,1426.2908251326646,1012.5421311261352,-82.340810411204,66.64268675412819,-43.51428782634154,33.52399140395539,-104.12837765092817,81.76023417694402,31.7197380735034,26.852108314700754,52.010625941503825,42.614728493436445,5.733876885286056,0.44694926293824205,True,1
65,65_713,3950,4230,1975.0,2115.0,140.0,0.0,False,test,4729.557795005415,421.20215770371783,53.29292754229433,27.26757455716235,-147.0297268408836,39.20255876340716,55.55628397616294,27.13679337610445,-91.69311775407753,41.069154701950964,73.87452431573887,35.58895714046212,1.157624560034272,-0.1965875132637235,True,5
65,65_714,4230,4640,2115.0,2320.0,205.0,0.0,False,test,4835.6392388936965,494.0913680740828,-21.03424745674551,28.679353612590706,-104.65374021186012,25.853215520298175,-21.85741434734631,31.528974356973126,31.416199957795506,49.61496245862205,113.58395100272737,19.472359869282663,-1.075051184359633,0.03489029000445881,True,3
65,65_715,4640,5310,2320.0,2655.0,335.0,0.0,False,test,2078.4395327412826,790.3152046754509,-104.570752461042,58.55079784915873,-69.63694459894457,50.84360801517316,-127.71805258940319,69.01323176431939,71.22141181449985,38.95012930704294,63.73716155202506,32.16553466715779,3.1330882147141215,0.20169399147886258,True,1
65,65_716,5310,5790,2655.0,2895.0,240.0,0.0,False,test,3729.40051023152,844.0251710910784,83.03219686932508,47.007412973343875,-155.39978554755993,45.62287009183615,88.27958693065787,49.69429387371972,-97.87545923434818,51.05146398731086,57.93958999872434,35.925733629556106,-0.9695548522617136,0.06977547020400679,True,5
65,65_717,5790,6300,2895.0,3150.0,255.0,0.0,False,test,2575.12775073193,780.8723230643384,-104.74054104872036,83.84216004736443,-93.66151828899653,42.57929123017919,-125.16287138650232,99.51062514990063,73.40142794455106,64.69673298761344,67.49818814254228,29.7741332882374,-0.03225249304991397,0.26489285835585086,True,1
65,65_718,6300,7380,3150.0,3690.0,540.0,0.0,False,test,2624.11419588418,1400.3061600862397,31.84104010622157,76.363915529775,-77.5288710274448,63.32928290482298,39.274873152026835,90.31682427483642,-23.777880091660453,70.2092127136463,71.8073512841341,38.691023419827594,-2.0054474940011433,-0.059760847469471495,True,5
65,65_719,7380,7800,3690.0,3900.0,210.0,0.0,False,test,4289.873993494482,1077.6091839450964,-67.66164346942536,35.983681297218965,-113.8881587181328,30.140290541199427,-76.5733723899001,43.220081175344696,84.27901886274871,30.505163294090558,88.31162997035759,25.080431158062698,7.748083848878722,0.2105553918060198,True,3
65,65_720,7800,8820,3900.0,4410.0,510.0,0.0,False,test,3545.52127751627,1301.725998928165,71.44233626549824,60.50589240436515,-109.71003647304144,56.39066064693921,83.12906718056176,70.67141163221082,-73.01679694110535,47.003841313453215,79.84831205231998,39.69679253693965,1.4675409401334656,-0.043381601134389124,True,5
65,65_721,8820,9740,4410.0,4870.0,460.0,0.2217391304347826,False,test,3578.7597194597893,1269.4112922063453,-58.12618484782784,47.62462810203332,-84.65951528337744,37.29244830925737,-69.35240483444073,57.85192338992022,58.16213404106687,49.09735352660205,89.90740506646384,28.74985878197217,-3.575857059890537,-0.0657546393389876,True,1
65,65_722,9740,10040,4870.0,5020.0,150.0,0.15,False,test,1552.7348830222954,683.614148192274,112.73807529734772,46.98963754415637,-63.77594219927921,41.56685620906731,142.21670128060552,54.164883043721204,-66.88107454235741,39.19737258282201,55.43388171262183,24.878562612218108,-5.510419028609467,-0.15311261506405088,True,5
65,65_723,10040,10430,5020.0,5215.0,195.0,0.23333333333333334,False,test,2509.0263431595517,1327.020199916496,-17.28840707324844,48.162673779073266,-48.892515915201294,54.14208625549865,-24.45898579099024,56.601362655478034,4.456868960201434,53.2807665661424,77.48741266392175,39.519895390216845,10.998557728062178,0.22972685550939295,True,1
65,65_724,10430,10780,5215.0,5390.0,175.0,0.14,False,test,673.2697657114237,258.88309694490073,-111.92171586241673,73.69785264663392,-57.66976417083379,36.658279819743576,-139.60859242164204,90.76025488557246,26.615585773231494,20.267083200355902,19.06257702675414,9.670140132178128,-0.8448737915081347,0.2442796533964327,True,1
65,65_725,10780,11580,5390.0,5790.0,400.0,0.2525,False,test,2536.0745519806496,1218.977076332324,72.75400583848048,61.83612168567278,-74.92470920218636,61.4257536562191,88.29438432753534,74.77515807337657,-64.2991647474294,50.634140114385424,71.27411108595503,30.177295471374812,4.902163801468063,-0.05937810499011335,True,5
65,65_726,11580,11930,5790.0,5965.0,175.0,0.38857142857142857,False,test,4669.850130921324,650.5234455280095,-39.467364947293554,32.32121027598862,-109.39120362838233,26.403353456972884,-43.19722752116574,35.48280595648037,54.69498443119074,48.67001323540531,100.48254305890612,23.397519587970184,3.7280954335588077,0.11034101739037594,False,3
65,65_727,11930,12220,5965.0,6110.0,145.0,0.2793103448275862,False,test,2838.7657198438146,872.1147316089176,65.35537795788693,34.705750198920434,-81.701320618926,69.04899411470234,77.26077145540236,38.0298431970353,-76.05496118367847,40.72110907804304,73.98906822920259,26.490410672733997,-10.050867928614805,-0.10264654685046935,True,5
65,65_728,12220,12750,6110.0,6375.0,265.0,0.5641509433962264,False,test,708.7146808946233,483.8588618721249,-14.623015838074078,73.69096452905313,-25.469982180107944,24.723506982056083,-19.072987249565834,94.82632099686202,5.668140978221995,25.10482284348177,27.914722149871633,18.680106018719243,0.52815601497676,0.0246257967141325,False,1
65,65_729,12750,13320,6375.0,6660.0,285.0,0.43157894736842106,False,test,4698.112524247787,565.1495929330126,35.905227283162716,31.222307191419304,-120.0459730533229,42.87707099599164,38.85965427693946,31.94642247088243,-65.46559153150214,48.62604729998214,93.46383589523865,36.18770664535562,0.16337122726631995,0.08873666342051649,False,5
65,65_730,13320,13900,6660.0,6950.0,290.0,0.5620689655172414,False,test,2006.2955018324271,933.0482440429275,-106.47414539031134,57.8590539167561,-72.42392796776258,47.90056338504137,-129.0115964772741,68.08059899435136,74.18731627640204,45.515232144056625,55.73694181568676,30.2240980922659,-5.094146396072747,-0.010749134728072677,False,1
65,65_731,13900,14290,6950.0,7145.0,195.0,0.7,False,test,1814.909611237346,616.5594810433294,99.22549306596592,45.679736254321014,-56.69954712093347,38.21922188270811,126.65925561932423,52.72076717603242,-70.7371058073895,28.394088561908305,67.5428525577341,23.71810395981556,-0.7956270621741418,-0.10220305763942429,False,5
65,65_732,14290,28810,7145.0,14405.0,7260.0,0.5418732782369146,False,test,14.818269633128878,161.9722304628907,-0.17983830977364232,3.131546132990561,-2.0540775413631858,0.7055292322624893,0.8476967762887758,4.3641094228433435,2.842742429238627,2.7572260969140214,1.180380675752494,7.0392238359838215,-0.005177348318011395,5.8785004925654964e-05,False,4
65,65_733,28810,29460,14405.0,14730.0,325.0,0.9092307692307692,False,test,5523.357605704194,323.40109009786096,-36.650005592834184,22.443442741088433,-129.58781260120494,18.101520057609452,-39.162964257302534,23.756467584292693,60.18362584100489,40.09017497613891,105.40905625940762,20.297855227800106,-0.7214726577950068,-0.027513320669386054,False,3
65,65_734,29460,29860,14730.0,14930.0,200.0,0.995,False,test,4026.7009575360194,259.4037734531593,11.436183200106717,17.215894848073383,-73.08204543953518,11.361938281721462,14.870930767375103,20.305191651390192,-23.568228606152925,28.788788006312366,125.82201956277412,6.436674168742353,-0.24156063869838298,0.07008373280588114,False,3
65,65_735,29860,30120,14930.0,15060.0,130.0,0.9846153846153847,False,test,4560.98875803435,210.01673082199292,-8.200228230488138,13.693510091366443,-87.04265277416698,7.644743681889312,-8.368021223201206,15.934612872898715,9.311113942197101,24.73015833171417,128.58476889625118,3.338308286103489,-1.224237201794706,0.04893842491317192,False,3
65,65_736,30120,30940,15060.0,15470.0,410.0,0.9926829268292683,False,test,4111.023741665124,254.50081701834756,83.2132885409009,17.349342374805776,-170.7850754686812,34.99783302838909,84.99357203624223,13.785544168252699,-117.51937573724265,16.128131282493555,48.12052914374427,27.45290762558245,0.6391264018541846,0.016245683979671938,False,0
65,65_737,30940,31180,15470.0,15590.0,120.0,0.9166666666666666,False,test,3599.731979166694,246.9323942044702,36.034767642503155,24.81394790603925,-74.87695613566605,30.452152508764026,42.7819683753189,28.423815171262582,-58.38284597841944,37.49986238287977,110.46984558129849,15.686295781965699,-3.2577424415264216,-0.3199496371928696,False,3
65,65_738,31180,31740,15590.0,15870.0,280.0,0.9589285714285715,False,test,3263.0414644483617,349.59011070872475,-29.35578618518791,19.450403575679946,-42.30934183965864,20.52732191763252,-36.54241238928377,24.70069326864028,39.38254915254976,27.380194752357003,121.26380332206801,8.542302540856191,1.1191172458000125,0.06900249721870594,False,3
65,65_739,31740,33080,15870.0,16540.0,670.0,0.7514925373134328,False,test,4923.990832508529,428.6263527104727,-64.42896923229634,16.306443791691148,-139.88124511342542,21.42980675310671,-69.04913655044011,16.739208309595323,99.46610060110218,19.104123508360118,80.13821817358362,22.404448769756247,0.3985888921466251,-0.0007030822129494638,False,3
65,65_740,33080,33570,16540.0,16785.0,245.0,0.0,False,test,5299.374540505806,140.72991266552143,-32.102130591613594,13.54784102245349,-111.58425534726001,9.07991366633802,-34.93618623518952,14.633382711248053,54.35656326813697,24.305673920054385,115.98506182342858,11.152518714414382,-0.2550704280227592,-0.043609530431761113,True,3
65,65_741,33570,34080,16785.0,17040.0,255.0,0.0,False,test,4898.511090497608,420.52622812521304,-72.67295188046883,12.287951647993909,-149.26076282034845,15.987722855227128,-77.53457175302457,12.84664404521592,110.48195010086272,10.492675909588945,67.82929355659174,17.156182008517753,-2.3294790178802116,-0.040027267370813226,True,3
65,65_742,34080,34530,17040.0,17265.0,225.0,0.0,False,test,5098.221899806314,221.3005569997731,-16.490062461777722,23.119405586787863,-102.74290785723747,8.984310573721634,-17.846532372390968,25.79225440622514,22.301204239090254,43.9765831236424,120.72745970357617,10.227318696636512,1.364867138787802,0.12248193539617235,True,3
65,65_743,34530,34810,17265.0,17405.0,140.0,0.0,False,test,5329.398137404598,239.78616613991923,56.84121441070158,9.374574714829008,-164.10681740860392,21.710416724748043,58.85040824056611,8.288354596769153,-111.90581474326223,13.800295724393882,60.25812496217635,22.21290243230885,-2.537683921671328,0.02456087466056252,True,0
65,65_744,34810,35310,17405.0,17655.0,250.0,0.0,False,test,4463.377569820449,279.30576570046617,14.312209701318647,17.574686210046607,-85.33437422756495,17.56445348280553,17.247887980704338,19.840713403693474,-33.033619983549535,32.691171090645554,122.14869162613738,10.662771602249064,-1.721110344143182,-0.08637568178414365,True,3
65,65_745,35310,35550,17655.0,17775.0,120.0,0.0,False,test,4232.56585707421,184.9242542634734,-23.7226531757403,10.817756169555564,-76.21381842608034,6.942750964671956,-27.06482466212812,12.698116764480499,35.310519543118865,17.56842771442609,125.1335684857187,4.987926228801653,1.6330056282096568,-0.026395640335938452,True,3
65,65_746,35550,36160,17775.0,18080.0,305.0,0.0,False,test,4151.61701006314,365.683963334658,-69.98019335604315,24.463562502201487,-120.30110255305986,23.2496863869845,-77.20317480911928,26.239370195433267,94.32739565122844,25.63012754943675,84.21127399475233,24.32029615321263,-1.5146019299237334,-0.049628093140275296,True,3
65,65_747,36160,36790,18080.0,18395.0,315.0,0.01746031746031746,False,test,3281.1686929598263,177.2192610038446,-124.30571006263787,12.848254102157096,-165.39773818737413,27.10520058921083,-133.97534824985112,11.569882491889306,125.01966676770274,5.251082365142124,35.23854905265721,17.45876102370709,-0.18565788685441495,-0.0031252800853397733,True,3
65,65_748,36790,37030,18395.0,18515.0,120.0,0.2125,False,test,2919.5443153326955,151.58370513722252,-119.02201218879297,7.869300136362378,-119.99363409329811,17.94184752238815,-135.75214420531938,8.000670043688062,117.92125455919287,4.161135766146417,57.43355073150039,8.877789108655605,-1.2268558337677966,0.014841614966294117,True,3
65,65_749,37030,37830,18515.0,18915.0,400.0,0.70125,False,test,3483.005815908972,275.438816098641,-119.25235182794049,16.580482621789276,-169.88535775988058,24.499159894069827,-127.38572655460992,16.362328206135153,125.40737569147126,5.775699921562831,33.15264719057614,18.112140866359393,-0.07168963017060839,0.002277824942401647,False,3
65,65_750,37830,38340,18915.0,19170.0,255.0,0.9196078431372549,False,test,2168.645858262334,345.1535449292057,-168.2194144059457,16.387450823752467,-119.0711135463594,28.35290465356157,-197.50388615959747,22.13085192157908,118.92067475173826,11.568065185028132,40.83881965618372,10.513361342020303,-2.0031090013950954,-0.06084638021101416,False,3
65,65_751,38340,38660,19170.0,19330.0,160.0,0.55,False,test,1085.103625346415,274.52704308010624,-184.82614388832113,16.48622091174532,-98.17604172367741,13.81519852865518,-225.94899194764184,17.76094666235868,66.11449778779122,15.994385851882821,22.813826502271176,9.363843976635968,-2.112192503182082,0.0375517033866942,False,4
65,65_752,38660,39000,19330.0,19500.0,170.0,0.4117647058823529,False,test,515.6470943980622,245.3599393635853,-163.930702471218,18.641003447435374,-82.02562490516483,13.586964422968181,-203.18080253185684,20.49108714492253,27.385593987853195,12.567640223004965,10.018322447916626,9.135046558824694,2.0554097947765806,0.174101402805092,False,4
65,65_753,39000,39280,19500.0,19640.0,140.0,0.9392857142857143,False,test,1401.0027759324364,94.94361056101182,-127.40975115725337,13.789801644314542,-56.540535523390595,8.484447352933973,-162.53753171938973,15.858622148350095,68.43495784181623,6.243793840991417,43.913333271074876,4.617033510294499,0.3367724937931099,0.10172138162186262,False,4
65,65_754,39280,39580,19640.0,19790.0,150.0,0.65,False,test,1933.0863104583893,314.19903919189414,-101.60600186206,10.470496201067672,-41.41331142359012,6.995710936945732,-132.39361388118206,12.250262041796141,81.38840101841296,15.965163479548744,68.49374663746349,11.095531021342643,2.39234010152334,-0.06163354430772293,False,3
65,65_755,39580,40094,19790.0,20047.0,257.0,0.8385214007782101,False,test,2845.439544762771,338.87704785560015,-131.45059492131602,11.740943672093488,-137.29535064843463,26.032107141648847,-147.92263919229018,14.728597760760785,120.49376152381818,6.991040230110911,46.51830042067882,12.140314899808866,-0.2745653978625184,-0.0045620510800833455,False,3
66,66_756,0,1400,0.0,700.0,700.0,0.7492857142857143,True,train,3535.917398797916,1246.0617804015833,30.046426359545553,73.36288600197818,-103.4184963365008,52.27089267253863,33.89908175680928,86.02782047642158,-41.7997645150392,75.30768097557112,82.02974740168861,34.37095074022103,0.21270348649218057,0.07201524642413264,False,5
66,66_757,1400,1900,700.0,950.0,250.0,0.84,True,train,1026.3609575754426,720.4565187776323,-105.40706023204922,72.83889236501841,-55.45480576716026,41.069838383793055,-131.2855432351739,88.74455207586162,37.642107407116505,35.64721613202162,32.40143035887208,26.36967400558711,1.5902392308663944,-0.02146371792399722,False,1
66,66_758,1900,2710,950.0,1355.0,405.0,0.6876543209876543,True,train,3980.4662291870486,1247.8689771618006,31.799672975654616,51.20212620340668,-98.61651510475397,55.36894809883546,36.97775186482453,57.926327759202394,-41.32891751478924,62.62809406819615,94.53425909163956,30.973266640194307,-0.04058230469434638,-0.01088714389118079,False,5
66,66_759,2710,3000,1355.0,1500.0,145.0,0.7482758620689656,True,train,2221.2001054291936,864.638324775467,-129.71466099489226,44.229157620282805,-91.26276835483192,39.98922955695274,-156.72141742995615,53.48372398731432,95.0477215386765,29.962258586651387,52.71154948175525,21.36696959372222,-9.253608977079866,-0.23434349396365795,False,1
66,66_760,3000,3420,1500.0,1710.0,210.0,0.638095238095238,True,train,2588.8618727274206,1755.3985181463606,102.68129219478048,77.53882187179627,-115.56327258912494,63.35293362885271,122.03575577080372,91.36380422119375,-68.7198508971393,55.222988112771695,47.859202049439034,28.79501536339502,13.113826405658324,-0.1882510819897706,False,5
66,66_761,3420,3660,1710.0,1830.0,120.0,0.9833333333333333,True,train,2621.5800169004706,917.9219415378344,-122.26015784903629,37.47717814207587,-100.90533077511037,43.88475941140669,-144.84238510731177,43.79762294365575,100.3428853828975,23.280767270990793,56.805548186245495,25.662308402701463,3.2381447106469574,0.15687642909798227,False,1
66,66_762,3660,5330,1830.0,2665.0,835.0,0.9161676646706587,True,train,3174.050770761132,1428.9503975188345,17.343275998787835,69.84338308604946,-78.6745602280653,56.10453231197185,19.906563367947875,83.30803944582577,-19.36061597665191,69.40742730360402,81.27711114986107,34.88868254097419,0.44217588696041077,-0.026108862431929974,False,5
66,66_763,5330,19800,2665.0,9900.0,7235.0,0.5662750518313753,True,train,4.076938495202979,58.00823181895061,0.5347556323638996,8.066083125568642,-2.2425660842904143,3.9274851098478973,1.7862523987408836,10.255381541630339,-0.7830741403373025,2.5190117339941724,-0.6842037868535712,2.4681919715375478,-0.0016698058829930145,-0.00022055100731978685,False,4
66,66_764,19800,20530,9900.0,10265.0,365.0,0.31643835616438354,True,train,711.9274846548876,401.78111593043064,-19.449906848480058,26.03690583180865,-7.402240064230355,6.093069993106643,-25.733616361369428,36.10284468802009,5.574265915900963,9.212201211867644,31.237052333534137,18.71396654723714,0.916190872064779,-0.07046961371214393,False,4
66,66_765,20530,21130,10265.0,10565.0,300.0,0.4533333333333333,True,train,566.5333854207878,286.6976448042171,-64.12884929650626,23.920450993730583,-22.258586621223323,11.96954025221679,-85.58285723268646,30.34643795733525,14.59092509068422,8.069444145958226,21.019301923812364,12.82045433366351,0.7749449060132431,0.04254503747019586,False,4
66,66_766,21130,21690,10565.0,10845.0,280.0,0.375,True,train,2073.170990249717,261.4702345721181,-76.49139194771644,21.436786140688348,-28.93479402257244,12.308590904052926,-101.18224385342614,26.890144794447394,68.07629054038293,19.365418914061514,80.08314498932819,9.20039873543398,-0.49649408833088715,0.00501714184824461,False,3
66,66_767,21690,22290,10845.0,11145.0,300.0,0.6633333333333333,True,train,1367.7569508234667,299.19958131277326,-74.37924532695232,29.40447956817025,-27.92438318574829,14.697777084272177,-98.19680914105608,37.00179814603914,41.52253490399049,14.99663763466808,52.85359479206835,14.935489421374765,0.3108557657857993,0.07122162166979938,False,4
66,66_768,22290,22630,11145.0,11315.0,170.0,0.7323529411764705,True,train,2384.634004926352,293.26979954537234,22.29733571053478,12.573220020199093,-6.6751245029654855,4.065534483208369,32.75122206264616,17.464228057203588,-28.693800094434643,15.279394987493028,110.8857774118734,13.401373037679482,2.4902246270748325,-0.006214933226934587,False,3
66,66_769,22630,22910,11315.0,11455.0,140.0,0.3464285714285714,True,train,3380.1917133021484,309.71184890659157,-3.3408769855253,16.722927689446944,-38.98193195070879,17.85380656959508,-3.0814828002278207,21.098579672069565,2.2658781776158397,25.926872252566245,128.71089351132338,3.054065074803815,3.619357861923686,-0.05806034846816894,False,3
66,66_770,22910,23300,11455.0,11650.0,195.0,0.4897435897435897,True,train,3500.6468028630084,234.87102913500937,-26.041039017544954,19.95958680217151,-52.8995818644377,14.660595497890377,-31.17787066150896,24.434031741175623,35.137296784955026,28.40250271014251,123.11495973668934,8.96226892477875,-1.2246166676807666,-0.10870845008754412,False,3
66,66_771,23300,23740,11650.0,11870.0,220.0,0.575,True,train,3806.5293639637744,197.40467868426734,-93.98852439277461,20.573603126299904,-146.6475962708398,31.957806098675963,-101.65000326395793,20.342155196461,113.23514089963017,18.696785983302895,58.093885121775216,25.524979949432502,1.1368628668265264,0.06332751240384468,False,3
66,66_772,23740,24690,11870.0,12345.0,475.0,0.3042105263157895,True,train,4288.431178088879,390.6562224429767,-10.595945031869613,45.16989874897553,-99.24513865014391,29.039516467964678,-11.733756782979453,50.329252234991166,12.187061708667075,70.66509409362988,107.28365919681207,23.197815254279607,0.8893722387381098,0.045668730074517536,False,3
66,66_773,24690,25230,12345.0,12615.0,270.0,0.7611111111111111,True,train,5104.274288173578,241.53434594108276,51.49279499077843,20.373060566844206,-150.97058193321888,32.49664047133375,53.59767429263267,19.131578893217178,-97.06753481799916,28.74644242727429,74.31948951747205,33.725121234779365,0.19729343896732685,-0.04425714526978388,False,5
66,66_774,25230,25520,12615.0,12760.0,145.0,0.43448275862068964,True,train,3434.9778129140195,569.4737214462135,38.70836916344572,21.121776680810157,-61.059801666549774,16.596841904169313,49.49227581073886,26.842462818390803,-57.01450468026659,25.47064404337995,115.19341884731749,9.224805545745124,-6.057118610371839,0.17305597212558282,False,3
66,66_775,25520,26250,12760.0,13125.0,365.0,0.4,True,train,2845.7443717433252,196.61269222533247,9.949790612983156,24.89122627595109,-16.32306174361742,11.495207751448927,14.349328257843949,33.96930168965939,-15.283667372079819,34.39979565947403,123.64726753522615,5.144714888631408,-0.22303816215769148,-0.07802134848848793,False,3
66,66_776,26250,26520,13125.0,13260.0,135.0,0.5148148148148148,True,train,2890.3289585182847,150.84596154200327,-114.83021250982576,27.852301582877818,-114.89241136335937,50.84703840080942,-131.21692548643375,24.917020570269127,111.6543852123352,17.181489725259553,61.245861788993565,28.117968851202864,1.2146607992176917,-0.3200273990941547,False,3
66,66_777,26520,27310,13260.0,13655.0,395.0,0.47848101265822784,True,train,3205.3709264272284,274.7384905362751,-106.17836541144534,24.397873453548403,-124.74736442383015,40.70628773808407,-119.16952213931138,22.961426260482334,112.64235554819432,13.915935988109768,60.995687360632765,25.16391987198431,-0.43199796804054397,0.020415366592419375,False,3
66,66_778,27310,27780,13655.0,13890.0,235.0,0.5638297872340425,True,train,3921.3115066943124,216.8269273435323,-54.47701702325134,27.57371152799865,-97.12475880674575,34.07250958297013,-61.19292627174139,29.28138655471385,74.61172731812208,33.41941510359821,98.87517641975293,27.607161353924653,0.47775791935438977,-0.030392170712858723,False,3
66,66_779,27780,28260,13890.0,14130.0,240.0,0.48333333333333334,True,train,4009.3005205731047,324.9936940287449,46.244532224428106,15.804860010423841,-101.49248741706066,33.720787178742384,53.23878569502588,15.595351059488042,-78.55035474592388,24.46652126973249,99.34449328331006,22.545742311132567,-1.0353994895275263,-0.03719092525740679,False,3
66,66_780,28260,28620,14130.0,14310.0,180.0,0.5888888888888889,True,train,3933.2867344582783,244.7136591486507,2.7939064708912382,29.81492061824124,-73.49960596311672,10.642397487367527,4.453715439397424,35.44056787525353,-8.071149329111773,47.805125007042854,121.74505806971726,8.2502624976817,-1.612115441025928,0.21613173695741633,False,3
66,66_781,28620,29440,14310.0,14720.0,410.0,0.4560975609756098,True,train,4339.643615009616,301.75101568037223,66.635475619382,17.029721974484882,-148.76388908952848,30.794239363100363,70.92209506384648,16.014226360551024,-106.68547716111709,19.484851386037633,67.64810104313433,26.307554001751896,-0.007718360592773754,-0.015040246729026933,False,0
66,66_782,29440,29680,14720.0,14840.0,120.0,0.30416666666666664,True,train,3661.775829568183,616.4575382310793,31.72018879733993,41.53168692870862,-80.28251189580213,12.536813893199591,39.278095780064845,49.315786006748105,-42.31051423676948,57.452889283087615,109.2830453963255,14.287510126432293,-8.673700118639976,0.5391320632822534,False,3
66,66_783,29680,30110,14840.0,15055.0,215.0,0.0,True,train,3359.6681845081357,553.1131148401203,103.876208019188,25.478119336970167,-162.3552513869187,39.41370506396466,111.17541047378658,26.467619359617764,-118.47450944439655,11.9133552308452,47.6723426341889,26.130380869934832,4.232166207149071,-0.15979311043367422,True,0
66,66_784,30110,30550,15055.0,15275.0,220.0,0.0,True,train,3523.828977728809,240.78864077808524,113.1355391292634,9.309789865382234,-204.80673859994363,15.287723228727293,113.30722060006357,9.450553199193454,-129.29283267506847,1.9478455672039765,18.75505628889699,10.293379513669807,-1.2672201637450833,0.021301613859170402,True,0
66,66_785,30550,31490,15275.0,15745.0,470.0,0.0,True,train,4404.887100795837,731.1827237069299,58.20742618585265,18.893224925331676,-131.17288557990463,27.725528035215053,64.14946221409512,20.692834459415426,-97.34934937800253,22.50242603465876,81.01824323685612,22.201485656745714,2.549144056749457,-0.03211171596239631,True,0
66,66_786,31490,31810,15745.0,15905.0,160.0,0.0,True,train,4848.165452735188,377.2408107177403,-30.337170283237946,17.889744542490572,-99.34483244289152,11.34155552039869,-33.677163324115476,19.91952740481135,47.631648868373084,30.980440923015735,117.50929277822243,10.873944430360007,-3.7680461715982743,-0.13382735575252844,True,3
66,66_787,31810,32110,15905.0,16055.0,150.0,0.0,True,train,4765.683252176733,284.8996245575156,-69.97882041924296,18.741706641121528,-141.50781396431037,21.266875886933995,-75.0856037929025,19.348901231608025,103.39689534401174,21.68897006450955,73.55889513050776,24.502838021569957,-1.0285211117851563,-0.022539918027096907,True,3
66,66_788,32110,32460,16055.0,16230.0,175.0,0.0,True,train,5110.699256613525,348.5562290619925,7.748590774203525,25.064690526666435,-104.0447887781706,19.330498553626153,8.816423419056445,27.487931535818294,-24.02016100801798,48.287573581607944,117.77945469234879,15.63423687683488,3.0938558539744196,0.13637736859573527,True,3
66,66_789,32460,32820,16230.0,16410.0,180.0,0.0,True,train,5252.335687429171,156.00634387209394,-51.02071965918357,13.734414390946393,-126.21552900221606,18.08299308539544,-55.01330320915055,14.248336149641144,85.86409394987247,22.712696596706667,94.48840238708323,17.964216684762256,-0.4435424875073031,0.06491190820305753,True,3
66,66_790,32820,33200,16410.0,16600.0,190.0,0.0,True,train,5130.896652692801,244.01910161840289,59.270883795437435,17.31863180969967,-165.54722140273878,31.64137765538864,61.23607034217302,16.52983164947099,-111.19883390991308,27.720671314978755,54.042625223721785,30.8511348820167,1.0489836337901546,0.08408943454596128,True,0
66,66_791,33200,34300,16600.0,17150.0,550.0,0.22,True,train,5225.453162493257,372.9495771619991,39.14322903745584,19.683138249326856,-129.40292588534723,26.21961497518876,42.41820061691268,20.196544143360157,-81.41999904684161,33.85444231820031,91.56268086337636,27.38945259341647,0.6243580548109334,-0.02883839331326632,True,3
66,66_792,34300,36476,17150.0,18238.0,1088.0,0.5886948529411765,True,train,11.252072358443662,156.2817180480567,-0.00047631261077498696,0.009018678299908673,-2.0341863107145985,0.6377971466000228,1.0967043102494118,0.010285050284131347,-0.6691615747004949,0.10667248356242921,0.9535292747966233,6.48583399147323,-0.03088097604997382,1.3097073827558852e-06,False,4
67,67_793,0,450,0.0,225.0,225.0,0.7222222222222222,False,val,4189.433794103442,1260.7654425809012,1.1707373679593749,32.00547942352684,-83.6320664853355,48.11125832995145,1.3703644055664528,37.7104957730217,-6.188477309082008,49.356341753094796,113.58108435776596,21.488842927663104,-4.870809605195001,-0.06901137812952843,False,5
67,67_794,450,1560,225.0,780.0,555.0,0.7639639639639639,False,val,2445.4127259175766,1308.696362834616,-105.58300951960727,52.85199913384992,-83.8733954592196,44.728329499994686,-127.87298899625338,63.45993012074837,78.48003375240381,35.84012941844708,63.100548399431155,30.803323989322948,2.221662617588835,0.10696676192424535,False,1
67,67_795,1560,1820,780.0,910.0,130.0,0.8846153846153846,False,val,4012.8821952120697,1308.8511424869612,56.058181569185244,58.11598290582956,-113.06931843387193,36.24464525602471,66.56855082399919,70.04571349174796,-62.623207011506054,55.68611423484478,91.4405827871583,31.084583476576345,-15.248326296294655,0.5296935039469437,False,1
67,67_796,1820,2160,910.0,1080.0,170.0,0.8558823529411764,False,val,1323.0393579388297,583.6373618023756,167.95070996165126,40.74554341142713,-103.99672713615126,36.86901068765789,205.82526138952178,46.54218055174078,-79.20669957818014,32.12911409843545,40.122127014112515,13.462294592474555,-3.4732736862187332,-0.09928740181834358,False,2
67,67_797,2160,2580,1080.0,1290.0,210.0,0.5166666666666667,False,val,2394.771913667816,812.7902498333103,69.85350478080403,24.677761335060534,-57.74721607883516,52.02454075366134,88.4337744428611,26.843487709468334,-70.44048899944198,29.37894149840095,82.02223423516459,25.640793101407972,3.0309733571776256,0.04532928028111838,False,5
67,67_798,2580,2820,1290.0,1410.0,120.0,0.17916666666666667,False,val,1143.7806372675777,651.2817042854148,-145.6668540165583,69.88838801249186,-80.06289773174385,43.33622030780572,-179.62163906962073,81.65544547418536,50.41955815444342,38.600332627505175,30.678852630847075,25.112115298563666,1.5718114281820519,0.5031322103682578,True,1
67,67_799,2820,3290,1410.0,1645.0,235.0,0.0,False,val,3095.9142443716223,773.4874914394288,3.159575871325163,21.263893626599028,-34.758698628031766,32.51602410399227,5.253574812702186,26.893490028609666,-6.3225466432283355,30.896339664574647,118.90325666139847,15.085756888059759,3.367003790419905,0.01325817833487306,True,3
67,67_800,3290,4410,1645.0,2205.0,560.0,0.0,False,val,4442.94575109723,821.9534459419133,6.922727873828928,65.90192516255455,-128.39429381887763,37.872072476550564,5.7904236710319505,72.9800512793698,-27.077276512431684,86.67798757949063,85.06269319231427,31.42842628749216,-0.38940259707554614,-0.0971752558090187,True,5
67,67_801,4410,4720,2205.0,2360.0,155.0,0.0,False,val,3595.9494564516644,638.7131132117877,84.26594735043177,37.675618302202345,-141.24931088668245,46.268175409596594,91.66784741916541,41.05750100743708,-102.74951085924398,28.270266191159905,65.12450530028913,32.04278889604819,-3.874279008099974,0.09742289993281478,True,5
67,67_802,4720,5380,2360.0,2690.0,330.0,0.26515151515151514,False,val,3598.732031905644,1691.204781303489,-51.110355564128284,52.24367928869566,-82.51219995536847,46.95499683828589,-61.02297691737782,64.27371166206517,48.13802364052326,45.83399003608102,90.27050575425692,33.168841126114664,3.064803092090552,0.07500919075296233,True,1
67,67_803,5380,5820,2690.0,2910.0,220.0,0.9068181818181819,False,val,4763.547494356775,534.5342398393465,21.966282337069394,45.883127494544304,-128.91044632886565,34.472920046855144,23.368796772834756,48.692348131012494,-47.32854264963067,71.60320188296247,90.68308333548646,29.35116161567247,-1.6515973720449455,-0.16324696890042914,False,5
67,67_804,5820,6120,2910.0,3060.0,150.0,0.92,False,val,2432.1193832737076,751.7011733267191,-110.60911888578084,39.8175142220703,-79.43068129308762,38.64899755340353,-134.42992578143597,46.57813135222597,92.69357163864649,24.819139059011498,68.10408982981858,22.36727204027462,-6.01941498214698,-0.029694665637475463,False,1
67,67_805,6120,6460,3060.0,3230.0,170.0,0.9147058823529411,False,val,917.4581348320698,411.2470551293211,-23.0627931169277,42.00201394815461,-13.212649296051538,10.414190506136613,-30.013102004863477,56.97798993579585,10.038584796726225,18.790242906647823,39.96826505665962,18.495674224040158,-0.51052356914059,0.12701679927170945,False,4
67,67_806,6460,6880,3230.0,3440.0,210.0,0.9119047619047619,False,val,1829.09935881449,1104.0009190148116,98.75826867827641,23.866424224923705,-75.48809069603136,51.51443640504183,122.72506549528708,28.784453233197265,-71.85277697287361,39.762749739404825,52.32144437046757,24.694715100070674,-1.217648812949026,0.043976352526169764,False,5
67,67_807,6880,7270,3440.0,3635.0,195.0,0.7794871794871795,False,val,4501.638344282066,469.8110157705529,-42.74757661125179,34.7981884983104,-114.9652448313913,38.16555784625015,-45.51726607328641,37.92603452756888,61.59094334190121,51.61089150770423,97.52925466098274,30.00883837040078,1.6610966091168669,-0.13908749436301676,False,3
67,67_808,7270,11135,3635.0,5567.5,1932.5,0.8354463130659767,False,val,3.173448814686077,67.68672644879558,-8.978388381474359e-05,0.0022668121416236295,-2.006027528032647,0.13974916601449616,1.096933995381794,0.0025305604820779507,2.516520831488586,0.15188513203689913,-0.8008772843400799,3.1178542487193486,-0.004916345737106487,1.39161534407386e-07,False,4
68,68_809,0,280,0.0,140.0,140.0,0.03571428571428571,True,train,711.5816237464883,392.33767569644857,-87.72800645619868,11.249677454030325,-33.81728358723736,4.394008579200084,-115.62129949794908,14.587462195263855,25.523746893929676,14.388203190793682,26.02981293849868,16.360548519559277,4.261028653724963,-0.006865602255749424,True,4
68,68_810,280,520,140.0,260.0,120.0,0.0,True,train,4130.679426936839,1212.1351422798468,59.86431565676502,54.67627282356564,-126.95666303990848,42.83820253482488,66.97072185431327,63.45280435083948,-72.83415958999421,44.040940488130744,86.38618406096586,35.78604062711154,13.630581965913946,-0.400810400727514,True,5
68,68_811,520,1260,260.0,630.0,370.0,0.0,True,train,1743.7559381717892,1307.6735652901837,-66.3241221798631,64.14542495589238,-54.15280253545039,55.91468516003731,-78.79637025428889,75.29617825019662,58.93718667602133,49.46574169760842,51.33655246424352,45.040209234244564,2.217169179742289,-0.2031631931740951,True,1
68,68_812,1260,1600,630.0,800.0,170.0,0.0,True,train,4493.544742391523,1020.6278698323648,14.500232144540986,61.354612010591644,-132.57507123090056,39.98575321433523,14.435640323089665,65.48320955853343,-32.300801886203146,83.68110649893795,83.01468471929633,30.060263093034767,-8.67849494606128,-0.2048364228940979,True,5
68,68_813,1600,2250,800.0,1125.0,325.0,0.0,True,train,536.3883597550074,688.5379640871947,28.702194275139263,59.103717604074255,-17.694211141645575,29.840189183860023,37.603616056904315,74.45979676666019,-12.59348527291186,28.749764502936173,22.61392908272355,30.07785112780411,-0.3957093402409448,0.02374437411476816,True,1
68,68_814,2250,2520,1125.0,1260.0,135.0,0.11481481481481481,True,train,462.1842969028764,211.89368880333691,-136.53825484182414,55.51895630051318,-67.53918881307385,36.25344209802155,-170.55703948126654,64.72702222304366,21.75411848119682,14.603690459180502,10.726271037503547,7.9597187355823875,0.24901185481959606,0.1808594654662298,True,4
68,68_815,2520,2830,1260.0,1415.0,155.0,0.0,True,train,1860.6729184613273,1423.8240387771136,58.37444388914347,59.25092140172003,-70.59157069491343,73.92378366691284,67.55187349789121,65.87324764572361,-56.90886328346488,54.743583166020066,48.10972503867096,45.04321176835206,-14.192416624394356,-0.3311858003368972,True,5
68,68_816,2830,3080,1415.0,1540.0,125.0,0.092,True,train,3214.48088886772,531.1433796788133,-28.778419879331473,19.275331962412196,-40.3596457807234,24.498951075869893,-35.720424425132826,24.564657062332966,37.4587005492066,23.371391460483835,120.11959378603557,10.345371794202386,-1.3630613719046967,-0.07670490072027511,True,3
68,68_817,3080,4030,1540.0,2015.0,475.0,0.0,True,train,1734.3087914117546,1702.8244036698763,-78.83547481435204,67.2246566959193,-60.301322315692886,49.345012461165815,-96.54049290685307,83.76816645646835,48.00949808513076,41.28772015823247,43.59583219800616,40.413570114883406,2.529985419141431,0.15843317748911054,True,1
68,68_818,4030,4520,2015.0,2260.0,245.0,0.0,True,train,4006.349503017363,908.1482516744078,45.120633816887235,43.64467633657812,-112.55889657575239,48.272416132088004,50.41824963344095,46.73930192119259,-61.361568726750036,54.046099023122956,91.8392463816972,33.68761341514041,-1.4074731276111034,-0.07204612598004054,True,5
68,68_819,4520,5530,2260.0,2765.0,505.0,0.0,True,train,2866.054874062051,1827.1694992319162,22.115319998332147,49.670356250831375,-69.22913000612002,64.33774079978564,26.597804146009818,57.892351396807435,-24.925080839465906,63.28126183920474,72.70834796555955,40.28640009970858,2.754026139723035,0.017225399407779077,True,5
68,68_820,5530,5790,2765.0,2895.0,130.0,0.0,True,train,1688.2888734005942,754.5105872751473,162.220054601689,32.79132210059963,-112.93774882663303,39.91262066959389,196.21601519596985,42.178109961136066,-92.11619848026723,25.900893865823637,44.057125634858586,16.621347272351002,-8.308154666677726,0.26326238793317497,True,2
68,68_821,5790,6330,2895.0,3165.0,270.0,0.05740740740740741,True,train,1014.1120805808844,659.2008401187354,-81.03312491827637,78.94743513240323,-41.44174413416878,42.60086454510924,-101.30213199667989,96.67190449383163,27.26585589651244,28.04271398577231,38.013775198482364,30.5049085238453,-1.4660278079544933,-0.2730707838967006,True,1
68,68_822,6330,7850,3165.0,3925.0,760.0,0.0,True,train,2651.62743769017,1746.1065475263708,20.354338722694745,85.62279096100822,-83.63066702895699,63.28797843357875,25.561167596039148,99.71684995705557,-7.8344580089167914,76.60602043571501,63.439612282856345,45.23907711957813,-2.1048301499096267,0.09662165664094763,True,1
68,68_823,7850,8150,3925.0,4075.0,150.0,0.0,True,train,379.5017651208891,665.5681619505544,17.905324809846093,35.946923007073224,-9.037846247137876,15.054114535334456,24.856492747256453,47.24017187338421,-12.245095199711496,25.86247022818672,14.602606097745122,29.264726546714456,5.531333560651891,0.26676269431887434,True,4
68,68_824,8150,8820,4075.0,4410.0,335.0,0.0,True,train,3092.9237586165814,1045.9297360063317,-62.41349068145016,40.060100468919416,-79.23152183456594,52.238193669292585,-71.85802354113605,44.895589832293396,72.26233290258287,43.856196455611425,83.43688816834967,30.191579554388785,2.655218125938377,-0.06210298005505678,True,1
68,68_825,8820,9150,4410.0,4575.0,165.0,0.0,True,train,1606.5009695185645,1474.8804381487255,22.694091202215056,29.37586478294029,-25.45128879809283,29.14657112649741,30.69869841633228,38.15232771608408,-21.977051716784562,29.26943118764594,59.35620806013394,48.26103499470859,-4.643712174831069,-0.1298038071119537,True,5
68,68_826,9150,9560,4575.0,4780.0,205.0,0.0,True,train,2470.752516133157,1666.6228000896383,-138.2689073824103,68.95751613912361,-118.79733993906223,41.444666805934254,-162.6247782346972,84.07634161470239,78.79816924724095,45.545887312993216,46.600046303567794,35.70078874189607,10.060231028162521,0.3422880742820537,True,1
68,68_827,9560,10380,4780.0,5190.0,410.0,0.06219512195121951,True,train,2821.8453342244893,1824.6755919322416,65.04765349484823,72.33654449341844,-110.78960460774032,70.80341556486732,71.98406396724404,80.63174337485108,-63.67482614041538,65.87362407235767,52.00127130732392,40.4905492473577,3.440776992978654,-0.08370740762151203,True,5
68,68_828,10380,11100,5190.0,5550.0,360.0,0.0,True,train,2579.357834686145,1549.5925673252618,-61.02337203101987,39.206276552749564,-71.63771964208534,53.93455210937658,-71.86835730149598,45.920221262927846,64.68711022939048,42.20855705550678,64.66324411782664,37.439521791258635,-0.057614128652138406,0.08512168068446542,True,1
68,68_829,11100,11350,5550.0,5675.0,125.0,0.0,True,train,2539.8158077084504,1346.6256285576535,117.61093727652259,33.77906737977133,-107.88883396490682,51.75794901920371,140.9345659125875,44.403451980080845,-97.59619225050525,23.45179064138029,57.06263446531723,18.379993904765406,13.760262417004022,-0.2276701195804816,True,5
68,68_830,11350,12050,5675.0,6025.0,350.0,0.024285714285714285,True,train,2843.082908588832,1929.4118381590351,-54.54450562796862,52.668991790270134,-75.55797294444473,60.59229888426531,-64.61080495990599,61.49195037754712,56.43987334425421,58.04369376044684,64.67728545833198,41.54238075619687,-5.599947938824462,-0.13444105050212948,True,1
68,68_831,12050,12530,6025.0,6265.0,240.0,0.022916666666666665,True,train,734.338036399972,756.794422535928,85.70078571059815,73.85253696864694,-46.17199970169016,41.58581690567018,108.73515548324218,90.79626820622858,-29.350370577470926,26.813208418790122,29.16140575082409,33.35849166606762,-3.841997653510555,-0.2768033267438839,True,5
68,68_832,12530,13120,6265.0,6560.0,295.0,0.0,True,train,4039.127362352578,1852.918566941986,3.902580499398758,39.25984538689439,-88.68518626058497,48.51138528366483,4.274022471405061,43.43833591194161,-10.260660880708718,55.901381502376125,94.00955348353686,44.91796156551935,-6.3582375104288875,-0.14368146629694642,True,5
68,68_833,13120,13360,6560.0,6680.0,120.0,0.16666666666666666,True,train,2781.8331948196924,373.6478518384651,-124.1754593418197,37.59159812285001,-125.18931989334546,59.09071314469348,-140.22576036514997,39.23695636237262,112.29388765832022,28.575727983999073,50.78729835333346,27.363284992351318,-4.727850939175407,0.24833206139780317,True,1
68,68_834,13360,14310,6680.0,7155.0,475.0,0.0,True,train,1354.5320022798119,889.3118132215504,117.94606888254413,72.72720035185263,-81.30531351061127,60.12594251288377,144.06127298460308,85.74992557290498,-61.926106836678166,43.849400262445094,40.153408195550085,25.393278886742152,1.2861276727461979,-0.04530408367366925,True,5
68,68_835,14310,15340,7155.0,7670.0,515.0,0.0825242718446602,True,train,3144.7599606198287,1682.8067994398252,-31.575459860035462,49.40100377012911,-63.05590106635962,45.38248359104699,-37.111933066828215,60.45813214847346,32.136181634013674,53.93888844837507,87.22132890622517,42.47699395817539,0.5501960736608377,-0.06943559894313368,True,1
68,68_836,15340,15610,7670.0,7805.0,135.0,0.0,True,train,2513.977679830997,971.3923330287289,96.07884360323013,33.64641344303089,-114.19368091508757,86.30683172330743,110.22681711985017,32.66786064158491,-91.6396195982847,41.01779371416671,44.77458657097649,27.37177979862661,-11.709119671237243,-0.2858684969435033,True,5
68,68_837,15610,16420,7805.0,8210.0,405.0,0.05308641975308642,True,train,1908.0460678813813,1220.204316779312,-92.90331640317206,67.13903459590452,-66.26033634043019,43.45174710981024,-112.69974167607617,82.97066285136685,64.2077306681659,45.746876399885025,50.914283408286636,31.035267911080993,3.6444868864516122,-0.15680492359037196,True,1
68,68_838,16420,16880,8210.0,8440.0,230.0,0.0,True,train,2261.2308104727445,2059.2209231109305,21.37293039654305,34.967145983548605,-61.844977110405814,65.03552533029789,23.79550199444155,36.967173418669184,-32.804859148508086,53.47482058224312,48.53548610607937,50.71988292810157,9.480268365552611,0.01997715274642936,True,5
68,68_839,16880,17620,8440.0,8810.0,370.0,0.0472972972972973,True,train,2595.4584819033057,1443.6480237788858,-53.94923324564287,80.94306227783251,-79.99034183941245,49.562947381965635,-60.71206636552266,98.92523626769488,57.72696804677183,58.66435670324526,64.12176557542459,36.885747021965145,-0.8498310721501499,0.2678789764348299,True,1
68,68_840,17620,17970,8810.0,8985.0,175.0,0.02,True,train,1520.9294344797756,1381.5532521777582,27.933848292601198,45.59061553313102,-40.6651006674747,70.68402482662745,32.01126373352233,48.534231030722765,-32.45181226428314,48.675264198713975,44.85410613404514,48.86703033995977,1.1033272862319583,-0.2173920026273907,True,5
68,68_841,17970,19180,8985.0,9590.0,605.0,0.01652892561983471,True,train,1337.781365145553,1432.298145476854,-44.82333486669169,65.19917255908946,-38.657269281476175,45.945660150257396,-54.69709673555157,79.86848666571652,30.044993342817637,50.7749846517811,37.971708899638266,40.18576643481108,-1.005210801869913,0.04798040345830819,True,1
68,68_842,19180,21370,9590.0,10685.0,1095.0,0.008675799086757991,True,train,2620.219492275776,1921.630716547418,8.677691736737245,66.31582472404608,-70.60147920582419,61.23907883303007,10.831132071212732,78.2498014557914,-11.405808903972403,64.42424365450384,63.453905928391336,46.55231058579421,0.3729977054966762,-0.04387338852091358,True,1
68,68_843,21370,21710,10685.0,10855.0,170.0,0.0058823529411764705,True,train,1000.2833340693425,388.21722203054213,-152.59516417266582,29.203548384650187,-74.86313960071477,22.744956237129852,-190.47322505982345,32.005624678559116,55.31992785975385,26.401259376284727,25.81839419394194,10.911104979698122,-1.968997580264431,0.012708471136820962,True,4
68,68_844,21710,23331,10855.0,11665.5,810.5,0.02652683528685996,True,train,7.695522716098782,72.06265932024272,-0.16604606660977844,2.7124896060681323,-2.069189017914329,1.1194856054027886,0.8827690832864649,3.5023009640659017,2.4273330572260248,0.685686834252971,-1.2949746984888029,3.426837321331251,-0.028182268757060494,0.0006123103389303926,True,4
69,69_845,0,700,0.0,350.0,350.0,0.05285714285714286,False,val,1397.4284905911509,1089.7556109388358,-54.97899916827532,51.987916477601466,-36.61215399780487,41.826163095683974,-68.52725534540879,63.88838045272016,38.79247758547183,40.427236157668155,46.904692660133314,31.814332269746803,1.8795478628247335,0.051881598590252924,True,1
69,69_846,700,1520,350.0,760.0,410.0,0.13414634146341464,False,val,2496.9423458697693,1705.672060038774,62.30556716316207,69.16037102135469,-85.55585634967912,57.04414349091762,74.77572473458734,82.91167287387819,-49.6999728704156,58.74457308677595,62.29031805475551,42.30711205876664,-4.217654298773126,0.0569886635722745,True,5
69,69_847,1520,1780,760.0,890.0,130.0,0.08461538461538462,False,val,4335.910305601842,891.4897362383739,-41.56720920917463,18.36131829769453,-95.71258733772375,37.09039323686929,-46.79868351929162,20.632758928364908,62.11906117387918,28.95795146540199,108.54279479202157,16.12070510712804,8.053784889739829,0.04479266743902138,True,3
69,69_848,1780,4350,890.0,2175.0,1285.0,0.05758754863813229,False,val,1677.9212194839195,1705.5041900523,-20.116845551055523,66.02964594590868,-47.39631705303449,54.09013640213932,-23.883030606563175,79.50732674275127,11.98979581481779,56.65982620134087,45.738204744277915,45.7420343659895,0.48245447156293103,0.02589287788041189,True,1
69,69_849,4350,5000,2175.0,2500.0,325.0,0.05076923076923077,False,val,3226.636253432001,1947.5216274412724,18.50792325342308,49.0205096522035,-77.30777806439818,58.8733478236588,23.565718252334037,56.59286344490382,-20.774106718903102,56.76507985126932,79.83684396546319,44.877570511350015,-8.499453554234478,0.07397490158663701,True,1
69,69_850,5000,5900,2500.0,2950.0,450.0,0.03777777777777778,False,val,2169.3866829613416,1711.0432256692532,57.61649941992121,59.623782857066,-67.20485063393232,61.62092206742091,70.40953527607144,71.75850693503132,-52.741829550426765,55.79560271806101,56.146684547791324,40.646169743020536,0.5094046173073365,-0.16865742875930528,True,5
69,69_851,5900,6200,2950.0,3100.0,150.0,0.056666666666666664,False,val,2391.6927499067465,862.1716366900861,-125.7495763753132,51.76409566660577,-87.42672730320476,31.682686788135154,-152.67926450683098,63.42622493893147,93.0529893851077,30.07151648004514,63.56227657137342,27.221315555921947,-6.298662606654455,-0.2651188102541616,True,1
69,69_852,6200,6450,3100.0,3225.0,125.0,0.14,False,val,1102.603015324684,1040.6874601411382,-16.371880004539573,33.563609316889966,-9.127348860071043,14.631921112118684,-20.481651675438396,43.86621226859029,16.135893826741967,28.098902653883222,46.88957946166036,44.97367465921874,-12.92445659011641,0.15363438637986576,True,1
69,69_853,6450,6870,3225.0,3435.0,210.0,0.2761904761904762,False,val,640.9367917537883,627.4894983905068,-91.86634159355496,76.40755350947612,-46.27539209924618,36.993322400185306,-114.698803175215,94.94242700470109,29.579056602126034,34.78093194846202,17.35800353533811,20.703016607680926,-1.714058969258162,0.4636771421385164,True,1
69,69_854,6870,7690,3435.0,3845.0,410.0,0.39146341463414636,False,val,3363.9168199331148,1903.4980241431388,-0.6416046227292321,55.45418427987419,-90.347670647332,59.48673913132529,-0.4124011936845685,60.41892158740772,-6.710756911865331,73.36204531060537,70.75915138513463,46.99372919757436,-3.6456375531124756,-0.10543175398565414,False,5
69,69_855,7690,7930,3845.0,3965.0,120.0,0.45,False,val,2594.677051093097,671.1810418898422,91.35476155325908,33.25693993478702,-87.63280543329202,62.1176977466377,110.08434051214252,35.812063225712514,-90.51086705611388,27.721774179531607,71.36303413720704,27.759974074900285,-0.11269608094064824,-0.21889985876799134,False,5
69,69_856,7930,8380,3965.0,4190.0,225.0,0.43555555555555553,False,val,2530.0417854702523,1462.7638503603448,-53.634828473796084,50.848505440693366,-69.95385232182127,56.916570718438145,-61.29565516675067,58.19782129638417,57.013481512846006,54.242335912951575,64.16964815306905,45.407169427411155,-4.668214094259975,-0.12909807176443203,False,1
69,69_857,8380,9020,4190.0,4510.0,320.0,0.39375,False,val,1441.4078480221963,1110.8619468287523,-109.63168132867062,66.62553693151435,-68.9124466309268,45.076652420266306,-133.6531274805467,81.85865568827876,63.21762964438119,40.92389181161502,35.712107987104034,27.988549867868027,2.823626596644805,0.06879865055306889,False,1
69,69_858,9020,9300,4510.0,4650.0,140.0,0.30357142857142855,False,val,1605.5526732907879,1339.8613906559087,33.96909473662707,38.988984151613536,-28.99432382584979,31.267107060240747,43.53724865446184,48.407962488175016,-38.49876288357401,44.35749749368397,58.31590616138794,50.13055670437231,-13.262297146315959,-0.23713375101179557,False,5
69,69_859,9300,9790,4650.0,4895.0,245.0,0.3510204081632653,False,val,4254.60278761082,985.5891839023976,51.45913035506007,58.48804332364318,-133.84424087171524,44.10627236968462,56.04858510130923,64.23780028992009,-66.26046690842524,69.18862768781057,75.10382067414149,36.41414901239644,1.6522048482934053,-0.1409262686715393,False,5
69,69_860,9790,13010,4895.0,6505.0,1610.0,0.3795031055900621,False,val,2442.509120260113,1637.0479737699154,-7.848632478710808,65.00682441739427,-56.761403961563836,51.591059653946175,-8.878217880918765,77.66265001286396,5.11047354556876,66.22749225207745,69.48401728781445,44.11648306233639,0.24229867138305972,0.009293285307015646,False,1
69,69_861,13010,13250,6505.0,6625.0,120.0,0.6041666666666666,False,val,429.32923542928097,380.0126759713126,116.8729107100195,73.1204640665756,-64.54620930597243,43.5768394689044,146.3653676693706,88.74383301231751,-21.63686271505081,15.96439632287799,18.251021790258484,15.851308091157891,0.11909419252277703,-0.8801820536151133,False,5
69,69_862,13250,14410,6625.0,7205.0,580.0,0.753448275862069,False,val,2510.1059836958984,1797.9795023419447,-39.157149095570944,63.85411239359658,-64.71505789521537,53.332522287807926,-47.224254871417635,75.07190529866477,33.33765691152483,63.12121789366924,62.801295453968514,45.89211049944542,0.29951492152588033,0.07854962057543577,False,1
69,69_863,14410,15350,7205.0,7675.0,470.0,0.774468085106383,False,val,1.3816802491529696,17.168262649614498,-0.0038436320012271066,0.04775954269576453,-2.003980045988373,0.04295505377449007,1.0925447730294655,0.05919680872354134,-0.772085548609402,0.12144731713556461,0.33778384758107177,0.756240104064488,-0.00876252522338478,2.437580270073045e-05,False,4
70,70_864,0,1620,0.0,810.0,810.0,0.09753086419753086,True,train,1456.6251120343543,1598.8009891019788,8.805285822820132,83.12726182912103,-45.32088806523029,51.40810644578851,11.232952980313659,101.6889015296319,-8.661763044773036,51.81332491996103,43.6868772942167,44.77597700447293,1.1282979501350447,0.11086643400187422,True,1
70,70_865,1620,1860,810.0,930.0,120.0,0.26666666666666666,True,train,4473.508882739044,862.5249523272603,21.81872657478336,26.920031608962383,-99.70180196334435,45.54456977746365,24.321994245570295,28.204508576036293,-42.05112824200694,44.78898005541041,110.1379853065604,24.52551119451508,-8.161687520403486,-0.03704233371061798,True,5
70,70_866,1860,2240,930.0,1120.0,190.0,0.07368421052631578,True,train,35.92664040528607,220.36056282335684,-0.41307077952368315,4.862996584127787,-2.1641094778993377,2.1580732796788915,0.5615354760404003,6.19702742392971,0.11739021592075431,0.8747452553137612,-0.13562461275018142,10.698812193933026,-0.5170464761755269,-0.0051307799853847645,True,4
70,70_867,2240,2590,1120.0,1295.0,175.0,0.08857142857142856,True,train,1934.5707320413812,1343.5841421779442,-82.12529181993838,68.61484333467521,-77.853984049523,65.37519983497957,-94.85707391986296,81.02807090652877,68.79209478048165,54.568407551476966,44.212709279929925,34.83681495303407,2.06392994476048,0.15031308943545943,True,1
70,70_868,2590,3040,1295.0,1520.0,225.0,0.18444444444444444,True,train,4849.232438887755,1023.7813640604984,-8.282683391030439,32.232567545491044,-108.15647935472364,34.41391825541631,-8.826412161196675,34.8513768361577,7.190286303092182,58.49042713778926,108.5689542740966,22.364792948013964,0.5637168006763476,-0.1050710664767898,True,3
70,70_869,3040,3650,1520.0,1825.0,305.0,0.2262295081967213,True,train,565.1307722259877,700.1627654187762,12.963612268730778,41.453745747451265,-11.061693136777246,13.44871115698698,18.50419849509806,55.55790447283708,-3.9609542794565558,26.790090863365656,24.04349206187082,30.808999426885325,0.8206126542118936,-0.0496892603805297,True,4
70,70_870,3650,3940,1825.0,1970.0,145.0,0.21724137931034482,True,train,3551.2581376712856,663.9157911755711,-90.5573344407303,31.73950758226401,-126.93394688575866,37.966678485390204,-100.56883346108359,34.47329116867868,101.73126481742668,26.54680484633677,69.44674973407375,28.785284991267716,-2.045000915040981,-0.233498769965748,True,3
70,70_871,3940,4180,1970.0,2090.0,120.0,0.2375,True,train,955.8317982310574,1384.0559462000497,-23.16772492697475,34.628083210109686,-22.71680345689402,35.05606965977218,-27.32119131844349,41.884662293119916,26.777445917747343,38.738550715231916,31.091162851314053,42.868186762539835,15.512100022507973,-0.3927921845478373,True,1
70,70_872,4180,5540,2090.0,2770.0,680.0,0.03161764705882353,True,train,2175.799079457651,1755.3204152380836,-45.746033734671464,68.3638262475472,-58.09974573401753,49.57900344086706,-54.22403070674768,83.74727254015947,33.86096843421111,49.710132191477435,60.139020999759,47.77032948944725,-1.6746235938371468,-0.029481023222241425,True,1
70,70_873,5540,5890,2770.0,2945.0,175.0,0.0,True,train,3036.8675678532545,596.0962395020133,97.30389748391804,47.841818585784765,-126.81719903099507,58.86912606048389,108.87988967933634,50.332127825974624,-100.07757485202173,32.90198820567134,66.07481948220442,36.437036315945235,-1.031736458944895,-0.06744738984123712,True,5
70,70_874,5890,6370,2945.0,3185.0,240.0,0.004166666666666667,True,train,1052.1751643315617,1013.0167305243576,-13.622465015700413,21.165915708169727,-5.811587140812924,4.9762662847175,-17.875920276448028,29.38023681116671,10.651535986772615,21.54502495704537,45.2114622418424,44.71233217635075,-2.0025777960618134,-0.022321853923156585,True,4
70,70_875,6370,6950,3185.0,3475.0,290.0,0.0,True,train,184.9979328519111,682.6300688731675,3.5487346706569647,14.436613437921665,-4.890349579585455,12.097270507607162,5.646729268099688,18.535657620825337,-1.481674142739143,14.426387651096976,5.487093646716629,24.513322578002416,1.508915354443067,0.03075028109568482,True,4
70,70_876,6950,8120,3475.0,4060.0,585.0,0.008547008547008548,True,train,1923.1426375244419,1863.6561456300062,28.443353171949212,57.729664643261366,-61.73185860659959,69.90965707923947,34.03222683555989,66.24307790272638,-23.497475187661703,62.26689977610656,42.20788985096654,42.91994580273237,-3.2175303388994703,-0.016012485092881976,True,5
70,70_877,8120,15370,4060.0,7685.0,3625.0,0.008551724137931035,True,train,1528.0208098947678,1893.8744561846227,-1.8163219137990056,54.64923678282639,-44.35368217187301,60.6352983291462,-2.067835435502308,63.39171276873765,0.21976007205453463,55.841684603174656,35.83994480109371,45.01870609914394,-0.018275783607288425,0.005127491177939538,True,1
70,70_878,15370,15610,7685.0,7805.0,120.0,0.0,True,train,3259.5548619413817,654.923239314604,-71.85519930711494,44.99373517894588,-87.9025310240498,39.76269799804602,-84.13252562329963,53.50362815889508,78.52917635476594,47.47676399368833,87.54879814170162,26.459692150659116,0.7897273455698702,-0.2743403721720467,True,1
70,70_879,15610,16220,7805.0,8110.0,305.0,0.021311475409836064,True,train,694.4617962249004,1214.722759940367,-32.33931791355218,55.40473586697432,-28.428046907835615,48.00367489355088,-37.4594547459581,66.04958134002814,29.068252790267486,45.38392235002647,15.631999590233196,27.96414666619892,0.4813880499396607,-0.06461111693993958,True,1
70,70_880,16220,16590,8110.0,8295.0,185.0,0.02972972972972973,True,train,2.1572595705175237,21.436836663557994,-0.04568794698644207,0.8601759292244179,-2.044776315034804,0.32209817111910605,1.0432063984756104,1.1442908252730095,2.1306568603341747,0.36516746774519115,1.0222527167287054,0.976846581814805,0.020071812805885988,0.0017492705325942966,True,4
70,70_881,16590,17130,8295.0,8565.0,270.0,0.012962962962962963,True,train,2049.092926390413,1211.4494414263636,99.04323951267796,67.88736867815855,-106.79447559920051,72.27600865146341,112.31608216363476,75.31492677379153,-85.94175982560213,50.013496490508835,42.59026442240995,31.011840532216308,-0.9382022628806963,-0.318769415802026,True,5
70,70_882,17130,18500,8565.0,9250.0,685.0,0.026277372262773723,True,train,1803.0324783416377,2037.3991167232975,-23.77577306757476,48.5600636692386,-49.37713337568768,59.51124272369504,-27.146843307074846,56.14651703698496,23.513401784624712,54.91455892176724,41.18326640327979,46.70086855360206,-2.032071979779022,0.0024125063752961267,True,1
70,70_883,18500,18850,9250.0,9425.0,175.0,0.06,True,train,1680.3957827230577,574.0684422692186,-173.46190575228238,48.51258841373777,-97.90807712078673,31.242043206518403,-211.1559020891918,55.34792067401121,93.32986198469693,26.029185616786087,41.190097512424586,23.41876387115383,-5.461926298644382,-0.14799631300935395,True,1
70,70_884,18850,19810,9425.0,9905.0,480.0,0.2677083333333333,True,train,1235.7247404784066,1283.5515536021219,-15.657996795370225,68.61616304428391,-27.2501018230659,48.28129521068814,-19.830144124286072,82.89987203355324,5.6281840647799175,50.04195065057026,43.13351874049228,50.692530280523975,1.6607289999393595,-0.1315175981867618,True,1
70,70_885,19810,21590,9905.0,10795.0,890.0,0.010112359550561797,True,train,1262.7564991943088,1718.3894736930877,14.129689590511735,49.828812663652734,-33.6006926691252,47.54164198706428,18.323049247965834,60.00254611803852,-6.178672763426788,42.9597218435261,36.41092513583906,48.399277676810655,-0.7387252217914925,0.04624286458023593,True,1
70,70_886,21590,25677,10795.0,12838.5,2043.5,0.11157328113530707,True,train,0.7050636776542887,18.202920797793354,0.015411487539623587,0.40013332873752117,-2.004912978915566,0.11609572414854309,1.1185300971276402,0.5529770931873879,3.23510888830439,0.36559174742082007,-0.44791485533107944,0.8510490833417279,-0.0010334685079340477,-2.259161373311843e-05,True,4
71,71_887,0,300,0.0,150.0,150.0,0.8766666666666667,False,val,2527.4995530720926,1640.2043890044768,145.62558980155643,95.95911203874171,-127.74781784253418,33.73583586199776,174.8532500640496,116.62851606576848,-78.11406643050432,32.828686000598196,62.634976152064546,39.67436068815995,15.636398769550176,-0.8998470627736844,False,5
71,71_888,300,1840,150.0,920.0,770.0,0.7461038961038962,False,val,1328.3108795355224,1733.8857928720859,-19.99569878520617,52.45074119714846,-35.44659216424785,48.68714452368763,-24.59425832295908,64.55713979941248,12.581911283149873,44.51713186112671,37.75246597801912,45.34852107742196,1.6157152237071584,0.010394415767430927,False,1
71,71_889,1840,2160,920.0,1080.0,160.0,0.334375,False,val,1241.7897797917997,496.42427352386943,170.6917776822873,40.393905019344366,-102.05624058865735,35.589201475943845,209.9042573290623,44.992309727056394,-76.33192045551641,31.37939172281535,39.393277826882546,12.609529009011204,-2.553041271714208,-0.1740474390432627,False,2
71,71_890,2160,4800,1080.0,2400.0,1320.0,0.6321969696969697,False,val,1419.9519353755754,1813.4755087220387,-5.218706372117841,56.25693742423349,-39.08471152426528,55.353476256792966,-5.754974166165734,66.95798787121002,-2.7438673563863105,48.19366595629852,37.40230166908797,47.854657463170874,0.771872758731477,0.007311400596646633,False,1
71,71_891,4800,5270,2400.0,2635.0,235.0,0.0,False,val,98.05112170351887,281.5426021922255,-1.7262551443211978,8.878354906456556,-2.5648882573439398,1.8566476395392006,-1.282329655416428,12.39956451472401,2.6854374950845528,3.6869997055790047,4.001475792112559,12.692114686394625,-0.008535255147726052,-0.0022485026853477008,True,4
71,71_892,5270,5630,2635.0,2815.0,180.0,0.0,False,val,4538.146043525626,1221.6606329024646,19.955424970561854,42.86061611906249,-114.41037322196648,49.9476568184824,21.360493129046528,46.09256416928386,-37.02865950597851,70.82193424178908,89.29470349202143,29.218503749088317,-3.084134008285719,0.2995254769897684,True,1
71,71_893,5630,5970,2815.0,2985.0,170.0,0.0,False,val,9.020599744624231,64.83004723603385,-0.027293252688404077,0.5575405331605174,-2.017676123574395,0.14601971137576786,1.0585614330386188,0.7743767167731987,2.131240493451091,0.21568215192767412,-1.2800687793861008,3.0671787093682363,-0.14541536756119017,-0.0005819516979381625,True,4
71,71_894,5970,6600,2985.0,3300.0,315.0,0.0,False,val,1076.2783642347229,1101.758971545449,-23.069019605370904,56.61118340709617,-26.606375475275126,37.98229089372484,-29.842761210293332,71.33482098765688,14.469459864363676,48.53894992031647,35.2909201491375,31.450153723828873,-1.1873864735140531,0.19514603087889018,True,1
71,71_895,6600,7410,3300.0,3705.0,405.0,0.0,False,val,2102.7410316085084,2011.0956696323838,20.436361766533896,57.438443990509896,-53.84914103531311,49.72126474241716,28.298972988841,71.15495996867055,-7.564208448813314,56.63984550773661,54.10659517684291,47.163351866412754,4.44615418697101,-0.14560614412219441,True,5
71,71_896,7410,7830,3705.0,3915.0,210.0,0.0,False,val,21.145461553260084,133.0387586635486,0.5357219973824616,5.521176924782044,-2.223610221228716,2.168130100536003,1.8109651888768423,7.33028182124477,1.7971705130399975,2.4523236310451537,-0.8307786967365844,6.193553731086572,-0.1413968050246846,0.0075562458305410115,True,4
71,71_897,7830,8890,3915.0,4445.0,530.0,0.0,False,val,2229.6120886080917,2089.559604321643,19.708453698669345,50.21221326247188,-72.65452011273838,76.38030075850179,20.989592229728338,53.651656750626614,-28.46082025699542,68.27596002689037,39.14529243364734,42.861340941207146,-3.2950589625185107,-0.12116865342335942,True,5
71,71_898,8890,9200,4445.0,4600.0,155.0,0.0,False,val,579.3849958802095,799.1616577352538,-81.5466109371005,89.21125308523426,-48.517280784250225,52.82112464277718,-98.27439892244877,108.60696389674249,34.70249382974788,43.38046548002396,11.228644524214587,17.287701703090136,-6.692771318287763,0.7902011589674314,True,1
71,71_899,9200,9950,4600.0,4975.0,375.0,0.0,False,val,1475.7980930417857,1537.989909579422,60.59068562718776,81.11182126628653,-55.15368756979571,54.09768522172702,77.62506980262005,97.47236668034873,-27.430527525823635,58.330612054218996,42.6081512527448,33.89590426361166,2.4349048042010732,-0.2929929170400454,True,5
71,71_900,9950,10690,4975.0,5345.0,370.0,0.0,False,val,317.07217078247567,434.2016963363869,-4.499408815303449,38.50783205537209,-8.650195539642361,12.352079927927242,-4.810576640085102,51.46557765176766,2.4856493677944203,14.952149728181439,13.680901334643863,18.41808900966096,1.4256616822425796,-0.062113313115701715,True,4
71,71_901,10690,10930,5345.0,5465.0,120.0,0.0,False,val,1878.3601898803204,910.5845602571336,-139.1848719919058,58.70130602180245,-91.796122812997,38.76056343183712,-167.4616319996165,70.19980063298854,80.96716351837318,34.35063072038071,49.72921905862576,32.818751071543424,9.838039683876433,0.7028790843031203,True,1
71,71_902,10930,11640,5465.0,5820.0,355.0,0.0,False,val,2151.0170826846806,2116.0749334738634,-13.268513692571041,31.649496743005862,-47.67629407249791,54.11487670379334,-13.42430779442771,36.03936800073397,19.520044034772035,45.68851227098204,55.19110120336642,54.53386382618405,0.5943780243095425,0.0024088173930081006,True,1
71,71_903,11640,12110,5820.0,6055.0,235.0,0.0,False,val,4186.058896962585,1788.239497869859,20.81979771221973,32.52422961035247,-100.22189228187617,57.2023299717051,22.23870241041292,36.04488302594545,-44.63637788617311,55.911602018092985,86.14238529246052,37.22048476250485,-9.483314558512786,-0.12055561412084834,True,5
71,71_904,12110,13760,6055.0,6880.0,825.0,0.0,False,val,1247.4158181722032,1797.3510116099294,-6.203973546204485,59.11185431475111,-35.45599600105313,48.826496333431486,-7.213183330549886,73.96330584885887,9.923958556580168,43.5630342522428,31.503259030357324,41.11962816063171,0.5700460473318785,0.023719492966060643,True,1
71,71_905,13760,14000,6880.0,7000.0,120.0,0.0,False,val,2588.3330410406884,540.3163708539258,124.58566711042023,43.5834362688657,-123.18201039835873,49.28590162931622,144.03063033203077,50.99057155641196,-109.35046576444991,19.024521673377887,60.927417444837,27.418588428089382,2.490016076956756,-0.3147409247846865,True,5
71,71_906,14000,14240,7000.0,7120.0,120.0,0.0,False,val,2076.2945566347735,1611.520310922071,-30.858666571258865,40.481725663077384,-48.33726716377429,53.2550429446477,-34.52706959993386,45.870988717149906,35.06682921339819,46.573153677374734,59.902064629654554,50.28463347745864,-6.501290537027417,-0.19158497642345643,True,1
71,71_907,14240,14656,7120.0,7328.0,208.0,0.0,False,val,13.548517024113549,106.39884430049369,-0.02168336553228712,0.17862348079681092,-2.0361347052328926,0.29326523085566575,1.0730807183594708,0.19776899973832382,0.794886776114799,0.11728931166911749,-1.550422989762885,5.038625251137148,-0.19238486684859638,0.0003081902561058526,True,4
72,72_908,0,250,0.0,125.0,125.0,0.044,True,train,1474.6639763547573,298.8493746002983,214.42706345852156,33.14413357856464,-141.2846102459221,24.85424511035923,257.09496597141515,39.58073642547424,-104.2266561057452,23.52709485532505,37.273144826571226,7.9399389584273425,0.36456522507838784,0.19491034783569572,True,2
72,72_909,250,1870,125.0,935.0,810.0,0.8666666666666667,True,train,1780.778277225835,1859.9331347138861,2.7421333113647615,68.359930128523,-53.845693089437994,61.4505026987713,4.348050429329417,80.72487013091006,4.646157302123323,60.519863916363356,44.36920030618432,46.070314573353954,-0.3653295381476114,0.0057030033317709995,False,1
72,72_910,1870,2530,935.0,1265.0,330.0,0.9196969696969697,True,train,1169.3096380910565,1562.2905483843927,28.657177914539776,61.00715414784229,-37.16574251318601,53.203150046325355,35.41328120010399,73.10992034177829,-21.32586550781805,52.00634114782969,32.28085373219692,42.577030752082244,6.589212756960975,0.16202063409428577,False,1
72,72_911,2530,2920,1265.0,1460.0,195.0,0.9179487179487179,True,train,692.3435711929801,1541.0806516735151,1.3696516382883523,9.984912228669032,-13.797874101710342,30.962821882000615,2.6832001991408077,11.267459087314327,-2.484880327879022,17.49914743412577,21.119701436798216,42.11703198587918,8.385036407299117,0.01384112800206981,False,4
72,72_912,2920,3230,1460.0,1615.0,155.0,0.9451612903225807,True,train,25.527542538450835,155.9280915047231,0.05343445652579364,0.6440968199139353,-2.0201276333502105,0.09935581981077693,1.1779373683065504,0.9343921127479621,3.248043344143712,0.5746816862033693,0.6670225803323945,7.301359258779447,0.3593775693947763,0.0010027951576856975,False,4
72,72_913,3230,3580,1615.0,1790.0,175.0,0.8971428571428571,True,train,360.3098639410703,684.2882139991326,6.448752203809958,16.976665743853765,-4.011222046522532,5.290854439999745,10.018762703259338,23.34196734787177,-3.7790929904582415,14.50574506277739,17.2621684474941,30.55271619225071,-4.345947864869381,-0.07381709431061666,False,4
72,72_914,3580,3850,1790.0,1925.0,135.0,0.9703703703703703,True,train,4496.187385406072,490.1288776941882,32.9358971291508,36.23567815627607,-114.31035702823655,40.306764894047916,35.417845065159284,37.59802126697673,-55.355038974854665,50.688025480892804,99.17182565210875,33.52155971383485,3.9665810564802073,-0.12008525897880211,False,5
72,72_915,3850,4740,1925.0,2370.0,445.0,0.9876404494382023,True,train,1130.7744488824312,1713.2200676992315,21.544184946368325,64.36092174639295,-34.65786349981837,46.89210110651585,27.843367545725783,78.13554958437382,-5.871099164429081,43.009706887993,30.583251931174743,43.32754338290331,3.751730290876458,-0.04345746582731146,False,1
72,72_916,4740,5100,2370.0,2550.0,180.0,0.9916666666666667,True,train,3298.8257595579335,1212.6045242301748,-82.38543121658802,39.225687039710735,-90.67772682160523,33.49676719406625,-97.75501887749144,49.14494042325173,83.16699950522194,33.94265714366028,79.42069430284143,26.447987221308132,-0.449350463767571,0.051885119533043644,False,1
72,72_917,5100,5510,2550.0,2755.0,205.0,0.9780487804878049,True,train,17.03515347252116,118.75907011796075,0.11355904934183565,1.864960275612931,-2.0746631865614527,0.6084148983915534,1.2616682871773115,2.578267178355766,2.4678914533814544,0.7237165632435377,1.483106542999153,5.184683908787889,-0.19040614104545625,0.0023416237883030298,False,4
72,72_918,5510,6080,2755.0,3040.0,285.0,0.5526315789473685,True,train,3049.09301950259,1708.5400451957353,40.33587591031876,49.45517519328665,-87.87631913466262,59.669554135116265,45.845432416863154,56.15073647615999,-52.80359508164981,60.793666010644465,68.96329413718989,41.31634714503587,-3.8142046991748946,-0.017608168203656058,False,5
72,72_919,6080,7750,3040.0,3875.0,835.0,0.6197604790419161,True,train,1629.0855349457738,1917.0620357663088,-36.409578982212196,64.93017058009967,-45.09652093466174,53.228951914801726,-42.62631910790329,77.86415969501736,22.733331151287683,39.77584967135817,44.10611500182004,52.03483763239488,1.2395720499307334,0.0529424368100676,False,1
72,72_920,7750,8210,3875.0,4105.0,230.0,0.9239130434782609,True,train,88.8372461820373,300.2948210926938,12.617406740653578,43.7009707197649,-9.024389128036052,24.43779440277677,16.59469324426357,53.61027314058056,-6.138295310737223,19.020857624426554,3.1852537734055475,9.762492860734715,1.0190008631401635,0.14783621141208472,False,4
72,72_921,8210,9800,4105.0,4900.0,795.0,0.9509433962264151,True,train,1073.0572615118185,1697.2610478763413,13.753305550889802,41.787522324011185,-26.753042843802373,42.08589589288515,18.274820701280078,51.383746397677456,-10.269662128805951,39.50040841298017,31.66335668483516,46.147326362398125,1.1410422096789399,0.012118668124448439,False,1
72,72_922,9800,14410,4900.0,7205.0,2305.0,0.9049891540130152,True,train,1357.5826838864214,1699.5008926042217,2.9770606443113814,63.018664331321155,-36.65287967404764,50.21824498982973,4.078595051313668,76.30284427003059,-3.602967104162723,48.47128470827595,39.29566227359915,47.292937296852244,0.4237428902837808,0.011062226276507981,False,1
72,72_923,14410,14990,7205.0,7495.0,290.0,0.9568965517241379,True,train,4425.181621434601,297.09960820259306,-60.625577434115876,10.835573773505915,-114.52349437654291,15.466315240100966,-67.04917679318064,12.19506116091798,90.23202316527261,16.749849005697882,93.21962562886982,5.682582841482926,-0.24668334704976805,0.02088182017892094,False,3
72,72_924,14990,15301,7495.0,7650.5,155.5,0.8713826366559485,True,train,14.052410016150365,97.73740800469837,-0.00034184325391954017,0.00242976057160408,-2.0148005433873584,0.10158196072640478,1.0966947966264113,0.002660354528030274,1.3548181911431747,0.16242185909294882,1.9529216461225603,4.3083568866124144,-0.26568729022935295,6.466701999370595e-06,False,4
73,73_925,0,310,0.0,155.0,155.0,0.9354838709677419,True,train,1393.5580768068235,1075.3157684159498,71.54385273846195,34.47923649723401,-40.369138045731354,22.234773278061375,94.71645805712123,45.98981299289108,-34.147845486734376,27.103517752778714,56.486912302251184,37.273980998636645,9.189405502136724,-0.29140698226493955,False,5
73,73_926,310,1760,155.0,880.0,725.0,0.9427586206896552,True,train,2747.7005944088,1530.3625472405943,-82.19286635290555,49.35711812619521,-88.31555735093094,52.8184983082489,-97.63805148670787,59.14316092581212,67.58109989178148,46.72336750557848,65.09667029309904,32.21926134883855,0.7141367786886391,0.03411852404389395,False,1
73,73_927,1760,2170,880.0,1085.0,205.0,0.8829268292682927,True,train,1894.0278378110186,1089.5541444522592,79.56297098362006,51.078861155278354,-59.74943903409166,44.15323789943493,99.56046550215687,61.41215170116273,-64.13561110274053,39.498768669726886,64.06066210922955,36.270686502372484,0.03263833000438714,0.037609805770200046,False,5
73,73_928,2170,2650,1085.0,1325.0,240.0,0.8916666666666667,True,train,857.6602934955845,646.6855059027113,0.332954520143357,35.35617744043721,-8.636792065469068,8.86204246014434,1.8672810648543423,48.279881269602505,-0.9686703286510863,19.261065089408863,39.064472920831285,30.542936007759558,-2.5848620237440763,0.00737698896840218,False,4
73,73_929,2650,3160,1325.0,1580.0,255.0,0.9823529411764705,True,train,2684.123086266917,932.3346729859342,126.77233905618068,43.293979134376634,-144.84419830450656,41.89809889764647,143.643847788866,53.74760816743699,-107.08831920676235,24.681465929638353,49.765473939780534,24.24768798348117,5.164832737326704,-0.23217739596043377,False,5
73,73_930,3160,3460,1580.0,1730.0,150.0,0.9933333333333333,True,train,4711.719154495111,622.3560374282725,-45.668495919531324,32.23725179157043,-120.20536403962632,27.342702856865944,-49.462167944586895,34.75567576784866,64.66731815516367,46.16718574209622,98.78461002940304,25.218130306738576,1.7685639651440794,-0.07340148553722237,False,3
73,73_931,3460,4280,1730.0,2140.0,410.0,0.9560975609756097,True,train,3420.815182506326,1700.9624431042994,20.83395233502798,45.24146649888682,-85.82822672797519,65.57194073142551,22.95417518921265,49.116626063551045,-29.82146250530307,64.15057634317776,81.14616275294944,44.4191292049675,-0.8154003255640131,0.0019204549777961067,False,5
73,73_932,4280,4810,2140.0,2405.0,265.0,0.9547169811320755,True,train,1799.0933426002207,1360.8411081889187,-83.68425683225847,82.82007117118268,-74.45358893551627,64.43482791313143,-97.42279453545193,99.43405477692284,56.679395763984814,51.37449568211684,43.07322872356002,35.244890974742844,-6.406870879222197,0.28669736791686634,False,1
73,73_933,4810,5110,2405.0,2555.0,150.0,0.9633333333333334,True,train,1207.0656020159527,419.0668146155059,111.56529514744436,61.02952514596355,-56.971020298931954,45.23138592569272,143.11171320271612,69.6749995972301,-53.64174885410439,26.438215044908635,48.45594163948578,18.799270186575974,0.47638453207052295,-0.5978041158821499,False,5
73,73_934,5110,7090,2555.0,3545.0,990.0,0.3207070707070707,True,train,2898.801616426385,1730.7101605354433,-56.513229055776506,63.62929679407667,-81.71239739158132,50.65622166512546,-67.21407697614852,76.02716116896133,44.52579167102489,61.51741604423522,70.24325504185933,42.57335076442802,-0.3817467852896991,-0.016109746395659343,False,1
73,73_935,7090,7450,3545.0,3725.0,180.0,0.0,True,train,2163.9364875310707,987.2593373430676,88.52578811024614,43.713527813471366,-82.75114983164259,65.39469562115293,107.4579935123579,52.383716096479056,-74.71619253742548,42.772778584587684,58.66782094252589,29.11566726290693,-6.44809373131208,-0.0442897778808174,True,5
73,73_936,7450,7690,3725.0,3845.0,120.0,0.0,True,train,118.27172185658323,372.4605473941578,2.2576853878634466,10.092456368138246,-2.720678357058639,3.4789176490479505,4.199235030704253,13.72900898454925,-2.105726006180081,7.4196948816182955,3.9081820523800817,17.350415470699616,1.0344081520724138,0.04543646937656697,True,4
73,73_937,7690,8140,3845.0,4070.0,225.0,0.0,True,train,3178.103363796404,963.7657522573301,25.93726058199325,46.90142828721252,-64.51063901454756,40.585378422097584,33.39581935172776,56.22306271196473,-31.15378603239116,55.83156625451266,99.48483477379281,24.85376747405913,5.083573209555165,-0.2572106012613602,True,5
73,73_938,8140,8420,4070.0,4210.0,140.0,0.0,True,train,734.4374629991798,1559.7242495546975,0.6817186798910004,11.231466357859077,-15.53169889787727,32.72253442566826,1.569374955529944,12.384081554671281,0.010538587220245128,15.974132340057004,22.46201642469804,44.44209704247152,12.862220351324796,0.014429486306582686,True,4
73,73_939,8420,8670,4210.0,4335.0,125.0,0.0,True,train,1242.238078903201,750.4209216451758,131.54873556339723,62.5398059781678,-75.07331091093808,51.32404478792102,164.78006959337173,72.00660150177048,-50.08252330280117,26.115824695863356,48.573703890787044,31.452580997940434,6.911179535451723,-0.8204034446189191,True,5
73,73_940,8670,9080,4335.0,4540.0,205.0,0.0,True,train,1886.231506470746,1283.488801861652,-71.39871552691581,59.859552376558725,-63.35322539236497,60.91454344362811,-83.51972040639095,69.71367230553717,66.55961210388021,51.27188724123933,48.94805713541881,37.87973634962602,-6.871959273397618,0.032532836020392836,True,1
73,73_941,9080,9840,4540.0,4920.0,380.0,0.0,True,train,2530.6025760851517,1680.9535132227627,-101.1583217003029,83.16221146303677,-90.77790072375682,44.22675338248704,-123.86921328626704,100.40459055609399,47.67099298873615,62.03566640749634,58.36506907685474,34.743720246273945,2.965018187503821,0.26327107913135145,True,1
73,73_942,9840,10080,4920.0,5040.0,120.0,0.0,True,train,667.0326752659785,584.1031962569244,59.91550978596574,66.52858500932848,-31.391254131180137,35.77619647431456,77.31674112858217,82.45928454569304,-17.1098527747966,21.320342222657857,29.03372568878349,25.867796717500806,-3.735594554038344,-0.30276989494672923,True,5
73,73_943,10080,10970,5040.0,5485.0,445.0,0.0,True,train,3155.602987663835,1252.9401199536183,53.8296211938714,89.80441393643767,-111.20782468022446,53.28871072214748,60.96531030754992,105.62452762217835,-59.073144650096914,70.78824278705376,69.88205578170934,37.34799521709833,0.8701447983874855,-0.2751729429664256,True,5
73,73_944,10970,11210,5485.0,5605.0,120.0,0.0,True,train,126.53831537209066,451.03450665823647,0.06362214357869404,0.9576387625337873,-2.146552718513029,1.0116570756067007,1.194868489435702,1.3461906913002593,-0.7471194758651981,1.0748292818848566,4.714690484616045,20.538347221160695,0.7986466672411181,0.0010371069407314807,True,4
73,73_945,11210,11570,5605.0,5785.0,180.0,0.0,True,train,4292.864860761722,612.8718092653907,-30.788754112227156,35.88708087738138,-93.16923403385859,35.42226015984919,-34.10378490310091,40.22526991326719,42.84933603037477,56.72919727643356,105.31564544983718,20.665199682261218,-2.0057002117926372,-0.006146944199483575,True,3
73,73_946,11570,12030,5785.0,6015.0,230.0,0.0,True,train,3077.8561215629643,755.588226052779,109.27761232032877,38.312837404148624,-140.14907546997532,50.21717126061079,122.3904132425339,44.361851244044075,-111.61181275847598,18.599254119891498,53.300644460556995,28.92306404630622,-0.5537271323355306,-0.042447152210833894,True,5
73,73_947,12030,12480,6015.0,6240.0,225.0,0.0,True,train,693.7713051715002,707.420562070854,49.625520059138,41.81839878329432,-21.472328071017422,20.794803985487622,67.14646629362765,54.17736940042837,-24.28806877482093,29.464976817293497,28.684273016328678,28.224076728114486,4.339341584239433,0.2518537943574131,True,2
73,73_948,12480,13290,6240.0,6645.0,405.0,0.0,True,train,3176.6903120602046,1976.2630994912931,46.643484136907475,62.11951367344627,-107.88634208937633,68.53696149185325,51.05885018799997,68.2344709545026,-54.09627706064443,71.0305489351611,54.543533258002206,43.927994195429186,-2.7178114942988905,-0.21477374887811762,True,5
73,73_949,13290,13550,6645.0,6775.0,130.0,0.0,True,train,4476.569165465331,1303.0499772936541,-78.62726566062402,42.46431461903636,-130.54889985189584,36.33396598809893,-88.244352973403,52.166402933128545,98.06656171001656,33.859414985491554,71.82870489261184,27.157920208544656,14.266958426478544,0.49069031333481583,True,1
73,73_950,13550,13800,6775.0,6900.0,125.0,0.0,True,train,4089.483369178492,482.635784512485,19.736234736126253,18.695492874526458,-74.8470576408897,18.034821139732706,24.499365605391805,21.982912756596324,-38.66772995860388,31.923918906102955,120.4838060276826,8.714454146412406,-4.685257858145895,0.07832509561654834,True,3
73,73_951,13800,14150,6900.0,7075.0,175.0,0.0,True,train,2993.8094802486053,725.6676158795344,101.43090308078777,17.474985521440516,-120.53692022151272,57.082605922759335,117.12339439594216,24.34125291855477,-111.13073765955579,14.035031069922157,60.250709709781454,25.23731574076299,-6.617715221533453,0.0852108574002831,True,5
73,73_952,14150,14420,7075.0,7210.0,135.0,0.0,True,train,138.53498107108624,363.47267261327113,11.014834003093819,35.227537830699404,-7.751690840128235,18.6841399743538,14.836580272979473,43.78034631363226,-5.716130532429466,15.84924214923418,4.708166341356904,14.901922531766918,1.8880241248050404,0.1529825476359343,True,4
73,73_953,14420,16786,7210.0,8393.0,1183.0,0.0,True,train,2.18897230057017,39.7906125251943,0.002894323090107287,0.057150020316927556,-2.0020521594800504,0.0290401947887944,1.1007637665246932,0.071808638217597,1.8104058503804104,0.12965945894771505,1.2783366091248847,1.8304481494501048,-0.005534919122453482,-7.321004181609477e-06,True,4
74,74_954,0,250,0.0,125.0,125.0,0.188,True,train,4914.56523965016,1028.5332789074546,-32.29426405921209,18.158142819210102,-103.5978001619364,30.11994812212072,-35.040589717122124,19.808934911108555,53.017352205938295,31.25920057322739,109.78358557855056,21.96197986073018,6.12803957080201,-0.22950524602362943,True,3
74,74_955,250,670,125.0,335.0,210.0,0.06190476190476191,True,train,1803.314528788733,966.216487927904,-126.69203177842132,82.08316631118272,-82.90660928225441,49.56022759728115,-153.10023247207113,99.11573315321863,57.58017582891626,42.69293282534304,50.893267921459405,39.74228760511405,4.924389516055884,0.6098942338327225,True,1
74,74_956,670,1290,335.0,645.0,310.0,0.014516129032258065,True,train,4862.681941378474,558.4427467044837,2.1625350342786005,39.59971491506565,-107.52550216032307,24.156454724449897,3.3674203216493543,43.498720831033495,-10.051541478547765,67.0668712518974,108.78071322710544,20.809924954616882,-0.28975474759560793,0.07386101724939233,True,3
74,74_957,1290,1760,645.0,880.0,235.0,0.10851063829787234,True,train,1297.7363281456821,714.0149438817358,-166.9499060578653,33.94769792709905,-94.55666148940944,28.011041913832887,-203.5380120255468,39.24464129709387,69.13775077538052,34.00035482128297,30.055013329580053,19.416744667510006,-1.6444768052669678,0.020418322954429746,True,1
74,74_958,1760,2230,880.0,1115.0,235.0,0.0,True,train,1988.2403614341176,813.3460372213191,-62.53841235090837,57.05165273126773,-43.98508872614859,53.106861598113255,-76.71611472206511,68.09876313778061,49.4130526950176,46.56567317894128,67.86614063991719,32.73236133040495,5.163045997015835,-0.04153527231268268,True,1
74,74_959,2230,2660,1115.0,1330.0,215.0,0.037209302325581395,True,train,4950.08791240711,450.1129208874717,10.942338860248864,47.65501631573094,-128.17328659974777,33.94498905834558,11.08316042126306,50.08871038943552,-23.298090156185854,79.41364710795122,92.89535764132542,32.49516698977076,1.4447189305112178,-0.22290654075832675,True,5
74,74_960,2660,3200,1330.0,1600.0,270.0,0.05925925925925926,True,train,3680.7136711563307,465.83329228903096,-81.34497725014255,35.32505280111598,-123.03049164056054,43.89146410803862,-90.02467381012828,38.234697183860305,96.00320038288123,40.45344166173594,71.60567721374122,33.32287964874505,-0.305667765641501,0.03848874164632947,True,1
74,74_961,3200,3450,1600.0,1725.0,125.0,0.0,True,train,1292.1802794994592,761.4837213308115,-166.3775581759845,44.07584295573135,-100.64502159352924,38.285295519139,-200.62705866546415,50.432785841061545,70.97075701737535,42.10636251399846,25.701343709113733,14.44266893567536,-8.890098347436059,0.29838386644235754,True,1
74,74_962,3450,3690,1725.0,1845.0,120.0,0.0,True,train,1998.054839567667,520.3656637558624,-8.323178219506092,61.12194328430999,-22.474758521151255,19.67807645755053,-9.494665464636755,80.8472847088431,-1.5804624320532108,56.97080738352713,83.46662703538185,20.846523908406585,4.207026778922428,0.8442943288930072,True,1
74,74_963,3690,4230,1845.0,2115.0,270.0,0.10925925925925926,True,train,2204.6434808586014,687.5891442557115,134.5089321970125,37.45146160075884,-120.30501921130171,56.03770471481339,158.01784140501465,43.268450078229,-103.71542818859585,24.58129563621713,50.09793626583247,21.117098161676452,-0.4699560321838528,-0.04233487583732344,True,5
74,74_964,4230,4610,2115.0,2305.0,190.0,0.018421052631578946,True,train,990.3451072082495,401.35437894038654,93.07034062136732,37.645676608751664,-41.491885317253086,23.19914054199344,122.75832557769262,45.08358367983696,-36.876670415487425,13.368217795568842,43.25965920952915,18.15335635961518,1.1536307569274524,-0.16559305052924547,True,2
74,74_965,4610,5390,2305.0,2695.0,390.0,0.017948717948717947,True,train,3601.683213327136,1701.670446334461,6.789545128837179,48.31894395610286,-80.9425853393512,58.65101296814822,7.219479962381313,57.46866818563514,-19.258321709222113,67.82160556335411,86.42822129712788,30.049759377192174,-1.7286035711242222,0.11466561277967702,True,1
74,74_966,5390,5760,2695.0,2880.0,185.0,0.0,True,train,3172.5884172030637,719.6844286410949,101.47001658503865,37.568976887463236,-141.27559256085888,54.752685364828416,111.27510794841619,40.08792181936493,-108.93974558512767,28.038125169485323,56.23787741705754,32.350756767600096,4.620292898412274,-0.21910740215545024,True,5
74,74_967,5760,8500,2880.0,4250.0,1370.0,0.05364963503649635,True,train,404.73837937302164,947.617930733176,3.59980936782258,58.230902959163735,-19.772461531981918,42.49875836645583,4.352647359971788,70.86540264445945,-4.283942371835709,36.582444772827124,8.778556727099309,21.39546620855882,0.7445694482152722,0.005878355507970029,True,1
74,74_968,8500,9010,4250.0,4505.0,255.0,0.0,True,train,5140.747762154451,451.8156772503246,10.020279088554682,42.94493327391021,-126.15791382283786,30.02655299395142,10.46693834295744,45.51688636225468,-26.9210247623411,74.51219154036544,94.84918011727302,27.200867606127048,1.1548142690434686,-0.08435913308849814,True,5
74,74_969,9010,9330,4505.0,4665.0,160.0,0.059375,True,train,898.1757510394642,478.9738491494854,-164.12429167760146,32.819340369962994,-86.20063964399851,33.50769177820629,-202.4652374670492,35.49542730893799,47.91432500124752,23.484043767471988,19.593024310833258,14.613839203958653,2.1178384876812117,0.27041610219052636,True,4
74,74_970,9330,11020,4665.0,5510.0,845.0,0.0,True,train,4566.965823635545,907.855709738639,-18.049082629422596,51.82533360750563,-109.02102375270933,44.26437935668322,-20.35978500422879,56.62336308832849,20.26125597891213,77.5832036339954,96.97770240876783,31.008198322790733,0.3343975259184655,0.023307887642644926,True,1
74,74_971,11020,11780,5510.0,5890.0,380.0,0.014473684210526316,True,train,1735.7085161112184,1294.3019509512312,-126.27828306675437,60.00553581156157,-78.51209820264528,31.338739405071426,-155.8150068449404,72.76340437622154,56.203247893443404,30.362568272348813,48.743781674267396,40.106111122925206,2.8671834895952824,0.10403612523825465,True,1
74,74_972,11780,12430,5890.0,6215.0,325.0,0.016923076923076923,True,train,4122.135455364179,1458.6535471385437,-35.20360644660799,61.178659689287656,-104.51276807004035,35.158667092635206,-42.18700922654455,71.39819097068542,21.401912512930306,71.70724468368276,91.84026557147713,34.23977258301842,-6.493866564637219,-0.1998445420075058,True,1
74,74_973,12430,14280,6215.0,7140.0,925.0,0.04162162162162162,True,train,61.17427951780078,406.1351297680546,0.47599447154078955,4.361037588293179,-2.4402158338238125,4.65024743962435,1.71795954780724,5.552699421928341,2.559748439397126,5.979647757828963,2.4058689676495644,17.046516197235995,0.1938438419098553,0.001597911151891111,True,4
74,74_974,14280,14670,7140.0,7335.0,195.0,0.06153846153846154,True,train,4031.8337241894446,837.6523143107896,51.59502108434833,36.33830069226569,-111.16576885466769,44.31156572089023,58.19585622102285,39.711635816507766,-74.98651815489158,44.15287336930961,90.21255700632143,29.335812717590084,0.29013241108076127,-0.07353739799292164,True,5
74,74_975,14670,15150,7335.0,7575.0,240.0,0.0,True,train,1696.38547520201,889.6523163739724,-54.68259492029883,52.20540459027823,-25.60575660200754,21.821259587806303,-70.65713487581175,67.1588976639678,24.32266917132247,30.583333676007335,69.26615915405407,40.75309031474815,-5.668744968311511,-0.29468327411092066,True,1
74,74_976,15150,15440,7575.0,7720.0,145.0,0.0,True,train,1418.7674238219342,470.14047550115504,-142.6217187392084,43.52237826703962,-70.13235270638184,28.984706391877797,-178.18640511280512,50.02403529978032,69.78185343884792,28.836731519861264,41.91441806348204,18.967413072058033,-0.21698858180937514,0.13634722237718236,True,1
74,74_977,15440,16250,7720.0,8125.0,405.0,0.0,True,train,3125.4091034759435,1206.6855892281758,-66.93511969400198,60.647384127985895,-82.93093277765779,42.114439506632365,-82.04696655862962,72.14148101016933,55.046363659101,67.77045492420878,81.02200225576101,30.989277298940337,-3.969599756250934,-0.1396306011861752,True,1
74,74_978,16250,16570,8125.0,8285.0,160.0,0.0,True,train,1409.29992665251,678.5083286830996,-154.72622350883736,52.57620709135947,-80.98773591431541,36.6342805726063,-190.79716446351125,59.897986870726896,71.30504580277633,36.7409487626653,39.88609992422822,27.06210647857244,0.5599041072754535,0.38694301421862554,True,1
74,74_979,16570,17320,8285.0,8660.0,375.0,0.03866666666666667,True,train,3934.642833902363,1245.2197978528543,26.952124283704993,49.68466640419088,-93.21547318765855,54.80833322183829,31.682697387676686,57.268529492285474,-37.94761311726102,63.85481049089353,94.17683428322695,31.985532955861313,2.59270469403263,0.044053295265434125,True,5
74,74_980,17320,19540,8660.0,9770.0,1110.0,0.03153153153153153,True,train,112.93938415677745,487.0522179215071,1.6311068464110088,11.539078524465321,-2.998739078935343,6.232431936035196,3.236142921391904,15.208656841007048,-1.4097332324879794,12.365027964827977,2.6552975529444756,21.19731564757482,0.2510569653826087,0.0040675403221186925,True,4
74,74_981,19540,19890,9770.0,9945.0,175.0,0.0,True,train,3427.883126452719,755.670539379874,70.01209384373672,32.03850675394337,-115.7686635694282,64.0253604513021,77.40268397341042,31.66015951933387,-90.96069057796625,37.71840436208613,72.40201889419315,34.73647396905195,-2.8003117498365167,-0.21080189363782265,True,5
74,74_982,19890,20270,9945.0,10135.0,190.0,0.07894736842105263,True,train,1325.8960029925586,785.7563591603753,-50.841277334033684,68.5473891391617,-34.82112101033781,22.345381082131826,-66.40643392175353,88.41291938765805,27.133364748593884,49.36067613458403,48.70963265719369,27.681027747820853,-2.930998390230055,0.4051384505175303,True,1
74,74_983,20270,20580,10135.0,10290.0,155.0,0.12903225806451613,True,train,3129.1080132544625,783.2506750091462,92.46256442452453,29.055775223002794,-127.69165068437235,62.48809293711087,104.06915014613935,28.47374251252231,-104.17210827428705,24.73713524035707,60.54032794402662,27.62741812691363,-2.159971924873772,-0.21943526668826804,True,5
74,74_984,20580,20940,10290.0,10470.0,180.0,0.0,True,train,1619.1769991710212,732.5059987803078,-168.90331290721306,35.72340644663164,-104.74313579085347,30.96733309464684,-203.29668288762656,42.80712267247173,86.44010211407107,33.041606669941416,34.4376318869723,19.0383096725532,-5.859035562408649,-0.20603192980709178,True,1
74,74_985,20940,21350,10470.0,10675.0,205.0,0.0,True,train,1322.233869094486,948.7009479887037,18.362664070120655,74.30082368885512,-32.624006348759906,25.70029806504074,24.15458181949912,96.50892327374913,-31.032682078411487,41.035714027428654,51.82672660892107,37.125586748439865,7.3400024679737825,0.5479365066576583,True,1
74,74_986,21350,22440,10675.0,11220.0,545.0,0.012844036697247707,True,train,3657.5960524882394,484.6769992267955,105.3840193404713,18.906033478733875,-190.793570203729,20.972262096776348,108.97588110542104,21.327106655647384,-127.87606519530271,3.7657436599557625,26.09528616352649,12.33392007644036,1.0446970681667096,-0.04391783461812658,True,0
74,74_987,22440,23761,11220.0,11880.5,660.5,0.02725208175624527,True,train,54.124445966174086,415.58302013837715,0.16454547436597916,2.4256648086769452,-2.6971826749335093,7.230789907771793,1.2722510952244104,2.5757895408923233,2.0620464409244397,3.831276727454057,2.7173553640068584,13.778563790878703,-0.24211799468702885,-0.0007439422853111924,True,4
75,75_988,0,350,0.0,175.0,175.0,0.04857142857142857,False,val,1268.84855747967,197.1200784856304,-176.80768574638466,29.562361172386055,-93.38083208803809,20.735359757655576,-216.52318716374762,33.872546614875674,75.3376348137003,14.29923820271566,32.47668598482511,8.23627429760038,-0.29384992241876046,-0.06850201139356596,True,4
75,75_989,350,830,175.0,415.0,240.0,0.0,False,val,3639.6630806106696,935.399414859505,69.83577814327694,61.96504799288273,-141.9322967106545,60.70598566956325,73.38563977719335,66.95842877495362,-81.27291963041377,63.927558088682844,67.71645290575952,39.65773784745175,3.8679159938655894,-0.23250451711468054,True,5
75,75_990,830,1290,415.0,645.0,230.0,0.0,False,val,2425.986946487942,1162.9082492094042,-56.11734231132336,76.43661280029627,-78.64338094100486,47.225158423962775,-68.77961152913934,90.73441762200447,38.45273823792659,73.24240014898143,66.32988245485312,33.27689361505372,-0.7644908918501687,0.45238196989985024,True,1
75,75_991,1290,1830,645.0,915.0,270.0,0.06666666666666667,False,val,1895.7505973838463,900.4729809658741,61.272802821078436,83.41042577928418,-62.87045459826231,50.49756344109907,74.97804269242633,103.41538005996435,-59.49160481785687,52.23946211902558,63.033329700768284,30.91724504704889,-3.363491377901917,-0.4403235421601468,True,5
75,75_992,1830,2440,915.0,1220.0,305.0,0.0,False,val,3348.0990973469793,1101.6298992350476,-52.62780848149898,59.90303813285643,-76.41957820452875,42.99423154238354,-62.907584648329326,72.01183044851648,46.366331687457915,60.437325301893864,95.45853145488466,29.28909594053412,3.3165564015438576,0.06455119641006123,True,1
75,75_993,2440,2960,1220.0,1480.0,260.0,0.04807692307692308,False,val,1991.2210074513084,937.1748212920878,-54.72236960902241,76.22947494958046,-37.95491961851985,32.75575955610818,-69.0222485206594,95.22937330294651,16.8219967349506,46.001706442419085,79.10431013872646,43.030951169624174,5.6765320676879725,0.4549306152314302,True,1
75,75_994,2960,3910,1480.0,1955.0,475.0,0.008421052631578947,False,val,4162.280772643717,851.7651375407086,22.563931255548546,59.26079051767976,-114.62316824858533,41.02803805693773,25.13313420608476,64.83382902888468,-36.187226579880935,77.0676117651789,90.80877669543906,30.21780878056927,0.7842824717679685,-0.1410723184131781,True,5
75,75_995,3910,5740,1955.0,2870.0,915.0,0.02622950819672131,False,val,20.028062340475415,191.88262773833998,0.2284484658540515,2.4129855670687537,-2.1652550889511146,2.2756231930104547,1.3848382948474025,3.007119904425715,0.5602122609221624,2.756543094051631,2.1535942425347017,7.686244958607295,-0.006250707732358031,0.00020497555974909764,True,4
75,75_996,5740,8730,2870.0,4365.0,1495.0,0.0070234113712374585,False,val,3191.0347463229464,1370.08623068586,-19.364784278990523,80.0703571214512,-83.88438569133407,53.33724477659916,-24.584949911648273,94.63985554743662,3.714039749184459,76.43765722408715,80.51154953944678,36.95426869612403,-0.46490715834235014,-0.008738725677761478,True,1
75,75_997,8730,9050,4365.0,4525.0,160.0,0.0375,False,val,3592.045115069521,950.487065126799,-97.0071453218658,45.87895745584214,-118.86690097297542,30.68721606760208,-110.16384141857861,53.70366688950436,101.14810990570386,31.956051349498132,69.8934648242501,29.66349882234587,9.776647118903742,0.40578684331594855,True,1
75,75_998,9050,9500,4525.0,4750.0,225.0,0.0,False,val,4346.640248969504,611.8898635551968,19.953929503629947,34.225988291188514,-93.01935321456864,43.05974143559834,22.333661289708314,36.72255884194583,-38.550606364033804,57.11258740452951,105.30275606941926,30.07025361568809,-2.2541532651780387,-0.0558289805667369,True,5
75,75_999,9500,11920,4750.0,5960.0,1210.0,0.32355371900826446,False,val,220.9438656533364,738.2348072225932,-11.443896639126258,38.950902203840194,-12.424255930854397,36.20350007007117,-12.065830394297523,44.83125117507069,9.985917291830589,32.4352517316063,2.301268545134599,15.337892688596613,0.47962480717641415,-0.02597443883473581,False,4
75,75_1000,11920,12190,5960.0,6095.0,135.0,0.12222222222222222,False,val,4190.6165158368,791.0304465975545,-2.527429869678776,45.09201301316604,-94.5604826016614,34.93863489149668,-4.861587802906472,52.08867294985342,-10.61013585170735,71.5174392245167,105.50863365576531,19.12846575044002,4.813146600074761,0.21415602994260327,True,1
75,75_1001,12190,12560,6095.0,6280.0,185.0,0.33513513513513515,False,val,3334.5251483295347,617.2680360464575,-75.04353468535002,22.88037784963608,-91.24241777216582,52.752187630488635,-87.20630748936323,22.465207814783657,91.46711378652914,25.28115552068717,83.5197240425389,24.254565434623228,-2.4199167209190393,0.13458373978195312,False,3
75,75_1002,12560,13472,6280.0,6736.0,456.0,0.2916666666666667,False,val,1917.6526631745942,425.7496512248466,17.99326384008749,4.640107743440356,-4.52545952502543,0.655791782026466,27.111620223422314,6.7035520161736475,-20.662804318726106,5.098436492657072,90.71112330259928,20.16071912916369,-0.6719177208177585,-0.005905545805223897,True,4
76,76_1003,0,410,0.0,205.0,205.0,0.9609756097560975,True,train,2991.842691448014,1654.3450955961891,91.22088268994476,85.95288122497632,-103.03780530469248,48.74993080895852,108.98905977223554,102.52673479230478,-60.57666658579158,43.89020952656617,80.52921859866218,42.18936932901523,-5.959976674209733,0.18513363155822307,False,5
76,76_1004,410,950,205.0,475.0,270.0,0.9666666666666667,True,train,4164.2279804139125,586.2261259449539,-74.33148169009976,32.23817835084723,-135.49325016708818,36.53775536980144,-80.39245937983642,33.813147282193505,94.23972162124134,35.84279506966008,75.97786975044536,31.709924896391907,-1.5670344069772981,-0.025409899892570323,False,3
76,76_1005,950,1390,475.0,695.0,220.0,0.9681818181818181,True,train,4525.555903344259,727.9932571877385,32.669482675201166,43.98746038593556,-126.2272864495337,42.890203000161854,34.624774938016415,46.69893841190319,-53.734068483333196,66.13891384256637,89.64913096563366,32.69982433630049,-3.367089763926367,0.07659035408943535,False,5
76,76_1006,1390,1780,695.0,890.0,195.0,0.9564102564102565,True,train,1989.6504415687682,994.3169239668191,-101.65545543447708,42.45895187803933,-60.04946342916497,35.30852536731877,-127.70549374508082,51.26062731928129,69.69186573633975,31.895588745262096,62.7175558729629,29.14556171217786,-6.399032855820027,-0.05357570383550538,False,1
76,76_1007,1780,3370,890.0,1685.0,795.0,0.9735849056603774,True,train,3902.9669814238514,1290.3826201934626,10.614867878318314,58.48401375941669,-99.6325310629091,53.1897034584666,13.25128758188008,66.43311277774603,-13.445344284629366,76.20815770752617,89.56001012199184,30.065540746609322,-0.18581797254501217,-0.0009384013185870074,False,5
76,76_1008,3370,3660,1685.0,1830.0,145.0,0.9379310344827586,True,train,1271.9700298520713,787.3824588821474,139.7913535046801,44.56531921748195,-82.39411210585375,35.77403959294201,173.73797711627995,51.9675227128451,-60.01231527477499,30.935025927984313,44.43622162010558,28.09963948349412,-3.625039154904453,-0.05026011115425453,False,5
76,76_1009,3660,4050,1830.0,2025.0,195.0,0.8948717948717949,True,train,3222.0706143033235,1824.606494215637,-12.628420172320284,40.057283301793625,-61.79359460521356,50.22853614122656,-15.267426035666992,50.93703281133517,9.874444833827795,48.255600194811116,87.1088202909413,32.31994116729545,14.346626655784267,0.0360716408536196,False,1
76,76_1010,4050,6450,2025.0,3225.0,1200.0,0.8275,True,train,54.76815117806206,328.56289268972773,-0.9205329482028181,7.9691133406058094,-2.3310763879562404,3.4088427523988885,-0.13513471278011527,10.515213835562314,4.088486112787453,7.407306386669765,1.6771442799338352,13.995914776415132,0.12148783108042098,-0.00226567940771587,False,4
76,76_1011,6450,7090,3225.0,3545.0,320.0,0.9328125,True,train,4344.333324579964,779.2207238866724,-5.059249984409837,67.03272144923636,-119.90135146173002,43.637547450548716,-6.812223058136072,72.79450994707285,2.8608027375079472,87.89326665704817,88.13162380013114,35.76902653972507,-0.1663358074653615,0.2714489749613958,False,1
76,76_1012,7090,7530,3545.0,3765.0,220.0,0.9363636363636364,True,train,1281.5273643510284,516.491115414872,-77.43191598722052,63.811771899130825,-37.50879553077537,38.30459087595269,-98.02955148074705,78.27747013864399,35.41956113898382,33.26198084049905,46.08208688279532,22.550691016811392,-0.6573914288358537,0.2307761516348666,False,1
76,76_1013,7530,8410,3765.0,4205.0,440.0,0.9545454545454546,True,train,4404.653309071692,897.2978327133096,27.742608784942355,45.05183432139152,-110.25731603503816,47.85906313200251,30.617611828479575,48.42477353326858,-42.68962122501155,65.17804396652842,96.1439075412233,35.03285383730821,-0.46179186030257774,-0.02253321165180427,False,5
76,76_1014,8410,10640,4205.0,5320.0,1115.0,0.9484304932735426,True,train,265.36764880252207,768.5769735750011,4.962539396006022,21.26236319063294,-6.648287511599519,19.719692594747123,7.239024825285517,26.243379257245113,-3.5420502068269824,22.269011592230136,8.122956751179409,28.9882981168447,0.6101396695251934,0.011833937905647013,False,4
76,76_1015,10640,11040,5320.0,5520.0,200.0,0.025,True,train,3898.8641414473286,1027.552995005426,33.2388199423823,39.31892903304798,-87.72354723279861,54.40038061295456,39.83023891931758,43.1882031336597,-46.60675206529217,53.20217896845826,102.20205223837606,29.209724038346693,0.9921378744753615,-0.04611179720165629,True,5
76,76_1016,11040,11790,5520.0,5895.0,375.0,0.0,True,train,2837.516880045849,1286.8759370973382,-117.6401695469952,52.779024088939536,-105.55323722957527,34.31247741176372,-139.43880296935586,66.39262471571129,92.84584601150004,29.3798500549905,61.15241596966806,30.51615574462936,-2.7628142784114655,-0.09809852125669137,True,1
76,76_1017,11790,12570,5895.0,6285.0,390.0,0.0,True,train,3959.577496701038,1449.5624788750977,52.044648778832745,71.66605903763723,-117.24454528319448,42.1813812852043,60.18978330677309,84.74738920581584,-46.70491468057037,65.07988855232259,83.06591946075928,41.944388802366454,-4.142702264241562,0.1680381343050596,True,5
76,76_1018,12570,14770,6285.0,7385.0,1100.0,0.19772727272727272,True,train,0.8787069067302348,19.399826605682033,0.004206437887850422,0.1318884432018518,-2.003525003115735,0.05613761255479894,1.1022521285594444,0.17155754154509759,1.2457188453801489,0.1416983396848988,-2.106459987202671,0.9818718338322869,0.0017745567314284398,-2.220483183205216e-05,True,4
76,76_1019,14770,15070,7385.0,7535.0,150.0,0.8766666666666667,True,train,5251.176978881497,713.9544394631301,5.957019636992354,37.12183184377075,-123.91824888371171,31.737545257356107,6.09923619574554,39.48736264177807,-19.64233149825809,69.09742972000734,102.03747487944588,23.560755347244797,4.2652245028790015,0.2364410899147927,False,3
76,76_1020,15070,15480,7535.0,7740.0,205.0,0.9024390243902439,True,train,3820.5660139949046,788.4608693819054,-73.6616952841189,44.453619892520365,-121.93016622482958,41.46784933818737,-81.00505931747246,49.75579733283798,88.98087003015792,49.25169664971471,75.35691263176976,30.171525465911355,-4.586169983231123,0.08782619992523648,False,1
76,76_1021,15480,16490,7740.0,8245.0,505.0,0.9227722772277228,True,train,3062.6465067391373,1501.0918343752105,44.11509473688628,67.70242229307154,-84.61731300922303,61.2113287682668,52.679294772803686,79.5130760686421,-42.096222137019645,64.56866627257382,79.86236306640298,35.74930762916174,0.7874813249514755,-0.015283031137742152,False,5
76,76_1022,16490,16820,8245.0,8410.0,165.0,0.9454545454545454,True,train,1128.7482767698534,655.9056495944078,-95.02904494774478,46.711879607862826,-43.76819400749663,36.567115849997215,-121.46209668540469,53.12146281579476,47.51832488604574,39.0746414257856,36.431363142518535,20.003489359465767,-4.796161136689329,0.1927193292001168,False,1
76,76_1023,16820,19000,8410.0,9500.0,1090.0,0.9545871559633028,True,train,2.3698158508056872,43.289715524474246,0.08935137669098567,2.5317062094749696,-2.044763901371296,1.0153488449860488,1.2148767747016567,3.3448384187015794,-0.4129241954958376,1.5745692286872708,0.8489285104436489,1.8471945473503446,0.005067492307780533,0.0003295230604743368,False,4
76,76_1024,19000,20140,9500.0,10070.0,570.0,0.9508771929824561,True,train,3635.095520216641,1321.937481355396,18.208568514639236,65.76900450040435,-96.26208946632937,53.67232735199061,23.256983631091995,74.53095135247737,-19.55208354993143,76.00349035549372,87.34907582455384,33.64043200180664,1.0916371603205617,-0.08879912684331702,False,5
76,76_1025,20140,20390,10070.0,10195.0,125.0,0.916,True,train,1952.3023103584683,543.9186960957447,50.90872261840231,31.626699786922128,-24.887772724077564,22.527425407515008,68.99705243162705,40.502419533198825,-45.640636455306726,28.359412850130795,81.16047221264904,16.68034405108915,-2.9262625355757534,-0.0284118605328227,False,2
76,76_1026,20390,21100,10195.0,10550.0,355.0,0.8943661971830986,True,train,4466.508307803214,990.8461428517949,30.50864166116532,46.524049003427486,-112.38493049970414,36.06921965301762,34.93612291368792,53.481414386085675,-46.01057568909469,66.84117704680008,93.08501589240643,27.021401015680283,-2.6852030529681583,-0.008073019133943645,False,5
76,76_1027,21100,22188,10550.0,11094.0,544.0,0.9457720588235294,True,train,0.6765823986704769,9.049170278672397,0.22752077864034728,3.0426354802395035,-2.0866076274808103,1.151685652183538,1.401173832298776,4.065964822566476,0.8068641207717039,0.46505718314091204,-2.1781193446354754,0.5635900798473831,-0.0037103954022333816,-0.001247727922993426,False,4
78,78_1028,0,710,0.0,355.0,355.0,0.5661971830985916,True,train,4693.723342037521,780.3858090452383,22.69504731488226,44.43539215535378,-128.03425850408402,43.3184353703012,23.421087776213447,46.77315112600678,-42.57316943440132,70.55721990287194,93.21745774596397,32.191891847375636,-0.21052945911962828,-0.005770297063069664,False,5
78,78_1029,710,1590,355.0,795.0,440.0,0.8818181818181818,True,train,2778.096567376579,1321.845420836749,-56.5966064333107,75.15118755618545,-83.99855390292707,42.477861835443164,-68.54237913560512,90.8163251329465,46.24300259791066,64.88069730091561,74.76067220981423,35.833422409305854,-2.218696053878609,0.03666867048365027,False,1
78,78_1030,1590,1910,795.0,955.0,160.0,0.91875,True,train,887.039578519006,403.0827780948692,-47.59098065025997,37.60950710456047,-17.541694316561596,14.604089318539756,-62.99754429680174,49.4234675054489,18.903396743542114,19.3404898437052,36.640857533518705,17.711496770025036,3.067755719795771,0.017329857071306038,False,4
78,78_1031,1910,2380,955.0,1190.0,235.0,0.7936170212765957,True,train,2454.521762045492,701.6265086712177,105.35681002589281,52.713899105185305,-98.53335830121505,57.92964128585542,124.72621198775568,60.37289329015714,-91.13535023794519,34.48173324264938,68.3944261280238,28.606840322084306,-0.705630654733319,-0.10577542289602515,False,5
78,78_1032,2380,2950,1190.0,1475.0,285.0,0.8017543859649123,True,train,3720.029241308809,1402.354995490001,-27.662162508340224,78.5205012041644,-99.50297226682844,47.44072981478787,-36.03007190614339,92.67609546181782,7.586874669134027,75.1072525195042,87.81837356740309,36.55099270910587,2.2977227825987536,0.2527313974648761,False,1
78,78_1033,2950,3910,1475.0,1955.0,480.0,0.215625,True,train,1826.5142004188442,703.5608188368196,25.26713499177879,72.90008061628303,-35.78212888592241,44.03522870255969,31.631530684407714,91.29763771540384,-23.737242416158896,53.222807920739534,71.52223093323909,26.57588275761461,0.6536567996433121,0.05126519138420836,True,1
78,78_1034,3910,4610,1955.0,2305.0,350.0,0.0,True,train,3374.6610562037436,1274.0631309405817,-69.98061208463172,51.41031808363096,-90.14909680769578,41.691245399536264,-82.96367545464228,61.72271146808222,66.39325372700971,50.28813640951473,84.73684214137883,31.40750007458307,-2.1096584694049074,-0.07909462415110692,True,1
78,78_1035,4610,4940,2305.0,2470.0,165.0,0.0,True,train,2220.9444228006514,958.7887584090319,80.15140852744872,59.54454164471329,-75.8838978335783,56.738024172131134,96.10210289128376,70.18814295757839,-70.65573769128345,45.860157308747134,65.32275847691467,24.335819708292416,4.014926371177631,0.4819285457327831,True,5
78,78_1036,4940,6810,2470.0,3405.0,935.0,0.4443850267379679,True,train,2.962770282614664,40.31469934983408,0.16407133022426032,2.951797515188113,-2.074520249467718,1.2469517117023832,1.3097246596865184,3.8691532023975173,0.37913770900140903,1.2529283147529846,1.3349115456034233,1.6685729724005007,-0.0012668048423710562,0.00033159739493229416,False,4
78,78_1037,6810,7230,3405.0,3615.0,210.0,0.9714285714285714,True,train,3892.5117729860135,741.9379609552906,83.54466339256793,36.3953920210017,-158.1308224776269,47.10171228652897,88.33931981541028,36.30828254149346,-106.49104696378517,27.780706185087237,57.37677641060617,35.949513460744946,4.52039663132365,-0.22175030561571213,False,5
78,78_1038,7230,8445,3615.0,4222.5,607.5,0.5637860082304527,True,train,19.294889135160226,201.57750407980356,0.06143421573455134,0.8683983458311202,-2.113161196479672,1.592297277412246,1.1670565796805195,0.9890493886322034,1.3998105890593102,1.5216268174927894,2.129262231708314,7.982284973721244,-0.09449908209268555,-0.00030186703419591974,False,4
79,79_1039,0,350,0.0,175.0,175.0,1.0,True,train,199.34724011534757,111.49106148148294,224.34863525302242,26.387160833245257,-144.57260335511353,18.69431737043339,270.65516493224874,31.2668921137991,-17.38911258857504,7.284943897280938,10.839057373153212,2.943089962393589,-0.7342958326420214,-0.00725801858811549,False,2
79,79_1040,350,670,175.0,335.0,160.0,0.9125,True,train,2464.7498571859746,501.6287670111162,-97.79443925269558,65.03671925065495,-65.98811158151781,36.50464862332161,-119.17840022329071,78.55360326442963,81.0648830349709,40.11940841506691,82.57215103688762,27.266744020615945,0.6724022601332519,-0.3709422338767362,False,1
79,79_1041,670,1560,335.0,780.0,445.0,0.18876404494382024,True,train,2460.314078146574,1442.614696703066,-99.19122081445803,52.60235156471771,-83.07551090476262,48.230394880174394,-120.13216109817424,63.27897469804547,71.88039182954081,36.75667618945489,61.81284068739414,32.476372732513724,4.126837222055329,0.1494238386392242,True,1
79,79_1042,1560,1820,780.0,910.0,130.0,0.0,True,train,4012.375059350835,1308.991222217343,56.06234880517428,58.121548188759235,-113.00604941954482,36.186612252002725,66.60048445959927,70.06680977252456,-62.73400913568448,55.57763702894555,91.47645591613524,31.048893570357624,-15.251085745224437,0.5297667725198856,True,1
79,79_1043,1820,2160,910.0,1080.0,170.0,0.0,True,train,1322.891570502005,583.5723808805301,167.95071023782418,40.74554348692848,-103.9316018328103,36.811670985112656,205.84744759000608,46.53522170434468,-79.15432665840777,32.119573057003585,40.116398065392296,13.477103247234847,-3.472060869756504,-0.09928740018555121,True,2
79,79_1044,2160,2580,1080.0,1290.0,210.0,0.0,True,train,2395.035920157459,812.7438739533004,69.85353363577141,24.677210278802768,-57.715033479218945,52.058509666061596,88.45716344198867,26.844226197167195,-70.46153341699889,29.38860466051701,81.98293477401015,25.65872049361568,3.030530826363021,0.04533074119602456,True,5
79,79_1045,2580,2820,1290.0,1410.0,120.0,0.0,True,train,1143.6766492676422,650.9498707674834,-145.66681750402813,69.88847501004979,-80.01870728993441,43.30811299499236,-179.62770830454375,81.653907209446,50.35334774573691,38.57212364176916,30.718259064117245,25.1559626750211,1.591088509815185,0.5031313168104783,True,1
79,79_1046,2820,3290,1410.0,1645.0,235.0,0.49361702127659574,True,train,3096.0452940693212,773.56907047219,3.159575759522718,21.263893457991543,-34.66736181313153,32.4663581541495,5.256944495866388,26.904199306495553,-6.4272560351588,30.88512474730081,118.87002827253349,15.11566644480805,3.3682103934764367,0.013258177942016666,False,3
79,79_1047,3290,4430,1645.0,2215.0,570.0,0.5210526315789473,True,train,4431.10064909116,823.3768809560561,7.893386400798915,65.85857101152396,-126.13359174671038,39.022474817732885,6.756097863513072,73.21704063692684,-28.358953689733447,86.08680633010879,85.1384913922176,31.401794775270503,-0.43111015793799395,-0.08718182979042988,False,5
79,79_1048,4430,6920,2215.0,3460.0,1245.0,0.8032128514056225,True,train,210.86858034224682,705.8189989047451,8.596605607567891,29.05301859647734,-8.158128787597317,20.809840920839942,11.782680307490647,36.07016300139773,-4.073007696758105,24.67374969329571,6.3171556876132655,24.050863168951345,0.44992289407717845,0.01845627148232255,False,4
79,79_1049,6920,7770,3460.0,3885.0,425.0,0.98,True,train,4798.687554175641,447.7683747881184,-39.61169098891378,35.49519560008679,-119.6053591904709,25.017279405677066,-43.21379161813596,38.07571950278881,56.90142821637212,58.32981874251574,97.69537066870421,24.12233741679558,0.6663349098698488,0.011485142951032638,False,3
79,79_1050,7770,8260,3885.0,4130.0,245.0,1.0,True,train,4482.230786986462,563.3456511977876,72.974487270531,22.70380928910011,-165.4549159505053,28.445405395408507,75.03718336452543,21.736331471416186,-112.3753292826754,23.379291409038267,53.623394519336784,27.30231486741407,1.440877241048242,-0.026081545165064647,False,0
79,79_1051,8260,8670,4130.0,4335.0,205.0,0.9707317073170731,True,train,4198.3872627470855,870.0981165603936,11.514482812393366,44.6186233683075,-88.71407056092961,26.90121880947013,16.451861805285347,52.67832421685923,-17.016158033216072,64.49012501936829,110.46330751526851,17.096295411140954,6.321621499994419,-0.32806847373042486,False,5
79,79_1052,8670,9100,4335.0,4550.0,215.0,0.4325581395348837,True,train,2462.5329182025803,1086.895454692689,-132.91181555742526,46.38223547502928,-109.59665100017598,37.01412349234132,-156.76637002082148,56.975718701106615,97.07943873271725,31.195137372719056,51.60523746905716,29.261482375153985,-4.978390379265801,-0.21069039200202977,False,1
79,79_1053,9100,11280,4550.0,5640.0,1090.0,0.0426605504587156,True,train,200.79357259117123,808.4214527123153,3.9739892480446852,23.23269800017947,-7.09171548806103,20.552013916271427,6.059267080025545,28.741129999138295,-2.3771346637731474,17.419145663395025,4.07439224080374,23.940031064079367,-0.509329702190262,-0.00987823952708255,True,4
79,79_1054,11280,12100,5640.0,6050.0,410.0,0.9512195121951219,True,train,4869.1072041088255,778.7146601876259,18.11092644460938,41.56446030317904,-121.3755431341379,38.91349282216857,19.426609776164337,44.3116820937311,-36.418218278137026,70.3107283785417,95.97315363842465,27.092585243329566,-1.6575927637265426,0.014864736909747333,False,5
79,79_1055,12100,12670,6050.0,6335.0,285.0,0.9701754385964912,True,train,1055.7342068504051,708.1900546274866,-93.91121940144458,57.97367339162008,-43.781590468128066,30.536917474832283,-119.46270337254924,71.38129540993016,36.1452371799949,32.48858265519513,36.74817434009608,28.06875493968755,-3.880851708414281,-0.05264090837957163,False,1
79,79_1056,12670,12910,6335.0,6455.0,120.0,0.8625,True,train,607.1360878168023,268.84281387344566,100.63409517618908,60.780150126925186,-51.70315695951292,34.91666112625249,129.3434415131296,74.15600882215185,-22.052661052132507,16.11939445718544,26.54017076227113,10.231289325053849,1.4960674308807986,-0.008409750125604382,False,2
79,79_1057,12910,13730,6455.0,6865.0,410.0,0.3524390243902439,True,train,3619.9635494622667,1780.6676573820696,-26.46823850800435,46.02360299956485,-80.44240849575247,55.226934034357434,-32.55840149854088,55.027189486314576,23.861214510310923,64.21602032192563,84.13465759790384,33.256366214323506,-6.798334858662652,-0.033655627106288194,False,1
79,79_1058,13730,13990,6865.0,6995.0,130.0,0.0,True,train,2553.8659127657456,561.5928713095451,129.07814901962774,38.249971251222,-126.07776497218973,48.18736732721138,149.33412607896562,45.29232108810029,-111.84148137695584,15.790029001000779,56.219076172467894,24.79713974430067,2.298230819834611,-0.184563024592839,True,5
79,79_1059,13990,15020,6995.0,7510.0,515.0,0.0,True,train,3961.5557652144935,1040.2041805297958,-33.993312311357435,56.210630695632325,-96.98095192771714,46.00148524213186,-39.0382907408148,63.58173373102669,42.247261124828235,67.99647747764234,93.5613184932137,30.421968810021347,0.03013199694614335,0.03748075439263027,True,1
79,79_1060,15020,16890,7510.0,8445.0,935.0,0.8855614973262033,True,train,9.15711334487628,122.22084551113306,0.028427430915203212,0.5956965546135469,-2.022354811799518,0.37068809525227064,1.1363819589267845,0.8236582317858681,2.112486733865875,0.9748229990169209,-1.3136159413922084,5.568478423472811,-0.026746100146323597,-0.00011668642245205984,False,4
79,79_1061,16890,17270,8445.0,8635.0,190.0,0.9342105263157895,True,train,1788.0196465612628,891.7256600567598,-146.6370234751255,38.95662739574924,-94.7585560878136,40.338811870708895,-177.82305218503177,47.41474853357314,84.33128331244079,32.407018219269816,40.14077684844246,19.56275466255982,-6.4734814058851935,-0.04184163566131694,False,1
79,79_1062,17270,17610,8635.0,8805.0,170.0,0.31176470588235294,True,train,1062.9719079048814,579.823971495652,-9.61253565592014,56.2912211703557,-17.47896856067878,19.65837549653875,-12.433788145261301,74.20892970145856,-8.596111464916312,31.941232666807544,45.18908475748411,25.81516486775903,5.486706970756682,0.5349989323887796,False,1
79,79_1063,17610,19940,8805.0,9970.0,1165.0,0.1497854077253219,True,train,3913.3341927110446,1116.2165932050507,15.00754342935812,77.74882900896692,-116.06448047674637,48.612231005313696,14.685974139917407,88.17350787020831,-30.90555038709282,86.65743145264945,78.05862288998209,36.654413221366035,0.35097786868911324,0.018077107272519835,True,5
79,79_1064,19940,21840,9970.0,10920.0,950.0,0.7936842105263158,True,train,7.5169903869029975,91.1753878364853,0.29366449851211385,5.339903490142464,-2.1550102567533846,2.8970001072104044,1.460693848660314,6.550308768160752,2.5959415707442255,3.889426794014642,-0.6138213317666238,3.5695926914799725,0.006345429483578434,0.0009129991782826993,False,4
79,79_1065,21840,22310,10920.0,11155.0,235.0,0.0,True,train,3815.835098375965,1094.7596957919327,59.98711617792821,70.33712443841978,-135.98005186747827,48.143146561496,65.99347492916134,77.45786837133957,-59.784314546721475,77.62453778225293,72.9327132425157,38.44895355127767,2.2901079796192465,-0.1730231186690098,True,5
79,79_1066,22310,22910,11155.0,11455.0,300.0,0.0,True,train,2601.474632294744,484.67361450286955,29.94532977602384,54.38076254896167,-36.13744018092871,25.40543150695291,38.63442341917335,70.96327965317923,-35.24458011945861,57.07670077605994,103.5377595787148,15.018917304276451,0.4250393748149391,-0.26246692742802613,True,5
79,79_1067,22910,24130,11455.0,12065.0,610.0,0.2754098360655738,True,train,2605.4939828156007,1314.7274808979637,-123.0459080102615,58.447888680398655,-107.00565861929978,39.728665340935095,-145.5847606468742,72.30191881827196,86.7697472479845,34.19081284778091,57.39989807287286,34.918435000433206,2.72349941842437,0.09898618439474627,True,1
79,79_1068,24130,24450,12065.0,12225.0,160.0,0.990625,True,train,4714.625607116941,765.9889798439801,39.304520841527335,45.931468235267,-136.83816793029905,39.50477609123388,41.31784450304756,48.1467106571576,-61.77265611589687,62.54169809082455,85.82806136913906,38.635934838239564,-5.0761834318577215,0.37382133348307883,False,5
79,79_1069,24450,26430,12225.0,13215.0,990.0,0.7287878787878788,True,train,13.705223882078064,152.35230500052134,0.07443340026888386,2.005793685477878,-2.0832105765225926,1.3829353579229318,1.1907427449218466,2.635537485837227,0.4967727251561877,2.5230104835112583,-1.5926631335894559,6.663356156141286,-0.020774478540012357,-0.0004233408286875437,False,4
79,79_1070,26430,26810,13215.0,13405.0,190.0,0.0,True,train,4705.879890349733,609.5065931968008,-7.459588958037765,36.60041778034231,-104.5729581898343,26.96179199159684,-8.050424288483633,40.40745462455052,4.028306091065013,62.308139176551016,109.85276759635664,17.42174539887555,-0.2597480423878588,0.10595745959350288,True,3
79,79_1071,26810,27100,13405.0,13550.0,145.0,0.32068965517241377,True,train,1362.2052401759518,923.2448678163045,-63.3020878111648,53.88651290518435,-37.85568587083715,40.4001286754632,-79.41534799166578,67.85138409464058,40.412483767509464,43.27590084444263,44.10386398303708,23.130064867463663,-8.139203863201383,0.43393151963527404,False,1
79,79_1072,27100,27370,13550.0,13685.0,135.0,0.8296296296296296,True,train,1210.4212899389186,550.4605567702105,79.9792281896717,75.156869657149,-45.44006937818344,46.094518189493655,101.6388399889342,91.31788670865275,-46.90109799223375,42.808961083775884,46.12979324966346,20.331193063112888,-4.48984380075949,-0.6615238306391813,False,5
79,79_1073,27370,27920,13685.0,13960.0,275.0,0.9236363636363636,True,train,2680.238391666132,1136.6333255501597,-116.13142156333366,36.6325609676254,-104.80621985245837,45.68863946151222,-137.32212953409828,46.46353320829693,97.34227457470948,29.43842355774615,53.19292190862678,20.014726860543767,6.772394315348223,0.09611137629954405,False,1
79,79_1074,27920,28770,13960.0,14385.0,425.0,0.94,True,train,3999.40618889491,1143.2417822028153,-18.072032222139676,56.7499353600053,-88.5679681987276,46.89341601487202,-22.74665603267213,65.42169419497515,10.812104493678847,71.37944655182497,99.1170698746251,27.961657883271457,-0.79087513332343,-0.07841909155829821,False,1
79,79_1075,28770,31154,14385.0,15577.0,1192.0,0.9685402684563759,True,train,1934.0344759115037,316.3696242512403,-44.473517006393,10.65475393163891,-12.406112934500824,8.055256194008777,-60.59646696889665,13.378173708439721,42.01574315008138,9.541402192093965,81.41888432751335,13.337990853488227,-0.1416784838346618,0.004893865714402737,False,4
80,80_1076,0,490,0.0,245.0,245.0,0.9979591836734694,True,train,2611.664580687991,513.6270401047025,-93.91198927977916,28.460566791940476,-66.43121812332431,46.64169638820266,-115.67162991560033,30.132602383293772,92.4183530957991,21.056623294263826,83.27433559317932,22.57923695757373,2.783411081799494,-0.03869470622717329,False,3
80,80_1077,490,1380,245.0,690.0,445.0,0.9921348314606742,True,train,2662.507715926942,2270.784268684628,11.43892182697355,51.03736745408064,-76.79841359279585,69.98905809597689,12.93032709133458,55.71032453168313,-14.06051638693553,63.99489294383339,54.526962632985,50.898898508215034,0.4324373105519608,-0.06317873375052101,False,5
80,80_1078,1380,1700,690.0,850.0,160.0,1.0,True,train,3392.40894482944,773.2201321551486,-72.8180800257754,35.74122394758682,-95.75255861825929,48.80261127306403,-84.01581227962005,40.65509058217156,82.1985272691617,38.28891923080425,84.4985873379358,27.973326412967786,-2.8470457795934494,0.2492156916612959,False,1
80,80_1079,1700,3660,850.0,1830.0,980.0,0.9443877551020409,True,train,1582.7136154264729,1580.8534602828395,41.786304710905,67.18480793246238,-47.912648312698444,53.48654014631001,51.95595137078592,81.78351926470525,-29.55189137350746,50.093400285156704,47.899658974232565,43.30422025118654,0.5934678769682855,-0.04941912166653536,False,5
80,80_1080,3660,4330,1830.0,2165.0,335.0,0.9582089552238806,True,train,1314.9759412330711,890.756500495315,-146.0772320302047,63.254641425555135,-85.89729106809281,40.82012327480936,-177.70614428327227,76.43999336544708,65.37751892302133,36.67763536656082,30.825171622257088,23.957139222680976,1.684279115412095,0.09745847118927131,False,1
80,80_1081,4330,7420,2165.0,3710.0,1545.0,0.9498381877022654,True,train,2118.3268331134313,2058.767971661004,-13.521958039983868,58.82363092635518,-55.3852956089193,59.84245509498398,-16.565261321682126,71.0749411223298,5.718521843730375,56.54772668934631,50.39289279414201,44.53927277800884,-0.6146633833511127,-0.006964925392338245,False,1
80,80_1082,7420,7660,3710.0,3830.0,120.0,0.9875,True,train,1111.1161190245837,986.0498067373643,99.6134861494142,70.79438871402813,-60.10094623128872,42.758621754977916,124.52757642085275,86.2184497806591,-48.935864861056004,35.361870443802985,40.10752953780739,35.11738003125159,10.211127482835069,-0.42267070643200955,False,5
80,80_1083,7660,8560,3830.0,4280.0,450.0,0.9988888888888889,True,train,3138.3164734832017,1875.1142025603406,-34.91060609672986,55.75878395306758,-92.14388318017875,65.2937085208071,-38.11842675647957,60.87386707920564,36.973636614724995,73.14525806768852,62.10054477753021,45.17262949149706,-3.7286270830070216,0.09477657914473159,False,1
80,80_1084,8560,10300,4280.0,5150.0,870.0,0.9528735632183908,True,train,1194.2595611485656,1377.786162257646,22.33023381023023,69.60237779438604,-42.494613356026555,58.67151108358773,26.254605488517306,83.62968020248378,-28.639081268546086,53.85327908834014,32.36619049196987,36.37235294790729,-0.42107471243431044,-0.028662627243766593,False,1
80,80_1085,10300,10660,5150.0,5330.0,180.0,0.7861111111111111,True,train,3952.515008352768,1109.4258728693753,-55.683057188903945,50.08861792463307,-101.6589275130087,35.58287462934611,-65.12739450234481,58.951293196041874,61.143078352612804,58.31828782648086,90.86727332427881,23.6665197325896,-7.034575860685363,-0.14937761794826995,False,1
80,80_1086,10660,12150,5330.0,6075.0,745.0,0.9114093959731544,True,train,2147.5550104943527,1565.7149905220394,37.268045141810994,66.19391840911175,-64.15479014469287,64.96612013269072,44.45716109586498,79.53180039852124,-29.335981781133093,63.066645163289635,57.89862808240722,39.845131330574944,-0.5626262620809703,-0.01672915267461427,False,5
80,80_1087,12150,12400,6075.0,6200.0,125.0,0.956,True,train,2503.239126137546,436.6074362215762,-107.91038496610568,29.416070098804095,-78.36464059476155,39.01882837134427,-130.9398175589062,32.496455061955636,98.46290780382935,21.26106476768313,70.82927923316097,17.485848605412055,-3.763994842972689,0.06393731685473734,False,3
80,80_1088,12400,13600,6200.0,6800.0,600.0,0.9158333333333334,True,train,2869.4206474941734,1494.1306072936245,-2.3428663411286093,73.0764642277195,-73.75393148568064,64.11648629560159,-8.159778516853947,86.30713322640202,-10.058127938619435,75.41343722134398,73.33452784463411,38.93439723812622,1.6112620152508195,-0.03874279470342435,False,1
80,80_1089,13600,14530,6800.0,7265.0,465.0,0.9204301075268817,True,train,2932.036881740669,1124.4028052165888,-29.944235569600796,95.36136634541293,-86.03182002498507,57.82279576477384,-36.8324039297018,112.34339926536595,16.76566325402039,88.47119991272217,75.18136876947433,35.37858594071961,-0.22069550474971353,0.15209653260601322,False,1
80,80_1090,14530,15200,7265.0,7600.0,335.0,0.9656716417910448,True,train,790.011215900318,813.7737935041641,-31.405178871308443,47.85972670593958,-13.69727061223381,23.137834743514425,-40.293232181755144,60.414709791859075,13.21349386129196,18.993479969292032,32.95676800801244,35.95188057455625,-0.09098388087326754,0.13682816433106904,False,1
80,80_1091,15200,15440,7600.0,7720.0,120.0,0.9791666666666666,True,train,24.13848335674864,116.94800149652198,0.1275218184020392,4.53536966542979,-2.2468600231335625,1.7528297219146185,1.2668653414745479,6.01046901920048,2.586467979181263,2.551062501321672,1.656339692808651,4.99302389314062,-0.19331733063448545,0.016631735167948854,False,4
80,80_1092,15440,15700,7720.0,7850.0,130.0,0.9538461538461539,True,train,4939.088618061877,756.2529808533545,25.38598321086941,50.03313399137234,-137.67177743899768,36.57561358676261,26.89174628837817,53.50084029168037,-52.8241858821994,77.78665670943208,80.92620662785293,32.40953991537874,0.9628581779136481,-0.5279445649805022,False,5
80,80_1093,15700,15940,7850.0,7970.0,120.0,0.8416666666666667,True,train,4744.0262872591275,835.0293729582578,-44.55109551788325,29.243401755264433,-113.49027764987086,39.57473107422295,-48.09964401123859,31.0362947367404,67.11154500813464,41.33197804699866,97.27340451075537,29.61391563397409,4.994016284394337,0.11074850734039846,False,3
80,80_1094,15940,16380,7970.0,8190.0,220.0,0.95,True,train,4098.797999760057,945.9240369581728,42.97719767636471,39.069981257653666,-119.91468775981124,53.41608177039202,45.64278662664395,40.724732078621564,-69.93397065487623,59.14107138079198,78.75947663380104,38.60044031109045,2.6662130284878387,-0.04379162451296974,False,5
80,80_1095,16380,16720,8190.0,8360.0,170.0,0.9352941176470588,True,train,4558.987895938979,763.5622839010827,-35.393794887213176,37.55505359158264,-107.03941890509428,39.13423466593023,-37.94459731379644,40.69304927606824,49.852536683660816,57.73464199832861,99.67805281675952,30.37591002977002,-6.127589884008738,-0.0016123718856743676,False,1
80,80_1096,16720,17000,8360.0,8500.0,140.0,0.9821428571428571,True,train,312.2993167958335,436.3348062546008,-37.040038777248334,45.090867937026346,-15.462461024525815,17.129430319071055,-48.107627104647065,59.39177761570522,13.192557443336394,18.02512193855128,10.048331411632276,15.40855095453068,2.4857628184328084,-0.3824630316046811,False,4
80,80_1097,17000,17570,8500.0,8785.0,285.0,0.9526315789473684,True,train,2912.370302300043,1040.1894536995176,114.701686915939,41.464443695233584,-141.99512390925628,43.63035950043744,129.19539804880898,50.529584921087825,-106.59261338800532,24.577334106172597,50.60759235472531,26.8070624774146,3.0055558485639065,-0.10579064580134588,False,5
80,80_1098,17570,19170,8785.0,9585.0,800.0,0.940625,True,train,1743.7452983553899,1788.0745759191598,-27.19527383144742,41.61846495177322,-38.815473889505576,49.47347113146136,-31.680242075836006,48.59004593634319,30.448812345661228,45.49452319503792,49.811058837852435,51.65882639341213,-0.25445783866115423,0.009640975656022526,False,1
80,80_1099,19170,19430,9585.0,9715.0,130.0,0.9923076923076923,True,train,1948.2631532504315,707.9323364375713,102.3328824360443,74.28127881921878,-66.71237312222965,51.77569866164773,127.16324459395842,88.76510914858514,-62.8028350187758,37.57273351991462,71.98471217588465,32.94106137423504,0.5885303081459204,-0.5523306717638863,False,5
80,80_1100,19430,20340,9715.0,10170.0,455.0,0.9791208791208791,True,train,3970.2143763010768,863.8091816880669,-5.393365766027887,52.19253074739204,-91.76158343245037,41.9205968589549,-5.208324939878886,59.017051325091884,1.376419696965894,75.19857599869886,101.03867652518223,26.105995245167307,-0.9273946782478122,0.13558934889223578,False,1
80,80_1101,20340,21160,10170.0,10580.0,410.0,0.948780487804878,True,train,1165.6703550972113,1040.5563733230242,123.71906413185808,71.73447086221978,-87.26756248394125,57.8476696903636,149.6053733552157,86.44610791419291,-60.45363531193895,45.44755399569353,29.553152672736108,22.172800436343124,2.0182839448584007,-0.09646738151690774,False,5
80,80_1102,21160,21540,10580.0,10770.0,190.0,0.9052631578947369,True,train,3523.421516789382,690.8049858516106,-71.28782203003736,47.916915775973834,-100.97052772837309,50.579159253498624,-80.07993795837166,53.92262009433439,79.69851301867145,46.29734043303867,82.72531069657997,32.968488512215714,0.3671254719071337,-0.20680089072951724,False,1
80,80_1103,21540,23824,10770.0,11912.0,1142.0,0.9597197898423818,True,train,3.9864113165752206,68.82963775188973,-0.007286033745109484,0.14134632759553692,-2.00877044301016,0.1580654463764431,1.0881155515762981,0.17741489226473572,-0.7418567905061841,0.2289267423971416,-0.2570003436355491,3.089348903549239,-0.01043919644549928,1.9089451964127842e-05,False,4
81,81_1104,0,700,0.0,350.0,350.0,0.10285714285714286,True,train,3479.616439701078,1325.8794055203166,-53.56196082178124,70.39448472914223,-81.33715185928594,39.13369328436606,-64.26431343991361,85.2579525019219,42.03196804551664,58.84250503517567,98.92867982441255,31.73511405041884,-4.712769598931567,-0.2660556384916098,True,1
81,81_1105,700,1330,350.0,665.0,315.0,0.0746031746031746,True,train,391.83251670107916,553.2494996266533,-36.964776054830004,51.687179304825385,-16.38148518267043,22.088709814504252,-47.2216594405012,66.6353915110276,14.847712675663812,20.300027017253992,14.502566707210983,21.601927203418924,0.05622905575900786,0.02353849338731812,True,4
81,81_1106,1330,1740,665.0,870.0,205.0,0.007317073170731708,True,train,4523.181919750127,608.393495903585,-25.948486415342266,53.556984744830515,-123.20345853979535,29.54250673352158,-28.386399176888737,58.28683279098486,30.068538231709482,77.75238571299198,95.086339325158,27.85426527917832,2.0582138973110817,0.30816504752685436,True,1
81,81_1107,1740,2040,870.0,1020.0,150.0,0.043333333333333335,True,train,1630.6924392348733,735.4575833075436,168.611835366118,42.018958723980624,-113.76072170086103,37.7831000791025,204.20474891991472,50.532935295568834,-91.90245382457061,31.156365871686592,45.554080812793494,19.20426787553495,-7.237687569204253,0.28759548725505435,True,2
81,81_1108,2040,2940,1020.0,1470.0,450.0,0.7744444444444445,True,train,890.8777594166877,1172.5846241867232,17.990653215783254,38.97437898361855,-19.515120148780543,37.84266051873342,23.1533613695565,48.58523483306143,-17.4033722170666,37.010056241844794,31.54770481835411,43.505760519034666,0.26852426452674016,-0.055343710558141496,False,5
81,81_1109,2940,4900,1470.0,2450.0,980.0,0.9178571428571428,True,train,3144.897691405407,1837.6901357549627,2.0407016102637816,57.84824282182326,-78.81088997254575,60.640469234339214,2.2810263563748943,65.69197420155592,-8.896402922361736,70.16383705390396,74.38627446760616,46.28947561134516,-0.25088130288343474,-0.011521346778137912,False,1
81,81_1110,4900,5140,2450.0,2570.0,120.0,0.9083333333333333,True,train,67.23965644454267,226.041630028314,-4.859951363046691,20.927896545082465,-3.8979366471115013,8.319309137820508,-5.27721164636537,27.326691942291717,4.297814164906853,7.489544712354769,1.7165012318445572,8.646102932172086,0.6100128618744178,-0.11561331887354506,False,4
81,81_1111,5140,5540,2570.0,2770.0,200.0,0.9775,True,train,5042.725997509334,851.6949296068649,2.616718922683683,39.15497618392495,-115.21261670729994,38.44218871677828,2.485810825520034,42.335716273594855,-13.219516050990114,70.9282551742799,101.3723065290297,23.6892228116899,1.6641188061183407,0.2028942899614281,False,5
81,81_1112,5540,5880,2770.0,2940.0,170.0,0.9529411764705882,True,train,1535.0864787605194,1937.8433095733355,-13.239479921603852,30.816128355215977,-34.87724587784825,46.05006343713786,-14.494506087649132,35.19342956502623,16.49452705195438,40.12207268221989,40.210707193840044,52.751160724096174,15.800331113070254,-0.1795284199892154,False,1
81,81_1113,5880,6120,2940.0,3060.0,120.0,0.9958333333333333,True,train,2129.298335642959,451.89139602057145,-121.67109637411059,34.13216697753857,-73.0330887357955,37.84875405647329,-149.69344626400243,37.11667848824231,94.69920671943783,24.149704209483648,61.197656544603745,17.207955845329856,-1.9442199340669402,0.29243432138496095,False,1
81,81_1114,6120,6460,3060.0,3230.0,170.0,0.9941176470588236,True,train,676.6820875876141,618.4071267222155,-11.10279225797886,32.17946527388387,-8.256896852134012,8.037858909623338,-13.936288216595141,44.02935601450819,6.191710613598556,17.425296644800667,29.411982209021378,26.68047595762302,0.11261249631730984,0.07584909401225777,False,4
81,81_1115,6460,6880,3230.0,3440.0,210.0,0.969047619047619,True,train,1716.3965943601522,1024.1273108048526,95.49419372774535,28.198590946512187,-65.00854454091817,41.15312772053549,120.36491290817092,34.4810964740837,-66.69192717966746,38.77873165399568,53.87225457883304,24.296048672858873,0.03517839377684881,0.08138399485659573,False,5
81,81_1116,6880,7230,3440.0,3615.0,175.0,0.9742857142857143,True,train,4342.399646239352,720.5453199102541,-34.65476164355896,31.71895486932901,-96.90358316343482,38.42151065330191,-37.52611364911239,35.348287892530685,49.99015523307212,48.83694885758702,104.61685926017904,24.08749361556115,2.959376791073192,-0.12894976289242888,False,3
81,81_1117,7230,17672,3615.0,8836.0,5221.0,0.9231947902700632,True,train,1.5638542256106585,51.852755577193435,-0.0001437793309375926,0.0059691132591465365,-2.0038886726234124,0.13480387371364388,1.097131103278924,0.0062522870761300255,-0.683874955862882,0.06596907388527272,-0.595522277341271,2.3072522864649327,-0.0008978457979267858,8.256806324442833e-08,False,4
