augmentation_method,source_cluster,source_segment_id,source_segment_id_2,source_profile_id,lam,duration_s,n_samples_original,augmentation_ratio,cluster_ratio,is_synthetic,variant,split,segment_id,length_reconstructed
jitter,0,76_1015,,76,,200.0,400,0.25,0.2535211267605634,True,CLUSTER_AWARE_CLASSICAL,train,syn_CLUSTER_AWARE_CLASSICAL_r25_00000,False
jitter,0,66_756,,66,,700.0,1400,0.25,0.2535211267605634,True,CLUSTER_AWARE_CLASSICAL,train,syn_CLUSTER_AWARE_CLASSICAL_r25_00001,False
jitter,0,70_874,,70,,240.0,480,0.25,0.2535211267605634,True,CLUSTER_AWARE_CLASSICAL,train,syn_CLUSTER_AWARE_CLASSICAL_r25_00002,False
jitter,0,53_365,,53,,120.0,240,0.25,0.2535211267605634,True,CLUSTER_AWARE_CLASSICAL,train,syn_CLUSTER_AWARE_CLASSICAL_r25_00003,False
jitter,0,66_777,,66,,395.0,790,0.25,0.2535211267605634,True,CLUSTER_AWARE_CLASSICAL,train,syn_CLUSTER_AWARE_CLASSICAL_r25_00004,False
jitter,0,68_835,,68,,515.0,1030,0.25,0.2535211267605634,True,CLUSTER_AWARE_CLASSICAL,train,syn_CLUSTER_AWARE_CLASSICAL_r25_00005,False
jitter,0,73_926,,73,,725.0,1450,0.25,0.2535211267605634,True,CLUSTER_AWARE_CLASSICAL,train,syn_CLUSTER_AWARE_CLASSICAL_r25_00006,False
jitter,0,61_646,,61,,360.0,720,0.25,0.2535211267605634,True,CLUSTER_AWARE_CLASSICAL,train,syn_CLUSTER_AWARE_CLASSICAL_r25_00007,False
jitter,0,74_976,,74,,145.0,290,0.25,0.2535211267605634,True,CLUSTER_AWARE_CLASSICAL,train,syn_CLUSTER_AWARE_CLASSICAL_r25_00008,False
jitter,0,72_916,,72,,180.0,360,0.25,0.2535211267605634,True,CLUSTER_AWARE_CLASSICAL,train,syn_CLUSTER_AWARE_CLASSICAL_r25_00009,False
jitter,0,74_956,,74,,310.0,620,0.25,0.2535211267605634,True,CLUSTER_AWARE_CLASSICAL,train,syn_CLUSTER_AWARE_CLASSICAL_r25_00010,False
jitter,0,66_762,,66,,835.0,1670,0.25,0.2535211267605634,True,CLUSTER_AWARE_CLASSICAL,train,syn_CLUSTER_AWARE_CLASSICAL_r25_00011,False
jitter,0,79_1057,,79,,410.0,820,0.25,0.2535211267605634,True,CLUSTER_AWARE_CLASSICAL,train,syn_CLUSTER_AWARE_CLASSICAL_r25_00012,False
jitter,0,61_653,,61,,125.0,250,0.25,0.2535211267605634,True,CLUSTER_AWARE_CLASSICAL,train,syn_CLUSTER_AWARE_CLASSICAL_r25_00013,False
jitter,0,53_356,,53,,410.0,820,0.25,0.2535211267605634,True,CLUSTER_AWARE_CLASSICAL,train,syn_CLUSTER_AWARE_CLASSICAL_r25_00014,False
jitter,0,62_673,,62,,185.0,370,0.25,0.2535211267605634,True,CLUSTER_AWARE_CLASSICAL,train,syn_CLUSTER_AWARE_CLASSICAL_r25_00015,False
jitter,0,66_772,,66,,475.0,950,0.25,0.2535211267605634,True,CLUSTER_AWARE_CLASSICAL,train,syn_CLUSTER_AWARE_CLASSICAL_r25_00016,False
jitter,0,53_350,,53,,225.0,450,0.25,0.2535211267605634,True,CLUSTER_AWARE_CLASSICAL,train,syn_CLUSTER_AWARE_CLASSICAL_r25_00017,False
jitter,0,53_379,,53,,460.0,920,0.25,0.2535211267605634,True,CLUSTER_AWARE_CLASSICAL,train,syn_CLUSTER_AWARE_CLASSICAL_r25_00018,False
jitter,0,80_1079,,80,,980.0,1960,0.25,0.2535211267605634,True,CLUSTER_AWARE_CLASSICAL,train,syn_CLUSTER_AWARE_CLASSICAL_r25_00019,False
jitter,0,70_865,,70,,120.0,240,0.25,0.2535211267605634,True,CLUSTER_AWARE_CLASSICAL,train,syn_CLUSTER_AWARE_CLASSICAL_r25_00020,False
jitter,0,55_421,,55,,845.0,1690,0.25,0.2535211267605634,True,CLUSTER_AWARE_CLASSICAL,train,syn_CLUSTER_AWARE_CLASSICAL_r25_00021,False
jitter,0,62_672,,62,,210.0,420,0.25,0.2535211267605634,True,CLUSTER_AWARE_CLASSICAL,train,syn_CLUSTER_AWARE_CLASSICAL_r25_00022,False
jitter,0,46_225,,46,,160.0,320,0.25,0.2535211267605634,True,CLUSTER_AWARE_CLASSICAL,train,syn_CLUSTER_AWARE_CLASSICAL_r25_00023,False
jitter,0,76_1003,,76,,205.0,410,0.25,0.2535211267605634,True,CLUSTER_AWARE_CLASSICAL,train,syn_CLUSTER_AWARE_CLASSICAL_r25_00024,False
jitter,0,78_1033,,78,,480.0,960,0.25,0.2535211267605634,True,CLUSTER_AWARE_CLASSICAL,train,syn_CLUSTER_AWARE_CLASSICAL_r25_00025,False
jitter,0,76_1006,,76,,195.0,390,0.25,0.2535211267605634,True,CLUSTER_AWARE_CLASSICAL,train,syn_CLUSTER_AWARE_CLASSICAL_r25_00026,False
jitter,0,79_1052,,79,,215.0,430,0.25,0.2535211267605634,True,CLUSTER_AWARE_CLASSICAL,train,syn_CLUSTER_AWARE_CLASSICAL_r25_00027,False
jitter,0,74_954,,74,,125.0,250,0.25,0.2535211267605634,True,CLUSTER_AWARE_CLASSICAL,train,syn_CLUSTER_AWARE_CLASSICAL_r25_00028,False
jitter,0,80_1101,,80,,410.0,820,0.25,0.2535211267605634,True,CLUSTER_AWARE_CLASSICAL,train,syn_CLUSTER_AWARE_CLASSICAL_r25_00029,False
jitter,0,66_773,,66,,270.0,540,0.25,0.2535211267605634,True,CLUSTER_AWARE_CLASSICAL,train,syn_CLUSTER_AWARE_CLASSICAL_r25_00030,False
jitter,0,74_972,,74,,325.0,650,0.25,0.2535211267605634,True,CLUSTER_AWARE_CLASSICAL,train,syn_CLUSTER_AWARE_CLASSICAL_r25_00031,False
jitter,0,66_791,,66,,550.0,1100,0.25,0.2535211267605634,True,CLUSTER_AWARE_CLASSICAL,train,syn_CLUSTER_AWARE_CLASSICAL_r25_00032,False
jitter,0,62_666,,62,,560.0,1120,0.25,0.2535211267605634,True,CLUSTER_AWARE_CLASSICAL,train,syn_CLUSTER_AWARE_CLASSICAL_r25_00033,False
jitter,0,78_1037,,78,,210.0,420,0.25,0.2535211267605634,True,CLUSTER_AWARE_CLASSICAL,train,syn_CLUSTER_AWARE_CLASSICAL_r25_00034,False
jitter,0,63_681,,63,,165.0,330,0.25,0.2535211267605634,True,CLUSTER_AWARE_CLASSICAL,train,syn_CLUSTER_AWARE_CLASSICAL_r25_00035,False
jitter,0,76_1022,,76,,165.0,330,0.25,0.2535211267605634,True,CLUSTER_AWARE_CLASSICAL,train,syn_CLUSTER_AWARE_CLASSICAL_r25_00036,False
jitter,0,55_422,,55,,318.5,637,0.25,0.2535211267605634,True,CLUSTER_AWARE_CLASSICAL,train,syn_CLUSTER_AWARE_CLASSICAL_r25_00037,False
jitter,0,66_757,,66,,250.0,500,0.25,0.2535211267605634,True,CLUSTER_AWARE_CLASSICAL,train,syn_CLUSTER_AWARE_CLASSICAL_r25_00038,False
jitter,0,62_664,,62,,120.0,240,0.25,0.2535211267605634,True,CLUSTER_AWARE_CLASSICAL,train,syn_CLUSTER_AWARE_CLASSICAL_r25_00039,False
jitter,0,66_776,,66,,135.0,270,0.25,0.2535211267605634,True,CLUSTER_AWARE_CLASSICAL,train,syn_CLUSTER_AWARE_CLASSICAL_r25_00040,False
jitter,0,74_967,,74,,1370.0,2740,0.25,0.2535211267605634,True,CLUSTER_AWARE_CLASSICAL,train,syn_CLUSTER_AWARE_CLASSICAL_r25_00041,False
jitter,0,74_955,,74,,210.0,420,0.25,0.2535211267605634,True,CLUSTER_AWARE_CLASSICAL,train,syn_CLUSTER_AWARE_CLASSICAL_r25_00042,False
jitter,0,61_642,,61,,135.0,270,0.25,0.2535211267605634,True,CLUSTER_AWARE_CLASSICAL,train,syn_CLUSTER_AWARE_CLASSICAL_r25_00043,False
jitter,0,79_1049,,79,,425.0,850,0.25,0.2535211267605634,True,CLUSTER_AWARE_CLASSICAL,train,syn_CLUSTER_AWARE_CLASSICAL_r25_00044,False
interpolation,0,61_650,66_778,61,0.4153035283088684,286.91294103860855,720,0.25,0.2535211267605634,True,CLUSTER_AWARE_CLASSICAL,train,syn_CLUSTER_AWARE_CLASSICAL_r25_00045,False
interpolation,0,81_1107,78_1031,81,0.4261055588722229,198.78102749586105,300,0.25,0.2535211267605634,True,CLUSTER_AWARE_CLASSICAL,train,syn_CLUSTER_AWARE_CLASSICAL_r25_00046,False
interpolation,0,70_873,73_946,70,0.2979043424129486,213.61525431275368,350,0.25,0.2535211267605634,True,CLUSTER_AWARE_CLASSICAL,train,syn_CLUSTER_AWARE_CLASSICAL_r25_00047,False
interpolation,0,76_1020,74_960,76,0.4483506381511688,240.85720047354698,410,0.25,0.2535211267605634,True,CLUSTER_AWARE_CLASSICAL,train,syn_CLUSTER_AWARE_CLASSICAL_r25_00048,False
interpolation,0,70_879,76_1022,70,0.7258049845695496,266.61269783973694,610,0.25,0.2535211267605634,True,CLUSTER_AWARE_CLASSICAL,train,syn_CLUSTER_AWARE_CLASSICAL_r25_00049,False
interpolation,0,68_811,53_354,68,0.26549214124679565,245.13366401195526,740,0.25,0.2535211267605634,True,CLUSTER_AWARE_CLASSICAL,train,syn_CLUSTER_AWARE_CLASSICAL_r25_00050,False
interpolation,0,73_930,66_778,73,0.48461711406707764,193.8075453042984,300,0.25,0.2535211267605634,True,CLUSTER_AWARE_CLASSICAL,train,syn_CLUSTER_AWARE_CLASSICAL_r25_00051,False
interpolation,0,61_649,74_957,61,0.4701858460903168,199.73605453968048,320,0.25,0.2535211267605634,True,CLUSTER_AWARE_CLASSICAL,train,syn_CLUSTER_AWARE_CLASSICAL_r25_00052,False
interpolation,0,61_649,55_409,61,0.6465660333633423,168.83584916591644,320,0.25,0.2535211267605634,True,CLUSTER_AWARE_CLASSICAL,train,syn_CLUSTER_AWARE_CLASSICAL_r25_00053,False
interpolation,0,52_341,68_837,52,0.7126996517181396,201.8805992603302,240,0.25,0.2535211267605634,True,CLUSTER_AWARE_CLASSICAL,train,syn_CLUSTER_AWARE_CLASSICAL_r25_00054,False
interpolation,0,62_666,79_1047,62,0.6678708791732788,563.3212912082672,1120,0.25,0.2535211267605634,True,CLUSTER_AWARE_CLASSICAL,train,syn_CLUSTER_AWARE_CLASSICAL_r25_00055,False
interpolation,0,63_688,70_865,63,0.4469040632247925,144.5797234773636,350,0.25,0.2535211267605634,True,CLUSTER_AWARE_CLASSICAL,train,syn_CLUSTER_AWARE_CLASSICAL_r25_00056,False
interpolation,0,73_948,76_1017,73,0.27686458826065063,394.15296882390976,810,0.25,0.2535211267605634,True,CLUSTER_AWARE_CLASSICAL,train,syn_CLUSTER_AWARE_CLASSICAL_r25_00057,False
interpolation,0,62_669,62_667,62,0.2821134328842163,173.33737313747406,440,0.25,0.2535211267605634,True,CLUSTER_AWARE_CLASSICAL,train,syn_CLUSTER_AWARE_CLASSICAL_r25_00058,False
interpolation,0,64_701,63_677,64,0.5446686744689941,510.0,1020,0.25,0.2535211267605634,True,CLUSTER_AWARE_CLASSICAL,train,syn_CLUSTER_AWARE_CLASSICAL_r25_00059,False
interpolation,0,68_824,53_367,68,0.5856929421424866,262.49626487493515,670,0.25,0.2535211267605634,True,CLUSTER_AWARE_CLASSICAL,train,syn_CLUSTER_AWARE_CLASSICAL_r25_00060,False
interpolation,0,74_972,63_692,74,0.7392523884773254,275.45795381069183,650,0.25,0.2535211267605634,True,CLUSTER_AWARE_CLASSICAL,train,syn_CLUSTER_AWARE_CLASSICAL_r25_00061,False
interpolation,0,55_408,81_1107,55,0.43364113569259644,184.69129085540771,460,0.25,0.2535211267605634,True,CLUSTER_AWARE_CLASSICAL,train,syn_CLUSTER_AWARE_CLASSICAL_r25_00062,False
interpolation,0,68_836,52_339,68,0.27700376510620117,189.2247176170349,270,0.25,0.2535211267605634,True,CLUSTER_AWARE_CLASSICAL,train,syn_CLUSTER_AWARE_CLASSICAL_r25_00063,False
interpolation,0,66_772,63_692,66,0.48866602778434753,301.14644542336464,950,0.25,0.2535211267605634,True,CLUSTER_AWARE_CLASSICAL,train,syn_CLUSTER_AWARE_CLASSICAL_r25_00064,False
interpolation,0,76_1006,60_619,76,0.36609435081481934,175.98283052444458,390,0.25,0.2535211267605634,True,CLUSTER_AWARE_CLASSICAL,train,syn_CLUSTER_AWARE_CLASSICAL_r25_00065,False
interpolation,0,74_975,79_1071,74,0.272143691778183,170.85364639759064,480,0.25,0.2535211267605634,True,CLUSTER_AWARE_CLASSICAL,train,syn_CLUSTER_AWARE_CLASSICAL_r25_00066,False
interpolation,0,79_1047,62_666,79,0.48086056113243103,564.8085889220238,1140,0.25,0.2535211267605634,True,CLUSTER_AWARE_CLASSICAL,train,syn_CLUSTER_AWARE_CLASSICAL_r25_00067,False
interpolation,0,80_1095,79_1049,80,0.5290929675102234,290.08129328489304,340,0.25,0.2535211267605634,True,CLUSTER_AWARE_CLASSICAL,train,syn_CLUSTER_AWARE_CLASSICAL_r25_00068,False
interpolation,0,80_1080,66_757,80,0.4865517318248749,291.35688975453377,670,0.25,0.2535211267605634,True,CLUSTER_AWARE_CLASSICAL,train,syn_CLUSTER_AWARE_CLASSICAL_r25_00069,False
interpolation,0,61_642,76_1013,61,0.3107534646987915,345.2201932668686,270,0.25,0.2535211267605634,True,CLUSTER_AWARE_CLASSICAL,train,syn_CLUSTER_AWARE_CLASSICAL_r25_00070,False
interpolation,0,62_667,80_1097,62,0.7170591354370117,191.78231239318848,310,0.25,0.2535211267605634,True,CLUSTER_AWARE_CLASSICAL,train,syn_CLUSTER_AWARE_CLASSICAL_r25_00071,False
interpolation,0,80_1095,62_673,80,0.38163548707962036,179.2754676938057,340,0.25,0.2535211267605634,True,CLUSTER_AWARE_CLASSICAL,train,syn_CLUSTER_AWARE_CLASSICAL_r25_00072,False
interpolation,0,63_676,64_700,63,0.6895599961280823,535.0,1070,0.25,0.2535211267605634,True,CLUSTER_AWARE_CLASSICAL,train,syn_CLUSTER_AWARE_CLASSICAL_r25_00073,False
interpolation,0,64_705,53_380,64,0.39917895197868347,195.0410459935665,330,0.25,0.2535211267605634,True,CLUSTER_AWARE_CLASSICAL,train,syn_CLUSTER_AWARE_CLASSICAL_r25_00074,False
interpolation,0,55_412,55_419,55,0.6684011220932007,283.263955116272,540,0.25,0.2535211267605634,True,CLUSTER_AWARE_CLASSICAL,train,syn_CLUSTER_AWARE_CLASSICAL_r25_00075,False
interpolation,0,68_811,79_1040,68,0.48588016629219055,262.0348396897316,740,0.25,0.2535211267605634,True,CLUSTER_AWARE_CLASSICAL,train,syn_CLUSTER_AWARE_CLASSICAL_r25_00076,False
interpolation,0,74_961,74_978,74,0.5430102944374084,140.9946396946907,250,0.25,0.2535211267605634,True,CLUSTER_AWARE_CLASSICAL,train,syn_CLUSTER_AWARE_CLASSICAL_r25_00077,False
interpolation,0,62_669,73_937,62,0.4663529098033905,222.6682287454605,440,0.25,0.2535211267605634,True,CLUSTER_AWARE_CLASSICAL,train,syn_CLUSTER_AWARE_CLASSICAL_r25_00078,False
interpolation,0,81_1108,68_813,81,0.27945953607559204,359.932442009449,900,0.25,0.2535211267605634,True,CLUSTER_AWARE_CLASSICAL,train,syn_CLUSTER_AWARE_CLASSICAL_r25_00079,False
interpolation,0,60_624,74_955,60,0.675925076007843,341.8053898215294,810,0.25,0.2535211267605634,True,CLUSTER_AWARE_CLASSICAL,train,syn_CLUSTER_AWARE_CLASSICAL_r25_00080,False
interpolation,0,81_1112,64_706,81,0.4805685877799988,175.1943141222,340,0.25,0.2535211267605634,True,CLUSTER_AWARE_CLASSICAL,train,syn_CLUSTER_AWARE_CLASSICAL_r25_00081,False
interpolation,0,80_1100,80_1093,80,0.7222207188606262,361.9439408183098,910,0.25,0.2535211267605634,True,CLUSTER_AWARE_CLASSICAL,train,syn_CLUSTER_AWARE_CLASSICAL_r25_00082,False
interpolation,0,53_376,74_979,53,0.6999958157539368,483.4993514418602,1060,0.25,0.2535211267605634,True,CLUSTER_AWARE_CLASSICAL,train,syn_CLUSTER_AWARE_CLASSICAL_r25_00083,False
interpolation,0,53_367,70_878,53,0.3264080286026001,133.056321144104,320,0.25,0.2535211267605634,True,CLUSTER_AWARE_CLASSICAL,train,syn_CLUSTER_AWARE_CLASSICAL_r25_00084,False
interpolation,0,70_883,74_957,70,0.41153013706207275,210.30819177627563,350,0.25,0.2535211267605634,True,CLUSTER_AWARE_CLASSICAL,train,syn_CLUSTER_AWARE_CLASSICAL_r25_00085,False
interpolation,0,74_985,68_840,74,0.2805570960044861,183.41671288013458,410,0.25,0.2535211267605634,True,CLUSTER_AWARE_CLASSICAL,train,syn_CLUSTER_AWARE_CLASSICAL_r25_00086,False
interpolation,0,76_1003,78_1031,76,0.5866397023200989,217.40080893039703,410,0.25,0.2535211267605634,True,CLUSTER_AWARE_CLASSICAL,train,syn_CLUSTER_AWARE_CLASSICAL_r25_00087,False
interpolation,0,61_642,66_791,61,0.37396857142448425,394.8030264675617,270,0.25,0.2535211267605634,True,CLUSTER_AWARE_CLASSICAL,train,syn_CLUSTER_AWARE_CLASSICAL_r25_00088,False
interpolation,0,53_361,63_679,53,0.3132566213607788,773.4957444667816,2220,0.25,0.2535211267605634,True,CLUSTER_AWARE_CLASSICAL,train,syn_CLUSTER_AWARE_CLASSICAL_r25_00089,False
jitter,1,27_88,,27,,945.0,1890,0.25,0.24538258575197888,True,CLUSTER_AWARE_CLASSICAL,train,syn_CLUSTER_AWARE_CLASSICAL_r25_00090,False
jitter,1,51_327,,51,,125.0,250,0.25,0.24538258575197888,True,CLUSTER_AWARE_CLASSICAL,train,syn_CLUSTER_AWARE_CLASSICAL_r25_00091,False
jitter,1,48_258,,48,,120.0,240,0.25,0.24538258575197888,True,CLUSTER_AWARE_CLASSICAL,train,syn_CLUSTER_AWARE_CLASSICAL_r25_00092,False
jitter,1,21_80,,21,,5315.5,10631,0.25,0.24538258575197888,True,CLUSTER_AWARE_CLASSICAL,train,syn_CLUSTER_AWARE_CLASSICAL_r25_00093,False
jitter,1,57_521,,57,,135.0,270,0.25,0.24538258575197888,True,CLUSTER_AWARE_CLASSICAL,train,syn_CLUSTER_AWARE_CLASSICAL_r25_00094,False
jitter,1,31_122,,31,,1510.0,3020,0.25,0.24538258575197888,True,CLUSTER_AWARE_CLASSICAL,train,syn_CLUSTER_AWARE_CLASSICAL_r25_00095,False
jitter,1,62_665,,62,,235.0,470,0.25,0.24538258575197888,True,CLUSTER_AWARE_CLASSICAL,train,syn_CLUSTER_AWARE_CLASSICAL_r25_00096,False
jitter,1,70_880,,70,,185.0,370,0.25,0.24538258575197888,True,CLUSTER_AWARE_CLASSICAL,train,syn_CLUSTER_AWARE_CLASSICAL_r25_00097,False
jitter,1,57_513,,57,,375.0,750,0.25,0.24538258575197888,True,CLUSTER_AWARE_CLASSICAL,train,syn_CLUSTER_AWARE_CLASSICAL_r25_00098,False
jitter,1,66_786,,66,,160.0,320,0.25,0.24538258575197888,True,CLUSTER_AWARE_CLASSICAL,train,syn_CLUSTER_AWARE_CLASSICAL_r25_00099,False
jitter,1,57_517,,57,,155.0,310,0.25,0.24538258575197888,True,CLUSTER_AWARE_CLASSICAL,train,syn_CLUSTER_AWARE_CLASSICAL_r25_00100,False
jitter,1,27_101,,27,,2010.5,4021,0.25,0.24538258575197888,True,CLUSTER_AWARE_CLASSICAL,train,syn_CLUSTER_AWARE_CLASSICAL_r25_00101,False
jitter,1,7_25,,7,,1300.5,2601,0.25,0.24538258575197888,True,CLUSTER_AWARE_CLASSICAL,train,syn_CLUSTER_AWARE_CLASSICAL_r25_00102,False
jitter,1,29_113,,29,,730.0,1460,0.25,0.24538258575197888,True,CLUSTER_AWARE_CLASSICAL,train,syn_CLUSTER_AWARE_CLASSICAL_r25_00103,False
jitter,1,48_260,,48,,240.0,480,0.25,0.24538258575197888,True,CLUSTER_AWARE_CLASSICAL,train,syn_CLUSTER_AWARE_CLASSICAL_r25_00104,False
jitter,1,74_987,,74,,660.5,1321,0.25,0.24538258575197888,True,CLUSTER_AWARE_CLASSICAL,train,syn_CLUSTER_AWARE_CLASSICAL_r25_00105,False
jitter,1,29_106,,29,,780.0,1560,0.25,0.24538258575197888,True,CLUSTER_AWARE_CLASSICAL,train,syn_CLUSTER_AWARE_CLASSICAL_r25_00106,False
jitter,1,76_1010,,76,,1200.0,2400,0.25,0.24538258575197888,True,CLUSTER_AWARE_CLASSICAL,train,syn_CLUSTER_AWARE_CLASSICAL_r25_00107,False
jitter,1,57_512,,57,,260.0,520,0.25,0.24538258575197888,True,CLUSTER_AWARE_CLASSICAL,train,syn_CLUSTER_AWARE_CLASSICAL_r25_00108,False
jitter,1,50_314,,50,,185.0,370,0.25,0.24538258575197888,True,CLUSTER_AWARE_CLASSICAL,train,syn_CLUSTER_AWARE_CLASSICAL_r25_00109,False
jitter,1,50_305,,50,,325.0,650,0.25,0.24538258575197888,True,CLUSTER_AWARE_CLASSICAL,train,syn_CLUSTER_AWARE_CLASSICAL_r25_00110,False
jitter,1,36_151,,36,,249.5,499,0.25,0.24538258575197888,True,CLUSTER_AWARE_CLASSICAL,train,syn_CLUSTER_AWARE_CLASSICAL_r25_00111,False
jitter,1,4_4,,4,,1675.0,3350,0.25,0.24538258575197888,True,CLUSTER_AWARE_CLASSICAL,train,syn_CLUSTER_AWARE_CLASSICAL_r25_00112,False
jitter,1,30_120,,30,,800.0,1600,0.25,0.24538258575197888,True,CLUSTER_AWARE_CLASSICAL,train,syn_CLUSTER_AWARE_CLASSICAL_r25_00113,False
jitter,1,41_163,,41,,1700.0,3400,0.25,0.24538258575197888,True,CLUSTER_AWARE_CLASSICAL,train,syn_CLUSTER_AWARE_CLASSICAL_r25_00114,False
jitter,1,81_1105,,81,,315.0,630,0.25,0.24538258575197888,True,CLUSTER_AWARE_CLASSICAL,train,syn_CLUSTER_AWARE_CLASSICAL_r25_00115,False
jitter,1,27_95,,27,,965.0,1930,0.25,0.24538258575197888,True,CLUSTER_AWARE_CLASSICAL,train,syn_CLUSTER_AWARE_CLASSICAL_r25_00116,False
jitter,1,78_1030,,78,,160.0,320,0.25,0.24538258575197888,True,CLUSTER_AWARE_CLASSICAL,train,syn_CLUSTER_AWARE_CLASSICAL_r25_00117,False
jitter,1,23_82,,23,,2818.0,5636,0.25,0.24538258575197888,True,CLUSTER_AWARE_CLASSICAL,train,syn_CLUSTER_AWARE_CLASSICAL_r25_00118,False
jitter,1,50_321,,50,,340.0,680,0.25,0.24538258575197888,True,CLUSTER_AWARE_CLASSICAL,train,syn_CLUSTER_AWARE_CLASSICAL_r25_00119,False
jitter,1,50_318,,50,,290.0,580,0.25,0.24538258575197888,True,CLUSTER_AWARE_CLASSICAL,train,syn_CLUSTER_AWARE_CLASSICAL_r25_00120,False
jitter,1,13_48,,13,,8343.0,16686,0.25,0.24538258575197888,True,CLUSTER_AWARE_CLASSICAL,train,syn_CLUSTER_AWARE_CLASSICAL_r25_00121,False
jitter,1,57_502,,57,,160.0,320,0.25,0.24538258575197888,True,CLUSTER_AWARE_CLASSICAL,train,syn_CLUSTER_AWARE_CLASSICAL_r25_00122,False
jitter,1,79_1075,,79,,1192.0,2384,0.25,0.24538258575197888,True,CLUSTER_AWARE_CLASSICAL,train,syn_CLUSTER_AWARE_CLASSICAL_r25_00123,False
jitter,1,48_262,,48,,215.0,430,0.25,0.24538258575197888,True,CLUSTER_AWARE_CLASSICAL,train,syn_CLUSTER_AWARE_CLASSICAL_r25_00124,False
jitter,1,49_294,,49,,235.0,470,0.25,0.24538258575197888,True,CLUSTER_AWARE_CLASSICAL,train,syn_CLUSTER_AWARE_CLASSICAL_r25_00125,False
jitter,1,36_142,,36,,370.0,740,0.25,0.24538258575197888,True,CLUSTER_AWARE_CLASSICAL,train,syn_CLUSTER_AWARE_CLASSICAL_r25_00126,False
jitter,1,48_264,,48,,345.0,690,0.25,0.24538258575197888,True,CLUSTER_AWARE_CLASSICAL,train,syn_CLUSTER_AWARE_CLASSICAL_r25_00127,False
jitter,1,42_171,,42,,125.0,250,0.25,0.24538258575197888,True,CLUSTER_AWARE_CLASSICAL,train,syn_CLUSTER_AWARE_CLASSICAL_r25_00128,False
jitter,1,79_1075,,79,,1192.0,2384,0.25,0.24538258575197888,True,CLUSTER_AWARE_CLASSICAL,train,syn_CLUSTER_AWARE_CLASSICAL_r25_00129,False
jitter,1,57_507,,57,,190.0,380,0.25,0.24538258575197888,True,CLUSTER_AWARE_CLASSICAL,train,syn_CLUSTER_AWARE_CLASSICAL_r25_00130,False
jitter,1,49_291,,49,,365.0,730,0.25,0.24538258575197888,True,CLUSTER_AWARE_CLASSICAL,train,syn_CLUSTER_AWARE_CLASSICAL_r25_00131,False
jitter,1,48_263,,48,,200.0,400,0.25,0.24538258575197888,True,CLUSTER_AWARE_CLASSICAL,train,syn_CLUSTER_AWARE_CLASSICAL_r25_00132,False
jitter,1,57_523,,57,,325.0,650,0.25,0.24538258575197888,True,CLUSTER_AWARE_CLASSICAL,train,syn_CLUSTER_AWARE_CLASSICAL_r25_00133,False
jitter,1,68_814,,68,,135.0,270,0.25,0.24538258575197888,True,CLUSTER_AWARE_CLASSICAL,train,syn_CLUSTER_AWARE_CLASSICAL_r25_00134,False
jitter,1,48_269,,48,,140.0,280,0.25,0.24538258575197888,True,CLUSTER_AWARE_CLASSICAL,train,syn_CLUSTER_AWARE_CLASSICAL_r25_00135,False
interpolation,1,27_97,57_510,27,0.3754112422466278,965.1913093030453,4410,0.25,0.24538258575197888,True,CLUSTER_AWARE_CLASSICAL,train,syn_CLUSTER_AWARE_CLASSICAL_r25_00136,False
interpolation,1,30_120,36_148,30,0.5376656651496887,568.8328325748444,1600,0.25,0.24538258575197888,True,CLUSTER_AWARE_CLASSICAL,train,syn_CLUSTER_AWARE_CLASSICAL_r25_00137,False
interpolation,1,57_495,78_1030,57,0.2974157929420471,149.59044724702835,250,0.25,0.24538258575197888,True,CLUSTER_AWARE_CLASSICAL,train,syn_CLUSTER_AWARE_CLASSICAL_r25_00138,False
interpolation,1,81_1114,62_671,81,0.4627583622932434,175.37241637706757,340,0.25,0.24538258575197888,True,CLUSTER_AWARE_CLASSICAL,train,syn_CLUSTER_AWARE_CLASSICAL_r25_00139,False
interpolation,1,41_167,70_886,41,0.6510587334632874,1409.6943229734898,2140,0.25,0.24538258575197888,True,CLUSTER_AWARE_CLASSICAL,train,syn_CLUSTER_AWARE_CLASSICAL_r25_00140,False
interpolation,1,79_1069,73_953,79,0.4126138687133789,1103.3655233383179,1980,0.25,0.24538258575197888,True,CLUSTER_AWARE_CLASSICAL,train,syn_CLUSTER_AWARE_CLASSICAL_r25_00141,False
interpolation,1,31_126,27_90,31,0.6819700002670288,1087.6252502202988,2700,0.25,0.24538258575197888,True,CLUSTER_AWARE_CLASSICAL,train,syn_CLUSTER_AWARE_CLASSICAL_r25_00142,False
interpolation,1,29_107,29_111,29,0.2909019887447357,1029.1819293797016,2030,0.25,0.24538258575197888,True,CLUSTER_AWARE_CLASSICAL,train,syn_CLUSTER_AWARE_CLASSICAL_r25_00143,False
interpolation,1,10_40,50_307,10,0.4149720370769501,319.2513880133629,580,0.25,0.24538258575197888,True,CLUSTER_AWARE_CLASSICAL,train,syn_CLUSTER_AWARE_CLASSICAL_r25_00144,False
interpolation,1,72_913,81_1110,72,0.4098305404186249,142.54067614674568,350,0.25,0.24538258575197888,True,CLUSTER_AWARE_CLASSICAL,train,syn_CLUSTER_AWARE_CLASSICAL_r25_00145,False
interpolation,1,57_524,48_254,57,0.7355260252952576,225.6887819468975,513,0.25,0.24538258575197888,True,CLUSTER_AWARE_CLASSICAL,train,syn_CLUSTER_AWARE_CLASSICAL_r25_00146,False
interpolation,1,10_35,32_136,10,0.4022115170955658,624.2086428403854,280,0.25,0.24538258575197888,True,CLUSTER_AWARE_CLASSICAL,train,syn_CLUSTER_AWARE_CLASSICAL_r25_00147,False
interpolation,1,62_674,41_167,62,0.6790518760681152,6573.715455532074,18350,0.25,0.24538258575197888,True,CLUSTER_AWARE_CLASSICAL,train,syn_CLUSTER_AWARE_CLASSICAL_r25_00148,False
interpolation,1,31_126,27_90,31,0.447238564491272,893.9718157052994,2700,0.25,0.24538258575197888,True,CLUSTER_AWARE_CLASSICAL,train,syn_CLUSTER_AWARE_CLASSICAL_r25_00149,False
interpolation,1,17_56,15_52,17,0.47277548909187317,3865.167472690344,7414,0.25,0.24538258575197888,True,CLUSTER_AWARE_CLASSICAL,train,syn_CLUSTER_AWARE_CLASSICAL_r25_00150,False
interpolation,1,10_35,31_125,10,0.28278571367263794,936.1078578233719,280,0.25,0.24538258575197888,True,CLUSTER_AWARE_CLASSICAL,train,syn_CLUSTER_AWARE_CLASSICAL_r25_00151,False
interpolation,1,66_781,66_779,66,0.5350857377052307,330.9645754098892,820,0.25,0.24538258575197888,True,CLUSTER_AWARE_CLASSICAL,train,syn_CLUSTER_AWARE_CLASSICAL_r25_00152,False
interpolation,1,66_769,50_308,66,0.47869619727134705,137.3934769630432,280,0.25,0.24538258575197888,True,CLUSTER_AWARE_CLASSICAL,train,syn_CLUSTER_AWARE_CLASSICAL_r25_00153,False
interpolation,1,48_270,55_410,48,0.7058922052383423,207.35353231430054,450,0.25,0.24538258575197888,True,CLUSTER_AWARE_CLASSICAL,train,syn_CLUSTER_AWARE_CLASSICAL_r25_00154,False
interpolation,1,55_418,57_497,55,0.5089299082756042,162.00885504484177,270,0.25,0.24538258575197888,True,CLUSTER_AWARE_CLASSICAL,train,syn_CLUSTER_AWARE_CLASSICAL_r25_00155,False
interpolation,1,48_255,41_157,48,0.4864846467971802,409.73003327846527,650,0.25,0.24538258575197888,True,CLUSTER_AWARE_CLASSICAL,train,syn_CLUSTER_AWARE_CLASSICAL_r25_00156,False
interpolation,1,27_93,36_144,27,0.5206245183944702,319.1750192642212,600,0.25,0.24538258575197888,True,CLUSTER_AWARE_CLASSICAL,train,syn_CLUSTER_AWARE_CLASSICAL_r25_00157,False
interpolation,1,79_1075,63_694,79,0.6569569110870361,834.5491013526917,2384,0.25,0.24538258575197888,True,CLUSTER_AWARE_CLASSICAL,train,syn_CLUSTER_AWARE_CLASSICAL_r25_00158,False
interpolation,1,48_233,48_244,48,0.4563983678817749,417.81991839408875,890,0.25,0.24538258575197888,True,CLUSTER_AWARE_CLASSICAL,train,syn_CLUSTER_AWARE_CLASSICAL_r25_00159,False
interpolation,1,49_288,50_311,49,0.41972899436950684,215.24173378944397,680,0.25,0.24538258575197888,True,CLUSTER_AWARE_CLASSICAL,train,syn_CLUSTER_AWARE_CLASSICAL_r25_00160,False
interpolation,1,4_7,30_119,4,0.571487545967102,3580.198154449463,10040,0.25,0.24538258575197888,True,CLUSTER_AWARE_CLASSICAL,train,syn_CLUSTER_AWARE_CLASSICAL_r25_00161,False
interpolation,1,76_1014,74_980,76,0.6183813214302063,1113.091906607151,2230,0.25,0.24538258575197888,True,CLUSTER_AWARE_CLASSICAL,train,syn_CLUSTER_AWARE_CLASSICAL_r25_00162,False
interpolation,1,15_52,21_80,15,0.5257455110549927,4627.561998784542,8014,0.25,0.24538258575197888,True,CLUSTER_AWARE_CLASSICAL,train,syn_CLUSTER_AWARE_CLASSICAL_r25_00163,False
interpolation,1,62_671,57_502,62,0.7007367014884949,174.0147340297699,360,0.25,0.24538258575197888,True,CLUSTER_AWARE_CLASSICAL,train,syn_CLUSTER_AWARE_CLASSICAL_r25_00164,False
interpolation,1,8_26,29_108,8,0.5490173101425171,3391.7571234703064,9760,0.25,0.24538258575197888,True,CLUSTER_AWARE_CLASSICAL,train,syn_CLUSTER_AWARE_CLASSICAL_r25_00165,False
interpolation,1,48_254,57_516,48,0.7388237118721008,134.77647423744202,280,0.25,0.24538258575197888,True,CLUSTER_AWARE_CLASSICAL,train,syn_CLUSTER_AWARE_CLASSICAL_r25_00166,False
interpolation,1,81_1117,66_763,81,0.7474161982536316,5729.703776717186,10442,0.25,0.24538258575197888,True,CLUSTER_AWARE_CLASSICAL,train,syn_CLUSTER_AWARE_CLASSICAL_r25_00167,False
interpolation,1,48_235,48_236,48,0.5597019791603088,239.4029802083969,470,0.25,0.24538258575197888,True,CLUSTER_AWARE_CLASSICAL,train,syn_CLUSTER_AWARE_CLASSICAL_r25_00168,False
interpolation,1,41_164,49_299,41,0.35950595140457153,325.8888390660286,940,0.25,0.24538258575197888,True,CLUSTER_AWARE_CLASSICAL,train,syn_CLUSTER_AWARE_CLASSICAL_r25_00169,False
interpolation,1,66_783,66_781,66,0.35988593101501465,339.82224345207214,430,0.25,0.24538258575197888,True,CLUSTER_AWARE_CLASSICAL,train,syn_CLUSTER_AWARE_CLASSICAL_r25_00170,False
interpolation,1,41_159,41_162,41,0.433796226978302,377.7870190143585,1050,0.25,0.24538258575197888,True,CLUSTER_AWARE_CLASSICAL,train,syn_CLUSTER_AWARE_CLASSICAL_r25_00171,False
interpolation,1,4_4,21_80,4,0.7283803820610046,2663.8312191069126,3350,0.25,0.24538258575197888,True,CLUSTER_AWARE_CLASSICAL,train,syn_CLUSTER_AWARE_CLASSICAL_r25_00172,False
interpolation,1,4_5,29_112,4,0.5926618576049805,1010.7525157928467,2160,0.25,0.24538258575197888,True,CLUSTER_AWARE_CLASSICAL,train,syn_CLUSTER_AWARE_CLASSICAL_r25_00173,False
interpolation,1,57_496,57_494,57,0.39878126978874207,274.90858793258667,640,0.25,0.24538258575197888,True,CLUSTER_AWARE_CLASSICAL,train,syn_CLUSTER_AWARE_CLASSICAL_r25_00174,False
interpolation,1,70_880,70_866,70,0.4762134552001953,187.61893272399902,370,0.25,0.24538258575197888,True,CLUSTER_AWARE_CLASSICAL,train,syn_CLUSTER_AWARE_CLASSICAL_r25_00175,False
interpolation,1,49_297,49_298,49,0.7265843152999878,193.24033319950104,340,0.25,0.24538258575197888,True,CLUSTER_AWARE_CLASSICAL,train,syn_CLUSTER_AWARE_CLASSICAL_r25_00176,False
interpolation,1,27_97,27_95,27,0.5962758660316467,1704.382073879242,4410,0.25,0.24538258575197888,True,CLUSTER_AWARE_CLASSICAL,train,syn_CLUSTER_AWARE_CLASSICAL_r25_00177,False
interpolation,1,49_284,48_250,49,0.3424226939678192,227.87885800004005,390,0.25,0.24538258575197888,True,CLUSTER_AWARE_CLASSICAL,train,syn_CLUSTER_AWARE_CLASSICAL_r25_00178,False
interpolation,1,10_35,31_127,10,0.6960896849632263,291.4992920458317,280,0.25,0.24538258575197888,True,CLUSTER_AWARE_CLASSICAL,train,syn_CLUSTER_AWARE_CLASSICAL_r25_00179,False
interpolation,1,27_101,41_167,27,0.6308691501617432,1663.3324357271194,4021,0.25,0.24538258575197888,True,CLUSTER_AWARE_CLASSICAL,train,syn_CLUSTER_AWARE_CLASSICAL_r25_00180,False
interpolation,1,80_1096,80_1091,80,0.598023533821106,131.96047067642212,280,0.25,0.24538258575197888,True,CLUSTER_AWARE_CLASSICAL,train,syn_CLUSTER_AWARE_CLASSICAL_r25_00181,False
interpolation,1,48_245,49_286,48,0.2637580931186676,131.0436326265335,240,0.25,0.24538258575197888,True,CLUSTER_AWARE_CLASSICAL,train,syn_CLUSTER_AWARE_CLASSICAL_r25_00182,False
jitter,0,66_782,,66,,120.0,240,0.5,0.5070422535211268,True,CLUSTER_AWARE_CLASSICAL,train,syn_CLUSTER_AWARE_CLASSICAL_r50_00000,False
jitter,0,72_918,,72,,285.0,570,0.5,0.5070422535211268,True,CLUSTER_AWARE_CLASSICAL,train,syn_CLUSTER_AWARE_CLASSICAL_r50_00001,False
jitter,0,80_1098,,80,,800.0,1600,0.5,0.5070422535211268,True,CLUSTER_AWARE_CLASSICAL,train,syn_CLUSTER_AWARE_CLASSICAL_r50_00002,False
jitter,0,52_345,,52,,358.0,716,0.5,0.5070422535211268,True,CLUSTER_AWARE_CLASSICAL,train,syn_CLUSTER_AWARE_CLASSICAL_r50_00003,False
jitter,0,68_827,,68,,410.0,820,0.5,0.5070422535211268,True,CLUSTER_AWARE_CLASSICAL,train,syn_CLUSTER_AWARE_CLASSICAL_r50_00004,False
jitter,0,62_670,,62,,140.0,280,0.5,0.5070422535211268,True,CLUSTER_AWARE_CLASSICAL,train,syn_CLUSTER_AWARE_CLASSICAL_r50_00005,False
jitter,0,64_703,,64,,620.0,1240,0.5,0.5070422535211268,True,CLUSTER_AWARE_CLASSICAL,train,syn_CLUSTER_AWARE_CLASSICAL_r50_00006,False
jitter,0,62_663,,62,,210.0,420,0.5,0.5070422535211268,True,CLUSTER_AWARE_CLASSICAL,train,syn_CLUSTER_AWARE_CLASSICAL_r50_00007,False
jitter,0,73_933,,73,,150.0,300,0.5,0.5070422535211268,True,CLUSTER_AWARE_CLASSICAL,train,syn_CLUSTER_AWARE_CLASSICAL_r50_00008,False
jitter,0,51_330,,51,,185.0,370,0.5,0.5070422535211268,True,CLUSTER_AWARE_CLASSICAL,train,syn_CLUSTER_AWARE_CLASSICAL_r50_00009,False
jitter,0,74_961,,74,,125.0,250,0.5,0.5070422535211268,True,CLUSTER_AWARE_CLASSICAL,train,syn_CLUSTER_AWARE_CLASSICAL_r50_00010,False
jitter,0,79_1055,,79,,285.0,570,0.5,0.5070422535211268,True,CLUSTER_AWARE_CLASSICAL,train,syn_CLUSTER_AWARE_CLASSICAL_r50_00011,False
jitter,0,60_627,,60,,310.0,620,0.5,0.5070422535211268,True,CLUSTER_AWARE_CLASSICAL,train,syn_CLUSTER_AWARE_CLASSICAL_r50_00012,False
jitter,0,51_329,,51,,120.0,240,0.5,0.5070422535211268,True,CLUSTER_AWARE_CLASSICAL,train,syn_CLUSTER_AWARE_CLASSICAL_r50_00013,False
jitter,0,73_935,,73,,180.0,360,0.5,0.5070422535211268,True,CLUSTER_AWARE_CLASSICAL,train,syn_CLUSTER_AWARE_CLASSICAL_r50_00014,False
jitter,0,11_42,,11,,200.0,400,0.5,0.5070422535211268,True,CLUSTER_AWARE_CLASSICAL,train,syn_CLUSTER_AWARE_CLASSICAL_r50_00015,False
jitter,0,68_831,,68,,240.0,480,0.5,0.5070422535211268,True,CLUSTER_AWARE_CLASSICAL,train,syn_CLUSTER_AWARE_CLASSICAL_r50_00016,False
jitter,0,73_935,,73,,180.0,360,0.5,0.5070422535211268,True,CLUSTER_AWARE_CLASSICAL,train,syn_CLUSTER_AWARE_CLASSICAL_r50_00017,False
jitter,0,46_226,,46,,125.0,250,0.5,0.5070422535211268,True,CLUSTER_AWARE_CLASSICAL,train,syn_CLUSTER_AWARE_CLASSICAL_r50_00018,False
jitter,0,51_332,,51,,320.0,640,0.5,0.5070422535211268,True,CLUSTER_AWARE_CLASSICAL,train,syn_CLUSTER_AWARE_CLASSICAL_r50_00019,False
jitter,0,61_636,,61,,160.0,320,0.5,0.5070422535211268,True,CLUSTER_AWARE_CLASSICAL,train,syn_CLUSTER_AWARE_CLASSICAL_r50_00020,False
jitter,0,53_374,,53,,785.0,1570,0.5,0.5070422535211268,True,CLUSTER_AWARE_CLASSICAL,train,syn_CLUSTER_AWARE_CLASSICAL_r50_00021,False
jitter,0,62_672,,62,,210.0,420,0.5,0.5070422535211268,True,CLUSTER_AWARE_CLASSICAL,train,syn_CLUSTER_AWARE_CLASSICAL_r50_00022,False
jitter,0,55_409,,55,,185.0,370,0.5,0.5070422535211268,True,CLUSTER_AWARE_CLASSICAL,train,syn_CLUSTER_AWARE_CLASSICAL_r50_00023,False
jitter,0,76_1022,,76,,165.0,330,0.5,0.5070422535211268,True,CLUSTER_AWARE_CLASSICAL,train,syn_CLUSTER_AWARE_CLASSICAL_r50_00024,False
jitter,0,68_829,,68,,125.0,250,0.5,0.5070422535211268,True,CLUSTER_AWARE_CLASSICAL,train,syn_CLUSTER_AWARE_CLASSICAL_r50_00025,False
jitter,0,70_885,,70,,890.0,1780,0.5,0.5070422535211268,True,CLUSTER_AWARE_CLASSICAL,train,syn_CLUSTER_AWARE_CLASSICAL_r50_00026,False
jitter,0,66_759,,66,,145.0,290,0.5,0.5070422535211268,True,CLUSTER_AWARE_CLASSICAL,train,syn_CLUSTER_AWARE_CLASSICAL_r50_00027,False
jitter,0,76_1008,,76,,145.0,290,0.5,0.5070422535211268,True,CLUSTER_AWARE_CLASSICAL,train,syn_CLUSTER_AWARE_CLASSICAL_r50_00028,False
jitter,0,68_812,,68,,170.0,340,0.5,0.5070422535211268,True,CLUSTER_AWARE_CLASSICAL,train,syn_CLUSTER_AWARE_CLASSICAL_r50_00029,False
jitter,0,79_1072,,79,,135.0,270,0.5,0.5070422535211268,True,CLUSTER_AWARE_CLASSICAL,train,syn_CLUSTER_AWARE_CLASSICAL_r50_00030,False
jitter,0,74_957,,74,,235.0,470,0.5,0.5070422535211268,True,CLUSTER_AWARE_CLASSICAL,train,syn_CLUSTER_AWARE_CLASSICAL_r50_00031,False
jitter,0,55_416,,55,,590.0,1180,0.5,0.5070422535211268,True,CLUSTER_AWARE_CLASSICAL,train,syn_CLUSTER_AWARE_CLASSICAL_r50_00032,False
jitter,0,62_659,,62,,225.0,450,0.5,0.5070422535211268,True,CLUSTER_AWARE_CLASSICAL,train,syn_CLUSTER_AWARE_CLASSICAL_r50_00033,False
jitter,0,81_1115,,81,,210.0,420,0.5,0.5070422535211268,True,CLUSTER_AWARE_CLASSICAL,train,syn_CLUSTER_AWARE_CLASSICAL_r50_00034,False
jitter,0,47_230,,47,,123.0,246,0.5,0.5070422535211268,True,CLUSTER_AWARE_CLASSICAL,train,syn_CLUSTER_AWARE_CLASSICAL_r50_00035,False
jitter,0,53_372,,53,,120.0,240,0.5,0.5070422535211268,True,CLUSTER_AWARE_CLASSICAL,train,syn_CLUSTER_AWARE_CLASSICAL_r50_00036,False
jitter,0,68_831,,68,,240.0,480,0.5,0.5070422535211268,True,CLUSTER_AWARE_CLASSICAL,train,syn_CLUSTER_AWARE_CLASSICAL_r50_00037,False
jitter,0,73_937,,73,,225.0,450,0.5,0.5070422535211268,True,CLUSTER_AWARE_CLASSICAL,train,syn_CLUSTER_AWARE_CLASSICAL_r50_00038,False
jitter,0,64_702,,64,,205.0,410,0.5,0.5070422535211268,True,CLUSTER_AWARE_CLASSICAL,train,syn_CLUSTER_AWARE_CLASSICAL_r50_00039,False
jitter,0,47_230,,47,,123.0,246,0.5,0.5070422535211268,True,CLUSTER_AWARE_CLASSICAL,train,syn_CLUSTER_AWARE_CLASSICAL_r50_00040,False
jitter,0,76_1024,,76,,570.0,1140,0.5,0.5070422535211268,True,CLUSTER_AWARE_CLASSICAL,train,syn_CLUSTER_AWARE_CLASSICAL_r50_00041,False
jitter,0,52_345,,52,,358.0,716,0.5,0.5070422535211268,True,CLUSTER_AWARE_CLASSICAL,train,syn_CLUSTER_AWARE_CLASSICAL_r50_00042,False
jitter,0,81_1113,,81,,120.0,240,0.5,0.5070422535211268,True,CLUSTER_AWARE_CLASSICAL,train,syn_CLUSTER_AWARE_CLASSICAL_r50_00043,False
jitter,0,76_1003,,76,,205.0,410,0.5,0.5070422535211268,True,CLUSTER_AWARE_CLASSICAL,train,syn_CLUSTER_AWARE_CLASSICAL_r50_00044,False
jitter,0,76_1016,,76,,375.0,750,0.5,0.5070422535211268,True,CLUSTER_AWARE_CLASSICAL,train,syn_CLUSTER_AWARE_CLASSICAL_r50_00045,False
jitter,0,60_633,,60,,405.0,810,0.5,0.5070422535211268,True,CLUSTER_AWARE_CLASSICAL,train,syn_CLUSTER_AWARE_CLASSICAL_r50_00046,False
jitter,0,70_871,,70,,120.0,240,0.5,0.5070422535211268,True,CLUSTER_AWARE_CLASSICAL,train,syn_CLUSTER_AWARE_CLASSICAL_r50_00047,False
jitter,0,68_813,,68,,325.0,650,0.5,0.5070422535211268,True,CLUSTER_AWARE_CLASSICAL,train,syn_CLUSTER_AWARE_CLASSICAL_r50_00048,False
jitter,0,60_634,,60,,251.5,503,0.5,0.5070422535211268,True,CLUSTER_AWARE_CLASSICAL,train,syn_CLUSTER_AWARE_CLASSICAL_r50_00049,False
jitter,0,74_983,,74,,155.0,310,0.5,0.5070422535211268,True,CLUSTER_AWARE_CLASSICAL,train,syn_CLUSTER_AWARE_CLASSICAL_r50_00050,False
jitter,0,60_625,,60,,180.0,360,0.5,0.5070422535211268,True,CLUSTER_AWARE_CLASSICAL,train,syn_CLUSTER_AWARE_CLASSICAL_r50_00051,False
jitter,0,60_624,,60,,405.0,810,0.5,0.5070422535211268,True,CLUSTER_AWARE_CLASSICAL,train,syn_CLUSTER_AWARE_CLASSICAL_r50_00052,False
jitter,0,79_1068,,79,,160.0,320,0.5,0.5070422535211268,True,CLUSTER_AWARE_CLASSICAL,train,syn_CLUSTER_AWARE_CLASSICAL_r50_00053,False
jitter,0,62_659,,62,,225.0,450,0.5,0.5070422535211268,True,CLUSTER_AWARE_CLASSICAL,train,syn_CLUSTER_AWARE_CLASSICAL_r50_00054,False
jitter,0,81_1113,,81,,120.0,240,0.5,0.5070422535211268,True,CLUSTER_AWARE_CLASSICAL,train,syn_CLUSTER_AWARE_CLASSICAL_r50_00055,False
jitter,0,70_864,,70,,810.0,1620,0.5,0.5070422535211268,True,CLUSTER_AWARE_CLASSICAL,train,syn_CLUSTER_AWARE_CLASSICAL_r50_00056,False
jitter,0,79_1071,,79,,145.0,290,0.5,0.5070422535211268,True,CLUSTER_AWARE_CLASSICAL,train,syn_CLUSTER_AWARE_CLASSICAL_r50_00057,False
jitter,0,70_870,,70,,145.0,290,0.5,0.5070422535211268,True,CLUSTER_AWARE_CLASSICAL,train,syn_CLUSTER_AWARE_CLASSICAL_r50_00058,False
jitter,0,79_1067,,79,,610.0,1220,0.5,0.5070422535211268,True,CLUSTER_AWARE_CLASSICAL,train,syn_CLUSTER_AWARE_CLASSICAL_r50_00059,False
jitter,0,52_344,,52,,300.0,600,0.5,0.5070422535211268,True,CLUSTER_AWARE_CLASSICAL,train,syn_CLUSTER_AWARE_CLASSICAL_r50_00060,False
jitter,0,80_1093,,80,,120.0,240,0.5,0.5070422535211268,True,CLUSTER_AWARE_CLASSICAL,train,syn_CLUSTER_AWARE_CLASSICAL_r50_00061,False
jitter,0,74_985,,74,,205.0,410,0.5,0.5070422535211268,True,CLUSTER_AWARE_CLASSICAL,train,syn_CLUSTER_AWARE_CLASSICAL_r50_00062,False
jitter,0,70_883,,70,,175.0,350,0.5,0.5070422535211268,True,CLUSTER_AWARE_CLASSICAL,train,syn_CLUSTER_AWARE_CLASSICAL_r50_00063,False
jitter,0,81_1115,,81,,210.0,420,0.5,0.5070422535211268,True,CLUSTER_AWARE_CLASSICAL,train,syn_CLUSTER_AWARE_CLASSICAL_r50_00064,False
jitter,0,73_941,,73,,380.0,760,0.5,0.5070422535211268,True,CLUSTER_AWARE_CLASSICAL,train,syn_CLUSTER_AWARE_CLASSICAL_r50_00065,False
jitter,0,73_942,,73,,120.0,240,0.5,0.5070422535211268,True,CLUSTER_AWARE_CLASSICAL,train,syn_CLUSTER_AWARE_CLASSICAL_r50_00066,False
jitter,0,52_338,,52,,135.0,270,0.5,0.5070422535211268,True,CLUSTER_AWARE_CLASSICAL,train,syn_CLUSTER_AWARE_CLASSICAL_r50_00067,False
jitter,0,53_358,,53,,820.0,1640,0.5,0.5070422535211268,True,CLUSTER_AWARE_CLASSICAL,train,syn_CLUSTER_AWARE_CLASSICAL_r50_00068,False
jitter,0,11_42,,11,,200.0,400,0.5,0.5070422535211268,True,CLUSTER_AWARE_CLASSICAL,train,syn_CLUSTER_AWARE_CLASSICAL_r50_00069,False
jitter,0,53_346,,53,,135.0,270,0.5,0.5070422535211268,True,CLUSTER_AWARE_CLASSICAL,train,syn_CLUSTER_AWARE_CLASSICAL_r50_00070,False
jitter,0,53_358,,53,,820.0,1640,0.5,0.5070422535211268,True,CLUSTER_AWARE_CLASSICAL,train,syn_CLUSTER_AWARE_CLASSICAL_r50_00071,False
jitter,0,81_1107,,81,,150.0,300,0.5,0.5070422535211268,True,CLUSTER_AWARE_CLASSICAL,train,syn_CLUSTER_AWARE_CLASSICAL_r50_00072,False
jitter,0,70_879,,70,,305.0,610,0.5,0.5070422535211268,True,CLUSTER_AWARE_CLASSICAL,train,syn_CLUSTER_AWARE_CLASSICAL_r50_00073,False
jitter,0,81_1107,,81,,150.0,300,0.5,0.5070422535211268,True,CLUSTER_AWARE_CLASSICAL,train,syn_CLUSTER_AWARE_CLASSICAL_r50_00074,False
jitter,0,80_1090,,80,,335.0,670,0.5,0.5070422535211268,True,CLUSTER_AWARE_CLASSICAL,train,syn_CLUSTER_AWARE_CLASSICAL_r50_00075,False
jitter,0,76_1021,,76,,505.0,1010,0.5,0.5070422535211268,True,CLUSTER_AWARE_CLASSICAL,train,syn_CLUSTER_AWARE_CLASSICAL_r50_00076,False
jitter,0,79_1057,,79,,410.0,820,0.5,0.5070422535211268,True,CLUSTER_AWARE_CLASSICAL,train,syn_CLUSTER_AWARE_CLASSICAL_r50_00077,False
jitter,0,66_756,,66,,700.0,1400,0.5,0.5070422535211268,True,CLUSTER_AWARE_CLASSICAL,train,syn_CLUSTER_AWARE_CLASSICAL_r50_00078,False
jitter,0,53_378,,53,,1340.0,2680,0.5,0.5070422535211268,True,CLUSTER_AWARE_CLASSICAL,train,syn_CLUSTER_AWARE_CLASSICAL_r50_00079,False
jitter,0,80_1094,,80,,220.0,440,0.5,0.5070422535211268,True,CLUSTER_AWARE_CLASSICAL,train,syn_CLUSTER_AWARE_CLASSICAL_r50_00080,False
jitter,0,81_1115,,81,,210.0,420,0.5,0.5070422535211268,True,CLUSTER_AWARE_CLASSICAL,train,syn_CLUSTER_AWARE_CLASSICAL_r50_00081,False
jitter,0,53_362,,53,,685.0,1370,0.5,0.5070422535211268,True,CLUSTER_AWARE_CLASSICAL,train,syn_CLUSTER_AWARE_CLASSICAL_r50_00082,False
jitter,0,81_1115,,81,,210.0,420,0.5,0.5070422535211268,True,CLUSTER_AWARE_CLASSICAL,train,syn_CLUSTER_AWARE_CLASSICAL_r50_00083,False
jitter,0,80_1093,,80,,120.0,240,0.5,0.5070422535211268,True,CLUSTER_AWARE_CLASSICAL,train,syn_CLUSTER_AWARE_CLASSICAL_r50_00084,False
jitter,0,55_421,,55,,845.0,1690,0.5,0.5070422535211268,True,CLUSTER_AWARE_CLASSICAL,train,syn_CLUSTER_AWARE_CLASSICAL_r50_00085,False
jitter,0,68_831,,68,,240.0,480,0.5,0.5070422535211268,True,CLUSTER_AWARE_CLASSICAL,train,syn_CLUSTER_AWARE_CLASSICAL_r50_00086,False
jitter,0,74_966,,74,,185.0,370,0.5,0.5070422535211268,True,CLUSTER_AWARE_CLASSICAL,train,syn_CLUSTER_AWARE_CLASSICAL_r50_00087,False
jitter,0,51_337,,51,,485.5,971,0.5,0.5070422535211268,True,CLUSTER_AWARE_CLASSICAL,train,syn_CLUSTER_AWARE_CLASSICAL_r50_00088,False
jitter,0,53_356,,53,,410.0,820,0.5,0.5070422535211268,True,CLUSTER_AWARE_CLASSICAL,train,syn_CLUSTER_AWARE_CLASSICAL_r50_00089,False
interpolation,0,64_706,81_1112,64,0.48897480964660645,174.88974809646606,360,0.5,0.5070422535211268,True,CLUSTER_AWARE_CLASSICAL,train,syn_CLUSTER_AWARE_CLASSICAL_r50_00090,False
interpolation,0,68_821,55_409,68,0.7402580380439758,247.92193323373795,540,0.5,0.5070422535211268,True,CLUSTER_AWARE_CLASSICAL,train,syn_CLUSTER_AWARE_CLASSICAL_r50_00091,False
interpolation,0,81_1116,51_329,81,0.36518722772598267,140.08529752492905,350,0.5,0.5070422535211268,True,CLUSTER_AWARE_CLASSICAL,train,syn_CLUSTER_AWARE_CLASSICAL_r50_00092,False
interpolation,0,78_1031,63_681,78,0.7217928767204285,215.52550137043,470,0.5,0.5070422535211268,True,CLUSTER_AWARE_CLASSICAL,train,syn_CLUSTER_AWARE_CLASSICAL_r50_00093,False
interpolation,0,11_42,11_43,11,0.7259768843650818,1116.6073217988014,400,0.5,0.5070422535211268,True,CLUSTER_AWARE_CLASSICAL,train,syn_CLUSTER_AWARE_CLASSICAL_r50_00094,False
interpolation,0,74_961,74_957,74,0.7088995575904846,157.0210486650467,250,0.5,0.5070422535211268,True,CLUSTER_AWARE_CLASSICAL,train,syn_CLUSTER_AWARE_CLASSICAL_r50_00095,False
interpolation,0,72_922,55_413,72,0.4729914367198944,1203.55209633708,4610,0.5,0.5070422535211268,True,CLUSTER_AWARE_CLASSICAL,train,syn_CLUSTER_AWARE_CLASSICAL_r50_00096,False
interpolation,0,64_703,74_981,64,0.47274041175842285,385.36948323249817,1240,0.5,0.5070422535211268,True,CLUSTER_AWARE_CLASSICAL,train,syn_CLUSTER_AWARE_CLASSICAL_r50_00097,False
interpolation,0,55_420,63_678,55,0.574557363986969,276.8196704983711,660,0.5,0.5070422535211268,True,CLUSTER_AWARE_CLASSICAL,train,syn_CLUSTER_AWARE_CLASSICAL_r50_00098,False
interpolation,0,53_372,76_1022,53,0.7028255462646484,133.37285041809082,240,0.5,0.5070422535211268,True,CLUSTER_AWARE_CLASSICAL,train,syn_CLUSTER_AWARE_CLASSICAL_r50_00099,False
interpolation,0,81_1116,80_1093,81,0.3263675272464752,137.95021757483482,350,0.5,0.5070422535211268,True,CLUSTER_AWARE_CLASSICAL,train,syn_CLUSTER_AWARE_CLASSICAL_r50_00100,False
interpolation,0,62_664,73_932,62,0.5665584206581116,182.84902900457382,240,0.5,0.5070422535211268,True,CLUSTER_AWARE_CLASSICAL,train,syn_CLUSTER_AWARE_CLASSICAL_r50_00101,False
interpolation,0,81_1108,70_871,81,0.6695154309272766,340.9400922060013,900,0.5,0.5070422535211268,True,CLUSTER_AWARE_CLASSICAL,train,syn_CLUSTER_AWARE_CLASSICAL_r50_00102,False
interpolation,0,74_968,76_1026,74,0.41140276193618774,313.8597238063812,510,0.5,0.5070422535211268,True,CLUSTER_AWARE_CLASSICAL,train,syn_CLUSTER_AWARE_CLASSICAL_r50_00103,False
interpolation,0,80_1088,74_974,80,0.6770800948143005,469.2174383997917,1200,0.5,0.5070422535211268,True,CLUSTER_AWARE_CLASSICAL,train,syn_CLUSTER_AWARE_CLASSICAL_r50_00104,False
interpolation,0,60_617,80_1076,60,0.7255641222000122,154.30448472499847,240,0.5,0.5070422535211268,True,CLUSTER_AWARE_CLASSICAL,train,syn_CLUSTER_AWARE_CLASSICAL_r50_00105,False
interpolation,0,76_1015,74_981,76,0.6520365476608276,191.3009136915207,400,0.5,0.5070422535211268,True,CLUSTER_AWARE_CLASSICAL,train,syn_CLUSTER_AWARE_CLASSICAL_r50_00106,False
interpolation,0,74_978,74_984,74,0.41055619716644287,171.78887605667114,320,0.5,0.5070422535211268,True,CLUSTER_AWARE_CLASSICAL,train,syn_CLUSTER_AWARE_CLASSICAL_r50_00107,False
interpolation,0,51_328,81_1113,51,0.4490368962287903,221.0333016514778,690,0.5,0.5070422535211268,True,CLUSTER_AWARE_CLASSICAL,train,syn_CLUSTER_AWARE_CLASSICAL_r50_00108,False
interpolation,0,62_670,81_1113,62,0.3971822261810303,127.9436445236206,280,0.5,0.5070422535211268,True,CLUSTER_AWARE_CLASSICAL,train,syn_CLUSTER_AWARE_CLASSICAL_r50_00109,False
interpolation,0,70_879,76_1022,70,0.6910566091537476,261.74792528152466,610,0.5,0.5070422535211268,True,CLUSTER_AWARE_CLASSICAL,train,syn_CLUSTER_AWARE_CLASSICAL_r50_00110,False
interpolation,0,52_339,68_836,52,0.5013293623924255,172.59970217943192,420,0.5,0.5070422535211268,True,CLUSTER_AWARE_CLASSICAL,train,syn_CLUSTER_AWARE_CLASSICAL_r50_00111,False
interpolation,0,79_1072,68_831,79,0.26994600892066956,211.65567621588707,270,0.5,0.5070422535211268,True,CLUSTER_AWARE_CLASSICAL,train,syn_CLUSTER_AWARE_CLASSICAL_r50_00112,False
interpolation,0,76_1016,79_1052,76,0.6724357604980469,322.5897216796875,750,0.5,0.5070422535211268,True,CLUSTER_AWARE_CLASSICAL,train,syn_CLUSTER_AWARE_CLASSICAL_r50_00113,False
interpolation,0,70_885,74_982,70,0.5246891379356384,557.2823965549469,1780,0.5,0.5070422535211268,True,CLUSTER_AWARE_CLASSICAL,train,syn_CLUSTER_AWARE_CLASSICAL_r50_00114,False
interpolation,0,66_757,47_228,66,0.7460039854049683,302.0691829919815,500,0.5,0.5070422535211268,True,CLUSTER_AWARE_CLASSICAL,train,syn_CLUSTER_AWARE_CLASSICAL_r50_00115,False
interpolation,0,60_631,68_829,60,0.6033557653427124,336.17451786994934,950,0.5,0.5070422535211268,True,CLUSTER_AWARE_CLASSICAL,train,syn_CLUSTER_AWARE_CLASSICAL_r50_00116,False
interpolation,0,64_706,47_228,64,0.4420410692691803,333.4387195110321,360,0.5,0.5070422535211268,True,CLUSTER_AWARE_CLASSICAL,train,syn_CLUSTER_AWARE_CLASSICAL_r50_00117,False
interpolation,0,78_1034,79_1052,78,0.6009927988052368,296.13402783870697,700,0.5,0.5070422535211268,True,CLUSTER_AWARE_CLASSICAL,train,syn_CLUSTER_AWARE_CLASSICAL_r50_00118,False
interpolation,0,68_811,79_1040,68,0.6224051117897034,290.7050734758377,740,0.5,0.5070422535211268,True,CLUSTER_AWARE_CLASSICAL,train,syn_CLUSTER_AWARE_CLASSICAL_r50_00119,False
interpolation,0,76_1003,68_810,76,0.5256703495979309,164.68197971582413,410,0.5,0.5070422535211268,True,CLUSTER_AWARE_CLASSICAL,train,syn_CLUSTER_AWARE_CLASSICAL_r50_00120,False
interpolation,0,74_971,74_978,74,0.3320735991001129,233.05619657039642,760,0.5,0.5070422535211268,True,CLUSTER_AWARE_CLASSICAL,train,syn_CLUSTER_AWARE_CLASSICAL_r50_00121,False
interpolation,0,68_821,55_409,68,0.2878386378288269,209.4662842154503,540,0.5,0.5070422535211268,True,CLUSTER_AWARE_CLASSICAL,train,syn_CLUSTER_AWARE_CLASSICAL_r50_00122,False
interpolation,0,79_1068,66_782,79,0.6265130043029785,145.06052017211914,320,0.5,0.5070422535211268,True,CLUSTER_AWARE_CLASSICAL,train,syn_CLUSTER_AWARE_CLASSICAL_r50_00123,False
interpolation,0,76_1005,61_654,76,0.6793288588523865,192.74295300245285,440,0.5,0.5070422535211268,True,CLUSTER_AWARE_CLASSICAL,train,syn_CLUSTER_AWARE_CLASSICAL_r50_00124,False
interpolation,0,80_1084,79_1072,80,0.3700476884841919,406.98505103588104,1740,0.5,0.5070422535211268,True,CLUSTER_AWARE_CLASSICAL,train,syn_CLUSTER_AWARE_CLASSICAL_r50_00125,False
interpolation,0,73_947,72_915,73,0.5071556568145752,333.42575550079346,450,0.5,0.5070422535211268,True,CLUSTER_AWARE_CLASSICAL,train,syn_CLUSTER_AWARE_CLASSICAL_r50_00126,False
interpolation,0,68_826,53_348,68,0.26910147070884705,142.8736214339733,410,0.5,0.5070422535211268,True,CLUSTER_AWARE_CLASSICAL,train,syn_CLUSTER_AWARE_CLASSICAL_r50_00127,False
interpolation,0,53_372,76_1022,53,0.4446077048778534,144.9926483631134,240,0.5,0.5070422535211268,True,CLUSTER_AWARE_CLASSICAL,train,syn_CLUSTER_AWARE_CLASSICAL_r50_00128,False
interpolation,0,76_1006,60_619,76,0.608120858669281,183.24362576007843,390,0.5,0.5070422535211268,True,CLUSTER_AWARE_CLASSICAL,train,syn_CLUSTER_AWARE_CLASSICAL_r50_00129,False
interpolation,0,60_625,60_634,60,0.4641202390193939,218.31539541482925,360,0.5,0.5070422535211268,True,CLUSTER_AWARE_CLASSICAL,train,syn_CLUSTER_AWARE_CLASSICAL_r50_00130,False
interpolation,0,64_701,80_1078,64,0.5762029886245728,361.67104601860046,1020,0.5,0.5070422535211268,True,CLUSTER_AWARE_CLASSICAL,train,syn_CLUSTER_AWARE_CLASSICAL_r50_00131,False
interpolation,0,78_1032,66_782,78,0.48630478978157043,200.2402938902378,570,0.5,0.5070422535211268,True,CLUSTER_AWARE_CLASSICAL,train,syn_CLUSTER_AWARE_CLASSICAL_r50_00132,False
interpolation,0,68_815,63_681,68,0.7342313528060913,157.6576864719391,310,0.5,0.5070422535211268,True,CLUSTER_AWARE_CLASSICAL,train,syn_CLUSTER_AWARE_CLASSICAL_r50_00133,False
interpolation,0,53_388,74_956,53,0.4585438370704651,489.29064029455185,1402,0.5,0.5070422535211268,True,CLUSTER_AWARE_CLASSICAL,train,syn_CLUSTER_AWARE_CLASSICAL_r50_00134,False
interpolation,0,55_413,79_1044,55,0.49932727217674255,212.496630102396,430,0.5,0.5070422535211268,True,CLUSTER_AWARE_CLASSICAL,train,syn_CLUSTER_AWARE_CLASSICAL_r50_00135,False
interpolation,0,53_368,79_1068,53,0.7008793354034424,167.00879335403442,340,0.5,0.5070422535211268,True,CLUSTER_AWARE_CLASSICAL,train,syn_CLUSTER_AWARE_CLASSICAL_r50_00136,False
interpolation,0,81_1111,79_1070,81,0.36744406819343567,193.6744463443756,400,0.5,0.5070422535211268,True,CLUSTER_AWARE_CLASSICAL,train,syn_CLUSTER_AWARE_CLASSICAL_r50_00137,False
interpolation,0,73_949,51_329,73,0.27975988388061523,122.79759883880615,260,0.5,0.5070422535211268,True,CLUSTER_AWARE_CLASSICAL,train,syn_CLUSTER_AWARE_CLASSICAL_r50_00138,False
interpolation,0,79_1073,53_387,79,0.43588677048683167,187.5624530017376,550,0.5,0.5070422535211268,True,CLUSTER_AWARE_CLASSICAL,train,syn_CLUSTER_AWARE_CLASSICAL_r50_00139,False
interpolation,0,76_1013,74_974,76,0.32271090149879456,274.06417667865753,880,0.5,0.5070422535211268,True,CLUSTER_AWARE_CLASSICAL,train,syn_CLUSTER_AWARE_CLASSICAL_r50_00140,False
interpolation,0,61_653,53_357,61,0.561236560344696,135.9690859913826,250,0.5,0.5070422535211268,True,CLUSTER_AWARE_CLASSICAL,train,syn_CLUSTER_AWARE_CLASSICAL_r50_00141,False
interpolation,0,55_416,79_1044,55,0.5965332388877869,436.682630777359,1180,0.5,0.5070422535211268,True,CLUSTER_AWARE_CLASSICAL,train,syn_CLUSTER_AWARE_CLASSICAL_r50_00142,False
interpolation,0,78_1033,55_413,78,0.359627366065979,310.30125200748444,960,0.5,0.5070422535211268,True,CLUSTER_AWARE_CLASSICAL,train,syn_CLUSTER_AWARE_CLASSICAL_r50_00143,False
interpolation,0,70_865,66_782,70,0.4262012243270874,120.0,240,0.5,0.5070422535211268,True,CLUSTER_AWARE_CLASSICAL,train,syn_CLUSTER_AWARE_CLASSICAL_r50_00144,False
interpolation,0,68_842,74_977,68,0.47597506642341614,733.4228079020977,2190,0.5,0.5070422535211268,True,CLUSTER_AWARE_CLASSICAL,train,syn_CLUSTER_AWARE_CLASSICAL_r50_00145,False
interpolation,0,47_229,62_670,47,0.3952960669994354,147.90591716766357,320,0.5,0.5070422535211268,True,CLUSTER_AWARE_CLASSICAL,train,syn_CLUSTER_AWARE_CLASSICAL_r50_00146,False
interpolation,0,53_364,53_360,53,0.46735504269599915,420.9277345240116,730,0.5,0.5070422535211268,True,CLUSTER_AWARE_CLASSICAL,train,syn_CLUSTER_AWARE_CLASSICAL_r50_00147,False
interpolation,0,11_42,73_925,11,0.5690969228744507,180.60936152935028,400,0.5,0.5070422535211268,True,CLUSTER_AWARE_CLASSICAL,train,syn_CLUSTER_AWARE_CLASSICAL_r50_00148,False
interpolation,0,68_815,68_831,68,0.3933650255203247,206.5639728307724,310,0.5,0.5070422535211268,True,CLUSTER_AWARE_CLASSICAL,train,syn_CLUSTER_AWARE_CLASSICAL_r50_00149,False
interpolation,0,74_958,47_229,74,0.30179649591445923,182.63473719358444,470,0.5,0.5070422535211268,True,CLUSTER_AWARE_CLASSICAL,train,syn_CLUSTER_AWARE_CLASSICAL_r50_00150,False
interpolation,0,78_1037,74_966,78,0.39106276631355286,194.77657467126846,420,0.5,0.5070422535211268,True,CLUSTER_AWARE_CLASSICAL,train,syn_CLUSTER_AWARE_CLASSICAL_r50_00151,False
interpolation,0,63_677,64_701,63,0.683687686920166,510.0,1020,0.5,0.5070422535211268,True,CLUSTER_AWARE_CLASSICAL,train,syn_CLUSTER_AWARE_CLASSICAL_r50_00152,False
interpolation,0,78_1031,63_681,78,0.5220284461975098,201.54199123382568,470,0.5,0.5070422535211268,True,CLUSTER_AWARE_CLASSICAL,train,syn_CLUSTER_AWARE_CLASSICAL_r50_00153,False
interpolation,0,53_349,70_868,53,0.25695371627807617,260.97352027893066,730,0.5,0.5070422535211268,True,CLUSTER_AWARE_CLASSICAL,train,syn_CLUSTER_AWARE_CLASSICAL_r50_00154,False
interpolation,0,64_699,62_660,64,0.6093925833702087,344.759558737278,420,0.5,0.5070422535211268,True,CLUSTER_AWARE_CLASSICAL,train,syn_CLUSTER_AWARE_CLASSICAL_r50_00155,False
interpolation,0,52_343,61_653,52,0.2913498878479004,154.13498878479004,450,0.5,0.5070422535211268,True,CLUSTER_AWARE_CLASSICAL,train,syn_CLUSTER_AWARE_CLASSICAL_r50_00156,False
interpolation,0,62_669,73_937,62,0.3273107707500458,223.36343944072723,440,0.5,0.5070422535211268,True,CLUSTER_AWARE_CLASSICAL,train,syn_CLUSTER_AWARE_CLASSICAL_r50_00157,False
interpolation,0,61_635,74_968,61,0.49344509840011597,304.3445098400116,710,0.5,0.5070422535211268,True,CLUSTER_AWARE_CLASSICAL,train,syn_CLUSTER_AWARE_CLASSICAL_r50_00158,False
interpolation,0,52_345,76_1022,52,0.4637259542942047,254.4991140961647,716,0.5,0.5070422535211268,True,CLUSTER_AWARE_CLASSICAL,train,syn_CLUSTER_AWARE_CLASSICAL_r50_00159,False
interpolation,0,74_957,74_984,74,0.6838841438293457,217.613627910614,470,0.5,0.5070422535211268,True,CLUSTER_AWARE_CLASSICAL,train,syn_CLUSTER_AWARE_CLASSICAL_r50_00160,False
interpolation,0,80_1102,51_329,80,0.5927234888076782,161.49064421653748,380,0.5,0.5070422535211268,True,CLUSTER_AWARE_CLASSICAL,train,syn_CLUSTER_AWARE_CLASSICAL_r50_00161,False
interpolation,0,68_824,66_778,68,0.7353290915489197,308.53290915489197,670,0.5,0.5070422535211268,True,CLUSTER_AWARE_CLASSICAL,train,syn_CLUSTER_AWARE_CLASSICAL_r50_00162,False
interpolation,0,51_329,79_1049,51,0.6749900579452515,219.1280323266983,240,0.5,0.5070422535211268,True,CLUSTER_AWARE_CLASSICAL,train,syn_CLUSTER_AWARE_CLASSICAL_r50_00163,False
interpolation,0,73_937,81_1116,73,0.6739506125450134,208.69753062725067,450,0.5,0.5070422535211268,True,CLUSTER_AWARE_CLASSICAL,train,syn_CLUSTER_AWARE_CLASSICAL_r50_00164,False
interpolation,0,53_364,63_691,53,0.38216716051101685,269.2359098792076,730,0.5,0.5070422535211268,True,CLUSTER_AWARE_CLASSICAL,train,syn_CLUSTER_AWARE_CLASSICAL_r50_00165,False
interpolation,0,80_1081,64_706,80,0.42350995540618896,758.0910891294479,3090,0.5,0.5070422535211268,True,CLUSTER_AWARE_CLASSICAL,train,syn_CLUSTER_AWARE_CLASSICAL_r50_00166,False
interpolation,0,53_346,63_688,53,0.5661898851394653,152.3524045944214,270,0.5,0.5070422535211268,True,CLUSTER_AWARE_CLASSICAL,train,syn_CLUSTER_AWARE_CLASSICAL_r50_00167,False
interpolation,0,70_882,74_982,70,0.7263674736022949,549.551899433136,1370,0.5,0.5070422535211268,True,CLUSTER_AWARE_CLASSICAL,train,syn_CLUSTER_AWARE_CLASSICAL_r50_00168,False
interpolation,0,53_363,55_413,53,0.6111550331115723,211.94422483444214,420,0.5,0.5070422535211268,True,CLUSTER_AWARE_CLASSICAL,train,syn_CLUSTER_AWARE_CLASSICAL_r50_00169,False
interpolation,0,68_836,52_339,68,0.4697491526603699,174.76881355047226,270,0.5,0.5070422535211268,True,CLUSTER_AWARE_CLASSICAL,train,syn_CLUSTER_AWARE_CLASSICAL_r50_00170,False
interpolation,0,53_348,79_1045,53,0.6966239213943481,120.0,240,0.5,0.5070422535211268,True,CLUSTER_AWARE_CLASSICAL,train,syn_CLUSTER_AWARE_CLASSICAL_r50_00171,False
interpolation,0,66_759,62_670,66,0.5834246277809143,142.91712313890457,290,0.5,0.5070422535211268,True,CLUSTER_AWARE_CLASSICAL,train,syn_CLUSTER_AWARE_CLASSICAL_r50_00172,False
interpolation,0,68_840,81_1115,68,0.7296088933944702,184.46368873119354,350,0.5,0.5070422535211268,True,CLUSTER_AWARE_CLASSICAL,train,syn_CLUSTER_AWARE_CLASSICAL_r50_00173,False
interpolation,0,66_759,70_883,66,0.5106140971183777,159.68157708644867,290,0.5,0.5070422535211268,True,CLUSTER_AWARE_CLASSICAL,train,syn_CLUSTER_AWARE_CLASSICAL_r50_00174,False
interpolation,0,79_1051,81_1116,79,0.26684561371803284,183.0053736269474,410,0.5,0.5070422535211268,True,CLUSTER_AWARE_CLASSICAL,train,syn_CLUSTER_AWARE_CLASSICAL_r50_00175,False
interpolation,0,70_871,63_682,70,0.3745373487472534,157.5277590751648,240,0.5,0.5070422535211268,True,CLUSTER_AWARE_CLASSICAL,train,syn_CLUSTER_AWARE_CLASSICAL_r50_00176,False
interpolation,0,79_1065,60_627,79,0.4182983934879303,278.62762972712517,470,0.5,0.5070422535211268,True,CLUSTER_AWARE_CLASSICAL,train,syn_CLUSTER_AWARE_CLASSICAL_r50_00177,False
interpolation,0,80_1100,80_1095,80,0.6340036392211914,350.69103717803955,910,0.5,0.5070422535211268,True,CLUSTER_AWARE_CLASSICAL,train,syn_CLUSTER_AWARE_CLASSICAL_r50_00178,False
interpolation,0,68_839,81_1113,68,0.6745145916938782,288.62864792346954,740,0.5,0.5070422535211268,True,CLUSTER_AWARE_CLASSICAL,train,syn_CLUSTER_AWARE_CLASSICAL_r50_00179,False
jitter,1,78_1030,,78,,160.0,320,0.5,0.49076517150395776,True,CLUSTER_AWARE_CLASSICAL,train,syn_CLUSTER_AWARE_CLASSICAL_r50_00180,False
jitter,1,57_502,,57,,160.0,320,0.5,0.49076517150395776,True,CLUSTER_AWARE_CLASSICAL,train,syn_CLUSTER_AWARE_CLASSICAL_r50_00181,False
jitter,1,50_307,,50,,340.0,680,0.5,0.49076517150395776,True,CLUSTER_AWARE_CLASSICAL,train,syn_CLUSTER_AWARE_CLASSICAL_r50_00182,False
jitter,1,68_823,,68,,150.0,300,0.5,0.49076517150395776,True,CLUSTER_AWARE_CLASSICAL,train,syn_CLUSTER_AWARE_CLASSICAL_r50_00183,False
jitter,1,31_122,,31,,1510.0,3020,0.5,0.49076517150395776,True,CLUSTER_AWARE_CLASSICAL,train,syn_CLUSTER_AWARE_CLASSICAL_r50_00184,False
jitter,1,48_233,,48,,445.0,890,0.5,0.49076517150395776,True,CLUSTER_AWARE_CLASSICAL,train,syn_CLUSTER_AWARE_CLASSICAL_r50_00185,False
jitter,1,27_101,,27,,2010.5,4021,0.5,0.49076517150395776,True,CLUSTER_AWARE_CLASSICAL,train,syn_CLUSTER_AWARE_CLASSICAL_r50_00186,False
jitter,1,42_168,,42,,660.0,1320,0.5,0.49076517150395776,True,CLUSTER_AWARE_CLASSICAL,train,syn_CLUSTER_AWARE_CLASSICAL_r50_00187,False
jitter,1,66_770,,66,,195.0,390,0.5,0.49076517150395776,True,CLUSTER_AWARE_CLASSICAL,train,syn_CLUSTER_AWARE_CLASSICAL_r50_00188,False
jitter,1,57_524,,57,,256.5,513,0.5,0.49076517150395776,True,CLUSTER_AWARE_CLASSICAL,train,syn_CLUSTER_AWARE_CLASSICAL_r50_00189,False
jitter,1,27_99,,27,,1915.0,3830,0.5,0.49076517150395776,True,CLUSTER_AWARE_CLASSICAL,train,syn_CLUSTER_AWARE_CLASSICAL_r50_00190,False
jitter,1,66_779,,66,,240.0,480,0.5,0.49076517150395776,True,CLUSTER_AWARE_CLASSICAL,train,syn_CLUSTER_AWARE_CLASSICAL_r50_00191,False
jitter,1,49_300,,49,,290.0,580,0.5,0.49076517150395776,True,CLUSTER_AWARE_CLASSICAL,train,syn_CLUSTER_AWARE_CLASSICAL_r50_00192,False
jitter,1,73_953,,73,,1183.0,2366,0.5,0.49076517150395776,True,CLUSTER_AWARE_CLASSICAL,train,syn_CLUSTER_AWARE_CLASSICAL_r50_00193,False
jitter,1,49_287,,49,,180.0,360,0.5,0.49076517150395776,True,CLUSTER_AWARE_CLASSICAL,train,syn_CLUSTER_AWARE_CLASSICAL_r50_00194,False
jitter,1,36_147,,36,,1405.0,2810,0.5,0.49076517150395776,True,CLUSTER_AWARE_CLASSICAL,train,syn_CLUSTER_AWARE_CLASSICAL_r50_00195,False
jitter,1,10_37,,10,,225.0,450,0.5,0.49076517150395776,True,CLUSTER_AWARE_CLASSICAL,train,syn_CLUSTER_AWARE_CLASSICAL_r50_00196,False
jitter,1,49_296,,49,,290.0,580,0.5,0.49076517150395776,True,CLUSTER_AWARE_CLASSICAL,train,syn_CLUSTER_AWARE_CLASSICAL_r50_00197,False
jitter,1,81_1114,,81,,170.0,340,0.5,0.49076517150395776,True,CLUSTER_AWARE_CLASSICAL,train,syn_CLUSTER_AWARE_CLASSICAL_r50_00198,False
jitter,1,31_122,,31,,1510.0,3020,0.5,0.49076517150395776,True,CLUSTER_AWARE_CLASSICAL,train,syn_CLUSTER_AWARE_CLASSICAL_r50_00199,False
jitter,1,10_38,,10,,170.0,340,0.5,0.49076517150395776,True,CLUSTER_AWARE_CLASSICAL,train,syn_CLUSTER_AWARE_CLASSICAL_r50_00200,False
jitter,1,48_276,,48,,175.0,350,0.5,0.49076517150395776,True,CLUSTER_AWARE_CLASSICAL,train,syn_CLUSTER_AWARE_CLASSICAL_r50_00201,False
jitter,1,41_153,,41,,380.0,760,0.5,0.49076517150395776,True,CLUSTER_AWARE_CLASSICAL,train,syn_CLUSTER_AWARE_CLASSICAL_r50_00202,False
jitter,1,48_265,,48,,160.0,320,0.5,0.49076517150395776,True,CLUSTER_AWARE_CLASSICAL,train,syn_CLUSTER_AWARE_CLASSICAL_r50_00203,False
jitter,1,50_321,,50,,340.0,680,0.5,0.49076517150395776,True,CLUSTER_AWARE_CLASSICAL,train,syn_CLUSTER_AWARE_CLASSICAL_r50_00204,False
jitter,1,49_300,,49,,290.0,580,0.5,0.49076517150395776,True,CLUSTER_AWARE_CLASSICAL,train,syn_CLUSTER_AWARE_CLASSICAL_r50_00205,False
jitter,1,66_763,,66,,7235.0,14470,0.5,0.49076517150395776,True,CLUSTER_AWARE_CLASSICAL,train,syn_CLUSTER_AWARE_CLASSICAL_r50_00206,False
jitter,1,49_290,,49,,340.0,680,0.5,0.49076517150395776,True,CLUSTER_AWARE_CLASSICAL,train,syn_CLUSTER_AWARE_CLASSICAL_r50_00207,False
jitter,1,48_257,,48,,200.0,400,0.5,0.49076517150395776,True,CLUSTER_AWARE_CLASSICAL,train,syn_CLUSTER_AWARE_CLASSICAL_r50_00208,False
jitter,1,79_1056,,79,,120.0,240,0.5,0.49076517150395776,True,CLUSTER_AWARE_CLASSICAL,train,syn_CLUSTER_AWARE_CLASSICAL_r50_00209,False
jitter,1,50_310,,50,,340.0,680,0.5,0.49076517150395776,True,CLUSTER_AWARE_CLASSICAL,train,syn_CLUSTER_AWARE_CLASSICAL_r50_00210,False
jitter,1,36_140,,36,,395.0,790,0.5,0.49076517150395776,True,CLUSTER_AWARE_CLASSICAL,train,syn_CLUSTER_AWARE_CLASSICAL_r50_00211,False
jitter,1,53_366,,53,,190.0,380,0.5,0.49076517150395776,True,CLUSTER_AWARE_CLASSICAL,train,syn_CLUSTER_AWARE_CLASSICAL_r50_00212,False
jitter,1,48_240,,48,,245.0,490,0.5,0.49076517150395776,True,CLUSTER_AWARE_CLASSICAL,train,syn_CLUSTER_AWARE_CLASSICAL_r50_00213,False
jitter,1,31_125,,31,,1250.0,2500,0.5,0.49076517150395776,True,CLUSTER_AWARE_CLASSICAL,train,syn_CLUSTER_AWARE_CLASSICAL_r50_00214,False
jitter,1,30_117,,30,,2135.0,4270,0.5,0.49076517150395776,True,CLUSTER_AWARE_CLASSICAL,train,syn_CLUSTER_AWARE_CLASSICAL_r50_00215,False
jitter,1,27_100,,27,,1550.0,3100,0.5,0.49076517150395776,True,CLUSTER_AWARE_CLASSICAL,train,syn_CLUSTER_AWARE_CLASSICAL_r50_00216,False
jitter,1,10_41,,10,,4333.0,8666,0.5,0.49076517150395776,True,CLUSTER_AWARE_CLASSICAL,train,syn_CLUSTER_AWARE_CLASSICAL_r50_00217,False
jitter,1,48_262,,48,,215.0,430,0.5,0.49076517150395776,True,CLUSTER_AWARE_CLASSICAL,train,syn_CLUSTER_AWARE_CLASSICAL_r50_00218,False
jitter,1,57_516,,57,,120.0,240,0.5,0.49076517150395776,True,CLUSTER_AWARE_CLASSICAL,train,syn_CLUSTER_AWARE_CLASSICAL_r50_00219,False
jitter,1,11_44,,11,,198.5,397,0.5,0.49076517150395776,True,CLUSTER_AWARE_CLASSICAL,train,syn_CLUSTER_AWARE_CLASSICAL_r50_00220,False
jitter,1,68_816,,68,,125.0,250,0.5,0.49076517150395776,True,CLUSTER_AWARE_CLASSICAL,train,syn_CLUSTER_AWARE_CLASSICAL_r50_00221,False
jitter,1,70_880,,70,,185.0,370,0.5,0.49076517150395776,True,CLUSTER_AWARE_CLASSICAL,train,syn_CLUSTER_AWARE_CLASSICAL_r50_00222,False
jitter,1,36_140,,36,,395.0,790,0.5,0.49076517150395776,True,CLUSTER_AWARE_CLASSICAL,train,syn_CLUSTER_AWARE_CLASSICAL_r50_00223,False
jitter,1,4_9,,4,,785.0,1570,0.5,0.49076517150395776,True,CLUSTER_AWARE_CLASSICAL,train,syn_CLUSTER_AWARE_CLASSICAL_r50_00224,False
jitter,1,79_1064,,79,,950.0,1900,0.5,0.49076517150395776,True,CLUSTER_AWARE_CLASSICAL,train,syn_CLUSTER_AWARE_CLASSICAL_r50_00225,False
jitter,1,51_331,,51,,150.0,300,0.5,0.49076517150395776,True,CLUSTER_AWARE_CLASSICAL,train,syn_CLUSTER_AWARE_CLASSICAL_r50_00226,False
jitter,1,57_508,,57,,200.0,400,0.5,0.49076517150395776,True,CLUSTER_AWARE_CLASSICAL,train,syn_CLUSTER_AWARE_CLASSICAL_r50_00227,False
jitter,1,76_1023,,76,,1090.0,2180,0.5,0.49076517150395776,True,CLUSTER_AWARE_CLASSICAL,train,syn_CLUSTER_AWARE_CLASSICAL_r50_00228,False
jitter,1,50_309,,50,,180.0,360,0.5,0.49076517150395776,True,CLUSTER_AWARE_CLASSICAL,train,syn_CLUSTER_AWARE_CLASSICAL_r50_00229,False
jitter,1,41_157,,41,,490.0,980,0.5,0.49076517150395776,True,CLUSTER_AWARE_CLASSICAL,train,syn_CLUSTER_AWARE_CLASSICAL_r50_00230,False
jitter,1,48_244,,48,,395.0,790,0.5,0.49076517150395776,True,CLUSTER_AWARE_CLASSICAL,train,syn_CLUSTER_AWARE_CLASSICAL_r50_00231,False
jitter,1,4_11,,4,,3542.0,7084,0.5,0.49076517150395776,True,CLUSTER_AWARE_CLASSICAL,train,syn_CLUSTER_AWARE_CLASSICAL_r50_00232,False
jitter,1,72_924,,72,,155.5,311,0.5,0.49076517150395776,True,CLUSTER_AWARE_CLASSICAL,train,syn_CLUSTER_AWARE_CLASSICAL_r50_00233,False
jitter,1,10_36,,10,,855.0,1710,0.5,0.49076517150395776,True,CLUSTER_AWARE_CLASSICAL,train,syn_CLUSTER_AWARE_CLASSICAL_r50_00234,False
jitter,1,17_55,,17,,4275.0,8550,0.5,0.49076517150395776,True,CLUSTER_AWARE_CLASSICAL,train,syn_CLUSTER_AWARE_CLASSICAL_r50_00235,False
jitter,1,21_80,,21,,5315.5,10631,0.5,0.49076517150395776,True,CLUSTER_AWARE_CLASSICAL,train,syn_CLUSTER_AWARE_CLASSICAL_r50_00236,False
jitter,1,17_56,,17,,3707.0,7414,0.5,0.49076517150395776,True,CLUSTER_AWARE_CLASSICAL,train,syn_CLUSTER_AWARE_CLASSICAL_r50_00237,False
jitter,1,66_781,,66,,410.0,820,0.5,0.49076517150395776,True,CLUSTER_AWARE_CLASSICAL,train,syn_CLUSTER_AWARE_CLASSICAL_r50_00238,False
jitter,1,53_359,,53,,130.0,260,0.5,0.49076517150395776,True,CLUSTER_AWARE_CLASSICAL,train,syn_CLUSTER_AWARE_CLASSICAL_r50_00239,False
jitter,1,66_792,,66,,1088.0,2176,0.5,0.49076517150395776,True,CLUSTER_AWARE_CLASSICAL,train,syn_CLUSTER_AWARE_CLASSICAL_r50_00240,False
jitter,1,66_786,,66,,160.0,320,0.5,0.49076517150395776,True,CLUSTER_AWARE_CLASSICAL,train,syn_CLUSTER_AWARE_CLASSICAL_r50_00241,False
jitter,1,41_164,,41,,470.0,940,0.5,0.49076517150395776,True,CLUSTER_AWARE_CLASSICAL,train,syn_CLUSTER_AWARE_CLASSICAL_r50_00242,False
jitter,1,48_258,,48,,120.0,240,0.5,0.49076517150395776,True,CLUSTER_AWARE_CLASSICAL,train,syn_CLUSTER_AWARE_CLASSICAL_r50_00243,False
jitter,1,57_509,,57,,245.0,490,0.5,0.49076517150395776,True,CLUSTER_AWARE_CLASSICAL,train,syn_CLUSTER_AWARE_CLASSICAL_r50_00244,False
jitter,1,50_309,,50,,180.0,360,0.5,0.49076517150395776,True,CLUSTER_AWARE_CLASSICAL,train,syn_CLUSTER_AWARE_CLASSICAL_r50_00245,False
jitter,1,41_165,,41,,410.0,820,0.5,0.49076517150395776,True,CLUSTER_AWARE_CLASSICAL,train,syn_CLUSTER_AWARE_CLASSICAL_r50_00246,False
jitter,1,11_44,,11,,198.5,397,0.5,0.49076517150395776,True,CLUSTER_AWARE_CLASSICAL,train,syn_CLUSTER_AWARE_CLASSICAL_r50_00247,False
jitter,1,49_282,,49,,175.0,350,0.5,0.49076517150395776,True,CLUSTER_AWARE_CLASSICAL,train,syn_CLUSTER_AWARE_CLASSICAL_r50_00248,False
jitter,1,79_1060,,79,,935.0,1870,0.5,0.49076517150395776,True,CLUSTER_AWARE_CLASSICAL,train,syn_CLUSTER_AWARE_CLASSICAL_r50_00249,False
jitter,1,66_786,,66,,160.0,320,0.5,0.49076517150395776,True,CLUSTER_AWARE_CLASSICAL,train,syn_CLUSTER_AWARE_CLASSICAL_r50_00250,False
jitter,1,72_923,,72,,290.0,580,0.5,0.49076517150395776,True,CLUSTER_AWARE_CLASSICAL,train,syn_CLUSTER_AWARE_CLASSICAL_r50_00251,False
jitter,1,48_234,,48,,245.0,490,0.5,0.49076517150395776,True,CLUSTER_AWARE_CLASSICAL,train,syn_CLUSTER_AWARE_CLASSICAL_r50_00252,False
jitter,1,61_652,,61,,255.0,510,0.5,0.49076517150395776,True,CLUSTER_AWARE_CLASSICAL,train,syn_CLUSTER_AWARE_CLASSICAL_r50_00253,False
jitter,1,50_316,,50,,235.0,470,0.5,0.49076517150395776,True,CLUSTER_AWARE_CLASSICAL,train,syn_CLUSTER_AWARE_CLASSICAL_r50_00254,False
jitter,1,57_503,,57,,325.0,650,0.5,0.49076517150395776,True,CLUSTER_AWARE_CLASSICAL,train,syn_CLUSTER_AWARE_CLASSICAL_r50_00255,False
jitter,1,66_785,,66,,470.0,940,0.5,0.49076517150395776,True,CLUSTER_AWARE_CLASSICAL,train,syn_CLUSTER_AWARE_CLASSICAL_r50_00256,False
jitter,1,4_11,,4,,3542.0,7084,0.5,0.49076517150395776,True,CLUSTER_AWARE_CLASSICAL,train,syn_CLUSTER_AWARE_CLASSICAL_r50_00257,False
jitter,1,41_164,,41,,470.0,940,0.5,0.49076517150395776,True,CLUSTER_AWARE_CLASSICAL,train,syn_CLUSTER_AWARE_CLASSICAL_r50_00258,False
jitter,1,57_504,,57,,125.0,250,0.5,0.49076517150395776,True,CLUSTER_AWARE_CLASSICAL,train,syn_CLUSTER_AWARE_CLASSICAL_r50_00259,False
jitter,1,73_952,,73,,135.0,270,0.5,0.49076517150395776,True,CLUSTER_AWARE_CLASSICAL,train,syn_CLUSTER_AWARE_CLASSICAL_r50_00260,False
jitter,1,48_254,,48,,140.0,280,0.5,0.49076517150395776,True,CLUSTER_AWARE_CLASSICAL,train,syn_CLUSTER_AWARE_CLASSICAL_r50_00261,False
jitter,1,68_816,,68,,125.0,250,0.5,0.49076517150395776,True,CLUSTER_AWARE_CLASSICAL,train,syn_CLUSTER_AWARE_CLASSICAL_r50_00262,False
jitter,1,66_775,,66,,365.0,730,0.5,0.49076517150395776,True,CLUSTER_AWARE_CLASSICAL,train,syn_CLUSTER_AWARE_CLASSICAL_r50_00263,False
jitter,1,27_101,,27,,2010.5,4021,0.5,0.49076517150395776,True,CLUSTER_AWARE_CLASSICAL,train,syn_CLUSTER_AWARE_CLASSICAL_r50_00264,False
jitter,1,50_308,,50,,135.0,270,0.5,0.49076517150395776,True,CLUSTER_AWARE_CLASSICAL,train,syn_CLUSTER_AWARE_CLASSICAL_r50_00265,False
jitter,1,49_295,,49,,160.0,320,0.5,0.49076517150395776,True,CLUSTER_AWARE_CLASSICAL,train,syn_CLUSTER_AWARE_CLASSICAL_r50_00266,False
jitter,1,55_410,,55,,165.0,330,0.5,0.49076517150395776,True,CLUSTER_AWARE_CLASSICAL,train,syn_CLUSTER_AWARE_CLASSICAL_r50_00267,False
jitter,1,48_253,,48,,120.0,240,0.5,0.49076517150395776,True,CLUSTER_AWARE_CLASSICAL,train,syn_CLUSTER_AWARE_CLASSICAL_r50_00268,False
jitter,1,48_266,,48,,130.0,260,0.5,0.49076517150395776,True,CLUSTER_AWARE_CLASSICAL,train,syn_CLUSTER_AWARE_CLASSICAL_r50_00269,False
jitter,1,41_163,,41,,1700.0,3400,0.5,0.49076517150395776,True,CLUSTER_AWARE_CLASSICAL,train,syn_CLUSTER_AWARE_CLASSICAL_r50_00270,False
jitter,1,68_843,,68,,170.0,340,0.5,0.49076517150395776,True,CLUSTER_AWARE_CLASSICAL,train,syn_CLUSTER_AWARE_CLASSICAL_r50_00271,False
jitter,1,21_79,,21,,3345.0,6690,0.5,0.49076517150395776,True,CLUSTER_AWARE_CLASSICAL,train,syn_CLUSTER_AWARE_CLASSICAL_r50_00272,False
interpolation,1,41_159,72_917,41,0.2987546920776367,300.60150146484375,1050,0.5,0.49076517150395776,True,CLUSTER_AWARE_CLASSICAL,train,syn_CLUSTER_AWARE_CLASSICAL_r50_00273,False
interpolation,1,55_418,68_843,55,0.31129929423332214,159.10451963543892,270,0.5,0.49076517150395776,True,CLUSTER_AWARE_CLASSICAL,train,syn_CLUSTER_AWARE_CLASSICAL_r50_00274,False
interpolation,1,66_764,72_913,66,0.6733424663543701,302.9350686073303,730,0.5,0.49076517150395776,True,CLUSTER_AWARE_CLASSICAL,train,syn_CLUSTER_AWARE_CLASSICAL_r50_00275,False
interpolation,1,62_662,79_1043,62,0.6175097823143005,170.0,340,0.5,0.49076517150395776,True,CLUSTER_AWARE_CLASSICAL,train,syn_CLUSTER_AWARE_CLASSICAL_r50_00276,False
interpolation,1,57_509,57_508,57,0.581096351146698,226.1493358016014,490,0.5,0.49076517150395776,True,CLUSTER_AWARE_CLASSICAL,train,syn_CLUSTER_AWARE_CLASSICAL_r50_00277,False
interpolation,1,57_503,42_180,57,0.559537947177887,426.306272149086,650,0.5,0.49076517150395776,True,CLUSTER_AWARE_CLASSICAL,train,syn_CLUSTER_AWARE_CLASSICAL_r50_00278,False
interpolation,1,48_258,48_249,48,0.6534165143966675,163.32293570041656,240,0.5,0.49076517150395776,True,CLUSTER_AWARE_CLASSICAL,train,syn_CLUSTER_AWARE_CLASSICAL_r50_00279,False
interpolation,1,48_265,48_266,48,0.34153327345848083,140.24599432945251,320,0.5,0.49076517150395776,True,CLUSTER_AWARE_CLASSICAL,train,syn_CLUSTER_AWARE_CLASSICAL_r50_00280,False
interpolation,1,50_305,50_306,50,0.4766068160533905,256.9588802754879,650,0.5,0.49076517150395776,True,CLUSTER_AWARE_CLASSICAL,train,syn_CLUSTER_AWARE_CLASSICAL_r50_00281,False
interpolation,1,48_231,48_250,48,0.3652409315109253,237.6951813697815,450,0.5,0.49076517150395776,True,CLUSTER_AWARE_CLASSICAL,train,syn_CLUSTER_AWARE_CLASSICAL_r50_00282,False
interpolation,1,10_30,5_12,10,0.6890987157821655,1073.3768141269684,300,0.5,0.49076517150395776,True,CLUSTER_AWARE_CLASSICAL,train,syn_CLUSTER_AWARE_CLASSICAL_r50_00283,False
interpolation,1,61_652,48_280,61,0.34138402342796326,236.22943791747093,510,0.5,0.49076517150395776,True,CLUSTER_AWARE_CLASSICAL,train,syn_CLUSTER_AWARE_CLASSICAL_r50_00284,False
interpolation,1,57_502,49_295,57,0.5698465704917908,160.0,320,0.5,0.49076517150395776,True,CLUSTER_AWARE_CLASSICAL,train,syn_CLUSTER_AWARE_CLASSICAL_r50_00285,False
interpolation,1,80_1096,79_1060,80,0.2501688003540039,736.1158037185669,280,0.5,0.49076517150395776,True,CLUSTER_AWARE_CLASSICAL,train,syn_CLUSTER_AWARE_CLASSICAL_r50_00286,False
interpolation,1,49_301,48_272,49,0.3204139471054077,216.70555651187897,780,0.5,0.49076517150395776,True,CLUSTER_AWARE_CLASSICAL,train,syn_CLUSTER_AWARE_CLASSICAL_r50_00287,False
interpolation,1,27_92,7_25,27,0.5097228288650513,1172.8144313693047,2100,0.5,0.49076517150395776,True,CLUSTER_AWARE_CLASSICAL,train,syn_CLUSTER_AWARE_CLASSICAL_r50_00288,False
interpolation,1,50_309,48_237,50,0.39946675300598145,186.00533246994019,360,0.5,0.49076517150395776,True,CLUSTER_AWARE_CLASSICAL,train,syn_CLUSTER_AWARE_CLASSICAL_r50_00289,False
interpolation,1,41_154,41_153,41,0.36156442761421204,295.0323708355427,290,0.5,0.49076517150395776,True,CLUSTER_AWARE_CLASSICAL,train,syn_CLUSTER_AWARE_CLASSICAL_r50_00290,False
interpolation,1,63_695,79_1075,63,0.6466884613037109,505.216854095459,260,0.5,0.49076517150395776,True,CLUSTER_AWARE_CLASSICAL,train,syn_CLUSTER_AWARE_CLASSICAL_r50_00291,False
interpolation,1,57_521,48_254,57,0.6303337216377258,136.84833139181137,270,0.5,0.49076517150395776,True,CLUSTER_AWARE_CLASSICAL,train,syn_CLUSTER_AWARE_CLASSICAL_r50_00292,False
interpolation,1,7_25,16_54,7,0.551382303237915,2239.0082216262817,2601,0.5,0.49076517150395776,True,CLUSTER_AWARE_CLASSICAL,train,syn_CLUSTER_AWARE_CLASSICAL_r50_00293,False
interpolation,1,27_92,29_111,27,0.40146592259407043,1041.0220196843147,2100,0.5,0.49076517150395776,True,CLUSTER_AWARE_CLASSICAL,train,syn_CLUSTER_AWARE_CLASSICAL_r50_00294,False
interpolation,1,79_1069,48_265,79,0.7467657327651978,779.8155581951141,1980,0.5,0.49076517150395776,True,CLUSTER_AWARE_CLASSICAL,train,syn_CLUSTER_AWARE_CLASSICAL_r50_00295,False
interpolation,1,36_141,36_143,36,0.4375270903110504,1365.3113222122192,2680,0.5,0.49076517150395776,True,CLUSTER_AWARE_CLASSICAL,train,syn_CLUSTER_AWARE_CLASSICAL_r50_00296,False
interpolation,1,72_924,81_1110,72,0.40710684657096863,134.4522894769907,311,0.5,0.49076517150395776,True,CLUSTER_AWARE_CLASSICAL,train,syn_CLUSTER_AWARE_CLASSICAL_r50_00297,False
interpolation,1,36_151,36_149,36,0.6184816360473633,701.7900204658508,499,0.5,0.49076517150395776,True,CLUSTER_AWARE_CLASSICAL,train,syn_CLUSTER_AWARE_CLASSICAL_r50_00298,False
interpolation,1,50_320,42_172,50,0.5879669785499573,401.27172261476517,510,0.5,0.49076517150395776,True,CLUSTER_AWARE_CLASSICAL,train,syn_CLUSTER_AWARE_CLASSICAL_r50_00299,False
interpolation,1,63_695,66_767,63,0.37004974484443665,237.0915523171425,260,0.5,0.49076517150395776,True,CLUSTER_AWARE_CLASSICAL,train,syn_CLUSTER_AWARE_CLASSICAL_r50_00300,False
interpolation,1,81_1114,62_671,81,0.4742904007434845,175.25710135698318,340,0.5,0.49076517150395776,True,CLUSTER_AWARE_CLASSICAL,train,syn_CLUSTER_AWARE_CLASSICAL_r50_00301,False
interpolation,1,36_150,32_129,36,0.44863995909690857,492.40959867835045,450,0.5,0.49076517150395776,True,CLUSTER_AWARE_CLASSICAL,train,syn_CLUSTER_AWARE_CLASSICAL_r50_00302,False
interpolation,1,30_115,36_142,30,0.7161887884140015,1207.9408824443817,3080,0.5,0.49076517150395776,True,CLUSTER_AWARE_CLASSICAL,train,syn_CLUSTER_AWARE_CLASSICAL_r50_00303,False
interpolation,1,63_696,66_764,63,0.3407950699329376,301.9529229402542,360,0.5,0.49076517150395776,True,CLUSTER_AWARE_CLASSICAL,train,syn_CLUSTER_AWARE_CLASSICAL_r50_00304,False
interpolation,1,62_662,79_1043,62,0.42041918635368347,169.9999949336052,340,0.5,0.49076517150395776,True,CLUSTER_AWARE_CLASSICAL,train,syn_CLUSTER_AWARE_CLASSICAL_r50_00305,False
interpolation,1,49_302,48_277,49,0.5282625555992126,220.25891989469528,566,0.5,0.49076517150395776,True,CLUSTER_AWARE_CLASSICAL,train,syn_CLUSTER_AWARE_CLASSICAL_r50_00306,False
interpolation,1,36_140,36_146,36,0.6604166626930237,374.6249997615814,790,0.5,0.49076517150395776,True,CLUSTER_AWARE_CLASSICAL,train,syn_CLUSTER_AWARE_CLASSICAL_r50_00307,False
interpolation,1,41_162,42_177,41,0.39745593070983887,846.4550268650055,530,0.5,0.49076517150395776,True,CLUSTER_AWARE_CLASSICAL,train,syn_CLUSTER_AWARE_CLASSICAL_r50_00308,False
interpolation,1,70_880,70_866,70,0.7475861310958862,186.26206934452057,370,0.5,0.49076517150395776,True,CLUSTER_AWARE_CLASSICAL,train,syn_CLUSTER_AWARE_CLASSICAL_r50_00309,False
interpolation,1,63_687,57_509,63,0.7276288866996765,310.4865998029709,670,0.5,0.49076517150395776,True,CLUSTER_AWARE_CLASSICAL,train,syn_CLUSTER_AWARE_CLASSICAL_r50_00310,False
interpolation,1,27_89,29_112,27,0.7491334676742554,1149.7227096557617,2460,0.5,0.49076517150395776,True,CLUSTER_AWARE_CLASSICAL,train,syn_CLUSTER_AWARE_CLASSICAL_r50_00311,False
interpolation,1,55_418,57_497,55,0.36589959263801575,169.8755280673504,270,0.5,0.49076517150395776,True,CLUSTER_AWARE_CLASSICAL,train,syn_CLUSTER_AWARE_CLASSICAL_r50_00312,False
interpolation,1,48_243,48_238,48,0.7401747107505798,159.2903909087181,290,0.5,0.49076517150395776,True,CLUSTER_AWARE_CLASSICAL,train,syn_CLUSTER_AWARE_CLASSICAL_r50_00313,False
interpolation,1,32_136,30_118,32,0.5148178935050964,1520.0889751315117,1900,0.5,0.49076517150395776,True,CLUSTER_AWARE_CLASSICAL,train,syn_CLUSTER_AWARE_CLASSICAL_r50_00314,False
interpolation,1,7_25,10_37,7,0.274889200925827,520.6433288902044,2601,0.5,0.49076517150395776,True,CLUSTER_AWARE_CLASSICAL,train,syn_CLUSTER_AWARE_CLASSICAL_r50_00315,False
interpolation,1,70_866,73_953,70,0.47435638308525085,711.9640763401985,380,0.5,0.49076517150395776,True,CLUSTER_AWARE_CLASSICAL,train,syn_CLUSTER_AWARE_CLASSICAL_r50_00316,False
interpolation,1,48_251,48_253,48,0.5276546478271484,222.89265632629395,630,0.5,0.49076517150395776,True,CLUSTER_AWARE_CLASSICAL,train,syn_CLUSTER_AWARE_CLASSICAL_r50_00317,False
interpolation,1,29_107,41_167,29,0.6525819301605225,1034.1079938411713,2030,0.5,0.49076517150395776,True,CLUSTER_AWARE_CLASSICAL,train,syn_CLUSTER_AWARE_CLASSICAL_r50_00318,False
interpolation,1,57_512,48_236,57,0.5124478340148926,252.6867175102234,520,0.5,0.49076517150395776,True,CLUSTER_AWARE_CLASSICAL,train,syn_CLUSTER_AWARE_CLASSICAL_r50_00319,False
interpolation,1,53_359,50_319,53,0.30537644028663635,157.78494745492935,260,0.5,0.49076517150395776,True,CLUSTER_AWARE_CLASSICAL,train,syn_CLUSTER_AWARE_CLASSICAL_r50_00320,False
interpolation,1,48_275,48_274,48,0.4038875699043274,195.5831354856491,570,0.5,0.49076517150395776,True,CLUSTER_AWARE_CLASSICAL,train,syn_CLUSTER_AWARE_CLASSICAL_r50_00321,False
interpolation,1,53_359,49_297,53,0.30986183881759644,157.60552644729614,260,0.5,0.49076517150395776,True,CLUSTER_AWARE_CLASSICAL,train,syn_CLUSTER_AWARE_CLASSICAL_r50_00322,False
interpolation,1,78_1036,79_1060,78,0.2907520532608032,935.0,1870,0.5,0.49076517150395776,True,CLUSTER_AWARE_CLASSICAL,train,syn_CLUSTER_AWARE_CLASSICAL_r50_00323,False
interpolation,1,42_170,42_169,42,0.5444164276123047,528.8387966156006,880,0.5,0.49076517150395776,True,CLUSTER_AWARE_CLASSICAL,train,syn_CLUSTER_AWARE_CLASSICAL_r50_00324,False
interpolation,1,61_640,63_697,61,0.45418277382850647,246.35457634925842,520,0.5,0.49076517150395776,True,CLUSTER_AWARE_CLASSICAL,train,syn_CLUSTER_AWARE_CLASSICAL_r50_00325,False
interpolation,1,49_284,50_308,49,0.574420690536499,169.46524143218994,390,0.5,0.49076517150395776,True,CLUSTER_AWARE_CLASSICAL,train,syn_CLUSTER_AWARE_CLASSICAL_r50_00326,False
interpolation,1,29_111,29_114,29,0.6800175905227661,852.2900441884995,2070,0.5,0.49076517150395776,True,CLUSTER_AWARE_CLASSICAL,train,syn_CLUSTER_AWARE_CLASSICAL_r50_00327,False
interpolation,1,63_684,72_908,63,0.39326292276382446,125.0,250,0.5,0.49076517150395776,True,CLUSTER_AWARE_CLASSICAL,train,syn_CLUSTER_AWARE_CLASSICAL_r50_00328,False
interpolation,1,66_781,4_10,66,0.42948344349861145,1006.1898449063301,820,0.5,0.49076517150395776,True,CLUSTER_AWARE_CLASSICAL,train,syn_CLUSTER_AWARE_CLASSICAL_r50_00329,False
interpolation,1,48_242,49_294,48,0.7424827218055725,257.2744816541672,530,0.5,0.49076517150395776,True,CLUSTER_AWARE_CLASSICAL,train,syn_CLUSTER_AWARE_CLASSICAL_r50_00330,False
interpolation,1,49_287,50_309,49,0.7408028841018677,180.0,360,0.5,0.49076517150395776,True,CLUSTER_AWARE_CLASSICAL,train,syn_CLUSTER_AWARE_CLASSICAL_r50_00331,False
interpolation,1,32_130,21_79,32,0.7493570446968079,2269.6726408600807,3820,0.5,0.49076517150395776,True,CLUSTER_AWARE_CLASSICAL,train,syn_CLUSTER_AWARE_CLASSICAL_r50_00332,False
interpolation,1,8_27,5_13,8,0.45889532566070557,4377.022000610828,8997,0.5,0.49076517150395776,True,CLUSTER_AWARE_CLASSICAL,train,syn_CLUSTER_AWARE_CLASSICAL_r50_00333,False
interpolation,1,42_172,42_168,42,0.26164543628692627,646.9177281856537,1220,0.5,0.49076517150395776,True,CLUSTER_AWARE_CLASSICAL,train,syn_CLUSTER_AWARE_CLASSICAL_r50_00334,False
interpolation,1,36_144,36_140,36,0.6821485757827759,357.4818283319473,680,0.5,0.49076517150395776,True,CLUSTER_AWARE_CLASSICAL,train,syn_CLUSTER_AWARE_CLASSICAL_r50_00335,False
interpolation,1,42_169,57_509,42,0.3138631582260132,367.40663170814514,1270,0.5,0.49076517150395776,True,CLUSTER_AWARE_CLASSICAL,train,syn_CLUSTER_AWARE_CLASSICAL_r50_00336,False
interpolation,1,49_281,49_282,49,0.7169983983039856,153.49004805088043,290,0.5,0.49076517150395776,True,CLUSTER_AWARE_CLASSICAL,train,syn_CLUSTER_AWARE_CLASSICAL_r50_00337,False
interpolation,1,48_239,48_242,48,0.7450434565544128,417.73390859365463,940,0.5,0.49076517150395776,True,CLUSTER_AWARE_CLASSICAL,train,syn_CLUSTER_AWARE_CLASSICAL_r50_00338,False
interpolation,1,27_88,30_116,27,0.5754891037940979,1348.285351395607,1890,0.5,0.49076517150395776,True,CLUSTER_AWARE_CLASSICAL,train,syn_CLUSTER_AWARE_CLASSICAL_r50_00339,False
interpolation,1,27_101,29_114,27,0.3025248348712921,931.8546709567308,4021,0.5,0.49076517150395776,True,CLUSTER_AWARE_CLASSICAL,train,syn_CLUSTER_AWARE_CLASSICAL_r50_00340,False
interpolation,1,76_1014,61_647,76,0.6479267477989197,1370.2531078457832,2230,0.5,0.49076517150395776,True,CLUSTER_AWARE_CLASSICAL,train,syn_CLUSTER_AWARE_CLASSICAL_r50_00341,False
interpolation,1,48_265,48_264,48,0.606419026851654,232.812480032444,320,0.5,0.49076517150395776,True,CLUSTER_AWARE_CLASSICAL,train,syn_CLUSTER_AWARE_CLASSICAL_r50_00342,False
interpolation,1,48_250,50_308,48,0.7314320802688599,215.45752882957458,490,0.5,0.49076517150395776,True,CLUSTER_AWARE_CLASSICAL,train,syn_CLUSTER_AWARE_CLASSICAL_r50_00343,False
interpolation,1,27_98,50_319,27,0.5256741046905518,945.3693044185638,3290,0.5,0.49076517150395776,True,CLUSTER_AWARE_CLASSICAL,train,syn_CLUSTER_AWARE_CLASSICAL_r50_00344,False
interpolation,1,27_91,29_107,27,0.6028895378112793,1159.693489074707,2510,0.5,0.49076517150395776,True,CLUSTER_AWARE_CLASSICAL,train,syn_CLUSTER_AWARE_CLASSICAL_r50_00345,False
interpolation,1,80_1103,76_1010,80,0.6381190419197083,1162.989095568657,2284,0.5,0.49076517150395776,True,CLUSTER_AWARE_CLASSICAL,train,syn_CLUSTER_AWARE_CLASSICAL_r50_00346,False
interpolation,1,4_11,70_886,4,0.4331490397453308,2692.573836058378,7084,0.5,0.49076517150395776,True,CLUSTER_AWARE_CLASSICAL,train,syn_CLUSTER_AWARE_CLASSICAL_r50_00347,False
interpolation,1,27_101,70_886,27,0.6261480450630188,2022.8371145129204,4021,0.5,0.49076517150395776,True,CLUSTER_AWARE_CLASSICAL,train,syn_CLUSTER_AWARE_CLASSICAL_r50_00348,False
interpolation,1,57_523,57_522,57,0.3920958638191223,321.9604793190956,650,0.5,0.49076517150395776,True,CLUSTER_AWARE_CLASSICAL,train,syn_CLUSTER_AWARE_CLASSICAL_r50_00349,False
interpolation,1,72_911,66_764,72,0.6525253057479858,254.0706980228424,390,0.5,0.49076517150395776,True,CLUSTER_AWARE_CLASSICAL,train,syn_CLUSTER_AWARE_CLASSICAL_r50_00350,False
interpolation,1,36_142,29_102,36,0.451637327671051,468.7052810192108,740,0.5,0.49076517150395776,True,CLUSTER_AWARE_CLASSICAL,train,syn_CLUSTER_AWARE_CLASSICAL_r50_00351,False
interpolation,1,48_259,48_258,48,0.5817087888717651,149.08543944358826,340,0.5,0.49076517150395776,True,CLUSTER_AWARE_CLASSICAL,train,syn_CLUSTER_AWARE_CLASSICAL_r50_00352,False
interpolation,1,29_104,32_130,29,0.2887634038925171,1637.1185833215714,1930,0.5,0.49076517150395776,True,CLUSTER_AWARE_CLASSICAL,train,syn_CLUSTER_AWARE_CLASSICAL_r50_00353,False
interpolation,1,48_231,48_232,48,0.5121361017227173,227.4393194913864,450,0.5,0.49076517150395776,True,CLUSTER_AWARE_CLASSICAL,train,syn_CLUSTER_AWARE_CLASSICAL_r50_00354,False
interpolation,1,48_242,48_239,48,0.6195383071899414,342.994647026062,530,0.5,0.49076517150395776,True,CLUSTER_AWARE_CLASSICAL,train,syn_CLUSTER_AWARE_CLASSICAL_r50_00355,False
interpolation,1,66_765,63_698,66,0.4035928547382355,233.79881250858307,600,0.5,0.49076517150395776,True,CLUSTER_AWARE_CLASSICAL,train,syn_CLUSTER_AWARE_CLASSICAL_r50_00356,False
interpolation,1,36_138,36_140,36,0.38737842440605164,402.7475567162037,830,0.5,0.49076517150395776,True,CLUSTER_AWARE_CLASSICAL,train,syn_CLUSTER_AWARE_CLASSICAL_r50_00357,False
interpolation,1,66_786,48_252,66,0.5736044049263,155.736044049263,320,0.5,0.49076517150395776,True,CLUSTER_AWARE_CLASSICAL,train,syn_CLUSTER_AWARE_CLASSICAL_r50_00358,False
interpolation,1,48_247,48_269,48,0.6935369372367859,268.3043333888054,650,0.5,0.49076517150395776,True,CLUSTER_AWARE_CLASSICAL,train,syn_CLUSTER_AWARE_CLASSICAL_r50_00359,False
interpolation,1,31_127,24_84,31,0.7157269716262817,1341.791472196579,1277,0.5,0.49076517150395776,True,CLUSTER_AWARE_CLASSICAL,train,syn_CLUSTER_AWARE_CLASSICAL_r50_00360,False
interpolation,1,57_516,48_256,57,0.4390086531639099,148.0495673418045,240,0.5,0.49076517150395776,True,CLUSTER_AWARE_CLASSICAL,train,syn_CLUSTER_AWARE_CLASSICAL_r50_00361,False
interpolation,1,36_147,36_143,36,0.5476259589195251,1395.9525191783905,2810,0.5,0.49076517150395776,True,CLUSTER_AWARE_CLASSICAL,train,syn_CLUSTER_AWARE_CLASSICAL_r50_00362,False
interpolation,1,50_323,50_325,50,0.6752904057502747,276.2935608625412,650,0.5,0.49076517150395776,True,CLUSTER_AWARE_CLASSICAL,train,syn_CLUSTER_AWARE_CLASSICAL_r50_00363,False
interpolation,1,50_305,66_779,50,0.5866600275039673,289.8661023378372,650,0.5,0.49076517150395776,True,CLUSTER_AWARE_CLASSICAL,train,syn_CLUSTER_AWARE_CLASSICAL_r50_00364,False
interpolation,1,79_1046,57_508,79,0.30619001388549805,210.71665048599243,470,0.5,0.49076517150395776,True,CLUSTER_AWARE_CLASSICAL,train,syn_CLUSTER_AWARE_CLASSICAL_r50_00365,False
jitter,0,46_226,,46,,125.0,250,1.0,1.0169014084507042,True,CLUSTER_AWARE_CLASSICAL,train,syn_CLUSTER_AWARE_CLASSICAL_r100_00000,False
jitter,0,47_228,,47,,455.0,910,1.0,1.0169014084507042,True,CLUSTER_AWARE_CLASSICAL,train,syn_CLUSTER_AWARE_CLASSICAL_r100_00001,False
jitter,0,68_840,,68,,175.0,350,1.0,1.0169014084507042,True,CLUSTER_AWARE_CLASSICAL,train,syn_CLUSTER_AWARE_CLASSICAL_r100_00002,False
jitter,0,53_357,,53,,150.0,300,1.0,1.0169014084507042,True,CLUSTER_AWARE_CLASSICAL,train,syn_CLUSTER_AWARE_CLASSICAL_r100_00003,False
jitter,0,66_782,,66,,120.0,240,1.0,1.0169014084507042,True,CLUSTER_AWARE_CLASSICAL,train,syn_CLUSTER_AWARE_CLASSICAL_r100_00004,False
jitter,0,73_940,,73,,205.0,410,1.0,1.0169014084507042,True,CLUSTER_AWARE_CLASSICAL,train,syn_CLUSTER_AWARE_CLASSICAL_r100_00005,False
jitter,0,73_943,,73,,445.0,890,1.0,1.0169014084507042,True,CLUSTER_AWARE_CLASSICAL,train,syn_CLUSTER_AWARE_CLASSICAL_r100_00006,False
jitter,0,80_1099,,80,,130.0,260,1.0,1.0169014084507042,True,CLUSTER_AWARE_CLASSICAL,train,syn_CLUSTER_AWARE_CLASSICAL_r100_00007,False
jitter,0,53_378,,53,,1340.0,2680,1.0,1.0169014084507042,True,CLUSTER_AWARE_CLASSICAL,train,syn_CLUSTER_AWARE_CLASSICAL_r100_00008,False
jitter,0,76_1009,,76,,195.0,390,1.0,1.0169014084507042,True,CLUSTER_AWARE_CLASSICAL,train,syn_CLUSTER_AWARE_CLASSICAL_r100_00009,False
jitter,0,66_777,,66,,395.0,790,1.0,1.0169014084507042,True,CLUSTER_AWARE_CLASSICAL,train,syn_CLUSTER_AWARE_CLASSICAL_r100_00010,False
jitter,0,80_1078,,80,,160.0,320,1.0,1.0169014084507042,True,CLUSTER_AWARE_CLASSICAL,train,syn_CLUSTER_AWARE_CLASSICAL_r100_00011,False
jitter,0,53_351,,53,,300.0,600,1.0,1.0169014084507042,True,CLUSTER_AWARE_CLASSICAL,train,syn_CLUSTER_AWARE_CLASSICAL_r100_00012,False
jitter,0,55_422,,55,,318.5,637,1.0,1.0169014084507042,True,CLUSTER_AWARE_CLASSICAL,train,syn_CLUSTER_AWARE_CLASSICAL_r100_00013,False
jitter,0,47_228,,47,,455.0,910,1.0,1.0169014084507042,True,CLUSTER_AWARE_CLASSICAL,train,syn_CLUSTER_AWARE_CLASSICAL_r100_00014,False
jitter,0,60_628,,60,,165.0,330,1.0,1.0169014084507042,True,CLUSTER_AWARE_CLASSICAL,train,syn_CLUSTER_AWARE_CLASSICAL_r100_00015,False
jitter,0,55_412,,55,,270.0,540,1.0,1.0169014084507042,True,CLUSTER_AWARE_CLASSICAL,train,syn_CLUSTER_AWARE_CLASSICAL_r100_00016,False
jitter,0,62_670,,62,,140.0,280,1.0,1.0169014084507042,True,CLUSTER_AWARE_CLASSICAL,train,syn_CLUSTER_AWARE_CLASSICAL_r100_00017,False
jitter,0,62_661,,62,,130.0,260,1.0,1.0169014084507042,True,CLUSTER_AWARE_CLASSICAL,train,syn_CLUSTER_AWARE_CLASSICAL_r100_00018,False
jitter,0,68_811,,68,,370.0,740,1.0,1.0169014084507042,True,CLUSTER_AWARE_CLASSICAL,train,syn_CLUSTER_AWARE_CLASSICAL_r100_00019,False
jitter,0,72_919,,72,,835.0,1670,1.0,1.0169014084507042,True,CLUSTER_AWARE_CLASSICAL,train,syn_CLUSTER_AWARE_CLASSICAL_r100_00020,False
jitter,0,70_872,,70,,680.0,1360,1.0,1.0169014084507042,True,CLUSTER_AWARE_CLASSICAL,train,syn_CLUSTER_AWARE_CLASSICAL_r100_00021,False
jitter,0,53_346,,53,,135.0,270,1.0,1.0169014084507042,True,CLUSTER_AWARE_CLASSICAL,train,syn_CLUSTER_AWARE_CLASSICAL_r100_00022,False
jitter,0,78_1028,,78,,355.0,710,1.0,1.0169014084507042,True,CLUSTER_AWARE_CLASSICAL,train,syn_CLUSTER_AWARE_CLASSICAL_r100_00023,False
jitter,0,62_660,,62,,555.0,1110,1.0,1.0169014084507042,True,CLUSTER_AWARE_CLASSICAL,train,syn_CLUSTER_AWARE_CLASSICAL_r100_00024,False
jitter,0,55_421,,55,,845.0,1690,1.0,1.0169014084507042,True,CLUSTER_AWARE_CLASSICAL,train,syn_CLUSTER_AWARE_CLASSICAL_r100_00025,False
jitter,0,61_655,,61,,135.0,270,1.0,1.0169014084507042,True,CLUSTER_AWARE_CLASSICAL,train,syn_CLUSTER_AWARE_CLASSICAL_r100_00026,False
jitter,0,73_930,,73,,150.0,300,1.0,1.0169014084507042,True,CLUSTER_AWARE_CLASSICAL,train,syn_CLUSTER_AWARE_CLASSICAL_r100_00027,False
jitter,0,64_704,,64,,285.0,570,1.0,1.0169014084507042,True,CLUSTER_AWARE_CLASSICAL,train,syn_CLUSTER_AWARE_CLASSICAL_r100_00028,False
jitter,0,74_982,,74,,190.0,380,1.0,1.0169014084507042,True,CLUSTER_AWARE_CLASSICAL,train,syn_CLUSTER_AWARE_CLASSICAL_r100_00029,False
jitter,0,66_761,,66,,120.0,240,1.0,1.0169014084507042,True,CLUSTER_AWARE_CLASSICAL,train,syn_CLUSTER_AWARE_CLASSICAL_r100_00030,False
jitter,0,61_636,,61,,160.0,320,1.0,1.0169014084507042,True,CLUSTER_AWARE_CLASSICAL,train,syn_CLUSTER_AWARE_CLASSICAL_r100_00031,False
jitter,0,68_833,,68,,120.0,240,1.0,1.0169014084507042,True,CLUSTER_AWARE_CLASSICAL,train,syn_CLUSTER_AWARE_CLASSICAL_r100_00032,False
jitter,0,79_1042,,79,,130.0,260,1.0,1.0169014084507042,True,CLUSTER_AWARE_CLASSICAL,train,syn_CLUSTER_AWARE_CLASSICAL_r100_00033,False
jitter,0,78_1037,,78,,210.0,420,1.0,1.0169014084507042,True,CLUSTER_AWARE_CLASSICAL,train,syn_CLUSTER_AWARE_CLASSICAL_r100_00034,False
jitter,0,52_344,,52,,300.0,600,1.0,1.0169014084507042,True,CLUSTER_AWARE_CLASSICAL,train,syn_CLUSTER_AWARE_CLASSICAL_r100_00035,False
jitter,0,80_1095,,80,,170.0,340,1.0,1.0169014084507042,True,CLUSTER_AWARE_CLASSICAL,train,syn_CLUSTER_AWARE_CLASSICAL_r100_00036,False
jitter,0,55_406,,55,,240.0,480,1.0,1.0169014084507042,True,CLUSTER_AWARE_CLASSICAL,train,syn_CLUSTER_AWARE_CLASSICAL_r100_00037,False
jitter,0,79_1054,,79,,410.0,820,1.0,1.0169014084507042,True,CLUSTER_AWARE_CLASSICAL,train,syn_CLUSTER_AWARE_CLASSICAL_r100_00038,False
jitter,0,72_921,,72,,795.0,1590,1.0,1.0169014084507042,True,CLUSTER_AWARE_CLASSICAL,train,syn_CLUSTER_AWARE_CLASSICAL_r100_00039,False
jitter,0,53_357,,53,,150.0,300,1.0,1.0169014084507042,True,CLUSTER_AWARE_CLASSICAL,train,syn_CLUSTER_AWARE_CLASSICAL_r100_00040,False
jitter,0,76_1008,,76,,145.0,290,1.0,1.0169014084507042,True,CLUSTER_AWARE_CLASSICAL,train,syn_CLUSTER_AWARE_CLASSICAL_r100_00041,False
jitter,0,74_970,,74,,845.0,1690,1.0,1.0169014084507042,True,CLUSTER_AWARE_CLASSICAL,train,syn_CLUSTER_AWARE_CLASSICAL_r100_00042,False
jitter,0,78_1034,,78,,350.0,700,1.0,1.0169014084507042,True,CLUSTER_AWARE_CLASSICAL,train,syn_CLUSTER_AWARE_CLASSICAL_r100_00043,False
jitter,0,64_702,,64,,205.0,410,1.0,1.0169014084507042,True,CLUSTER_AWARE_CLASSICAL,train,syn_CLUSTER_AWARE_CLASSICAL_r100_00044,False
jitter,0,51_335,,51,,205.0,410,1.0,1.0169014084507042,True,CLUSTER_AWARE_CLASSICAL,train,syn_CLUSTER_AWARE_CLASSICAL_r100_00045,False
jitter,0,74_966,,74,,185.0,370,1.0,1.0169014084507042,True,CLUSTER_AWARE_CLASSICAL,train,syn_CLUSTER_AWARE_CLASSICAL_r100_00046,False
jitter,0,79_1051,,79,,205.0,410,1.0,1.0169014084507042,True,CLUSTER_AWARE_CLASSICAL,train,syn_CLUSTER_AWARE_CLASSICAL_r100_00047,False
jitter,0,80_1087,,80,,125.0,250,1.0,1.0169014084507042,True,CLUSTER_AWARE_CLASSICAL,train,syn_CLUSTER_AWARE_CLASSICAL_r100_00048,False
jitter,0,80_1090,,80,,335.0,670,1.0,1.0169014084507042,True,CLUSTER_AWARE_CLASSICAL,train,syn_CLUSTER_AWARE_CLASSICAL_r100_00049,False
jitter,0,61_655,,61,,135.0,270,1.0,1.0169014084507042,True,CLUSTER_AWARE_CLASSICAL,train,syn_CLUSTER_AWARE_CLASSICAL_r100_00050,False
jitter,0,78_1037,,78,,210.0,420,1.0,1.0169014084507042,True,CLUSTER_AWARE_CLASSICAL,train,syn_CLUSTER_AWARE_CLASSICAL_r100_00051,False
jitter,0,63_680,,63,,285.0,570,1.0,1.0169014084507042,True,CLUSTER_AWARE_CLASSICAL,train,syn_CLUSTER_AWARE_CLASSICAL_r100_00052,False
jitter,0,74_965,,74,,390.0,780,1.0,1.0169014084507042,True,CLUSTER_AWARE_CLASSICAL,train,syn_CLUSTER_AWARE_CLASSICAL_r100_00053,False
jitter,0,55_419,,55,,310.0,620,1.0,1.0169014084507042,True,CLUSTER_AWARE_CLASSICAL,train,syn_CLUSTER_AWARE_CLASSICAL_r100_00054,False
jitter,0,80_1080,,80,,335.0,670,1.0,1.0169014084507042,True,CLUSTER_AWARE_CLASSICAL,train,syn_CLUSTER_AWARE_CLASSICAL_r100_00055,False
jitter,0,73_940,,73,,205.0,410,1.0,1.0169014084507042,True,CLUSTER_AWARE_CLASSICAL,train,syn_CLUSTER_AWARE_CLASSICAL_r100_00056,False
jitter,0,79_1055,,79,,285.0,570,1.0,1.0169014084507042,True,CLUSTER_AWARE_CLASSICAL,train,syn_CLUSTER_AWARE_CLASSICAL_r100_00057,False
jitter,0,68_810,,68,,120.0,240,1.0,1.0169014084507042,True,CLUSTER_AWARE_CLASSICAL,train,syn_CLUSTER_AWARE_CLASSICAL_r100_00058,False
jitter,0,68_841,,68,,605.0,1210,1.0,1.0169014084507042,True,CLUSTER_AWARE_CLASSICAL,train,syn_CLUSTER_AWARE_CLASSICAL_r100_00059,False
jitter,0,46_224,,46,,455.0,910,1.0,1.0169014084507042,True,CLUSTER_AWARE_CLASSICAL,train,syn_CLUSTER_AWARE_CLASSICAL_r100_00060,False
jitter,0,74_983,,74,,155.0,310,1.0,1.0169014084507042,True,CLUSTER_AWARE_CLASSICAL,train,syn_CLUSTER_AWARE_CLASSICAL_r100_00061,False
jitter,0,66_776,,66,,135.0,270,1.0,1.0169014084507042,True,CLUSTER_AWARE_CLASSICAL,train,syn_CLUSTER_AWARE_CLASSICAL_r100_00062,False
jitter,0,53_353,,53,,430.0,860,1.0,1.0169014084507042,True,CLUSTER_AWARE_CLASSICAL,train,syn_CLUSTER_AWARE_CLASSICAL_r100_00063,False
jitter,0,61_646,,61,,360.0,720,1.0,1.0169014084507042,True,CLUSTER_AWARE_CLASSICAL,train,syn_CLUSTER_AWARE_CLASSICAL_r100_00064,False
jitter,0,79_1047,,79,,570.0,1140,1.0,1.0169014084507042,True,CLUSTER_AWARE_CLASSICAL,train,syn_CLUSTER_AWARE_CLASSICAL_r100_00065,False
jitter,0,61_657,,61,,300.0,600,1.0,1.0169014084507042,True,CLUSTER_AWARE_CLASSICAL,train,syn_CLUSTER_AWARE_CLASSICAL_r100_00066,False
jitter,0,68_838,,68,,230.0,460,1.0,1.0169014084507042,True,CLUSTER_AWARE_CLASSICAL,train,syn_CLUSTER_AWARE_CLASSICAL_r100_00067,False
jitter,0,66_773,,66,,270.0,540,1.0,1.0169014084507042,True,CLUSTER_AWARE_CLASSICAL,train,syn_CLUSTER_AWARE_CLASSICAL_r100_00068,False
jitter,0,62_661,,62,,130.0,260,1.0,1.0169014084507042,True,CLUSTER_AWARE_CLASSICAL,train,syn_CLUSTER_AWARE_CLASSICAL_r100_00069,False
jitter,0,51_332,,51,,320.0,640,1.0,1.0169014084507042,True,CLUSTER_AWARE_CLASSICAL,train,syn_CLUSTER_AWARE_CLASSICAL_r100_00070,False
jitter,0,53_381,,53,,165.0,330,1.0,1.0169014084507042,True,CLUSTER_AWARE_CLASSICAL,train,syn_CLUSTER_AWARE_CLASSICAL_r100_00071,False
jitter,0,51_330,,51,,185.0,370,1.0,1.0169014084507042,True,CLUSTER_AWARE_CLASSICAL,train,syn_CLUSTER_AWARE_CLASSICAL_r100_00072,False
jitter,0,81_1108,,81,,450.0,900,1.0,1.0169014084507042,True,CLUSTER_AWARE_CLASSICAL,train,syn_CLUSTER_AWARE_CLASSICAL_r100_00073,False
jitter,0,76_1003,,76,,205.0,410,1.0,1.0169014084507042,True,CLUSTER_AWARE_CLASSICAL,train,syn_CLUSTER_AWARE_CLASSICAL_r100_00074,False
jitter,0,53_375,,53,,365.0,730,1.0,1.0169014084507042,True,CLUSTER_AWARE_CLASSICAL,train,syn_CLUSTER_AWARE_CLASSICAL_r100_00075,False
jitter,0,73_948,,73,,405.0,810,1.0,1.0169014084507042,True,CLUSTER_AWARE_CLASSICAL,train,syn_CLUSTER_AWARE_CLASSICAL_r100_00076,False
jitter,0,80_1087,,80,,125.0,250,1.0,1.0169014084507042,True,CLUSTER_AWARE_CLASSICAL,train,syn_CLUSTER_AWARE_CLASSICAL_r100_00077,False
jitter,0,61_649,,61,,160.0,320,1.0,1.0169014084507042,True,CLUSTER_AWARE_CLASSICAL,train,syn_CLUSTER_AWARE_CLASSICAL_r100_00078,False
jitter,0,73_935,,73,,180.0,360,1.0,1.0169014084507042,True,CLUSTER_AWARE_CLASSICAL,train,syn_CLUSTER_AWARE_CLASSICAL_r100_00079,False
jitter,0,76_1011,,76,,320.0,640,1.0,1.0169014084507042,True,CLUSTER_AWARE_CLASSICAL,train,syn_CLUSTER_AWARE_CLASSICAL_r100_00080,False
jitter,0,55_413,,55,,215.0,430,1.0,1.0169014084507042,True,CLUSTER_AWARE_CLASSICAL,train,syn_CLUSTER_AWARE_CLASSICAL_r100_00081,False
jitter,0,55_406,,55,,240.0,480,1.0,1.0169014084507042,True,CLUSTER_AWARE_CLASSICAL,train,syn_CLUSTER_AWARE_CLASSICAL_r100_00082,False
jitter,0,52_338,,52,,135.0,270,1.0,1.0169014084507042,True,CLUSTER_AWARE_CLASSICAL,train,syn_CLUSTER_AWARE_CLASSICAL_r100_00083,False
jitter,0,68_828,,68,,360.0,720,1.0,1.0169014084507042,True,CLUSTER_AWARE_CLASSICAL,train,syn_CLUSTER_AWARE_CLASSICAL_r100_00084,False
jitter,0,76_1006,,76,,195.0,390,1.0,1.0169014084507042,True,CLUSTER_AWARE_CLASSICAL,train,syn_CLUSTER_AWARE_CLASSICAL_r100_00085,False
jitter,0,70_871,,70,,120.0,240,1.0,1.0169014084507042,True,CLUSTER_AWARE_CLASSICAL,train,syn_CLUSTER_AWARE_CLASSICAL_r100_00086,False
jitter,0,61_643,,61,,135.0,270,1.0,1.0169014084507042,True,CLUSTER_AWARE_CLASSICAL,train,syn_CLUSTER_AWARE_CLASSICAL_r100_00087,False
jitter,0,74_971,,74,,380.0,760,1.0,1.0169014084507042,True,CLUSTER_AWARE_CLASSICAL,train,syn_CLUSTER_AWARE_CLASSICAL_r100_00088,False
jitter,0,68_830,,68,,350.0,700,1.0,1.0169014084507042,True,CLUSTER_AWARE_CLASSICAL,train,syn_CLUSTER_AWARE_CLASSICAL_r100_00089,False
jitter,0,80_1095,,80,,170.0,340,1.0,1.0169014084507042,True,CLUSTER_AWARE_CLASSICAL,train,syn_CLUSTER_AWARE_CLASSICAL_r100_00090,False
jitter,0,74_979,,74,,375.0,750,1.0,1.0169014084507042,True,CLUSTER_AWARE_CLASSICAL,train,syn_CLUSTER_AWARE_CLASSICAL_r100_00091,False
jitter,0,53_383,,53,,405.0,810,1.0,1.0169014084507042,True,CLUSTER_AWARE_CLASSICAL,train,syn_CLUSTER_AWARE_CLASSICAL_r100_00092,False
jitter,0,55_408,,55,,230.0,460,1.0,1.0169014084507042,True,CLUSTER_AWARE_CLASSICAL,train,syn_CLUSTER_AWARE_CLASSICAL_r100_00093,False
jitter,0,68_833,,68,,120.0,240,1.0,1.0169014084507042,True,CLUSTER_AWARE_CLASSICAL,train,syn_CLUSTER_AWARE_CLASSICAL_r100_00094,False
jitter,0,55_406,,55,,240.0,480,1.0,1.0169014084507042,True,CLUSTER_AWARE_CLASSICAL,train,syn_CLUSTER_AWARE_CLASSICAL_r100_00095,False
jitter,0,63_681,,63,,165.0,330,1.0,1.0169014084507042,True,CLUSTER_AWARE_CLASSICAL,train,syn_CLUSTER_AWARE_CLASSICAL_r100_00096,False
jitter,0,68_837,,68,,405.0,810,1.0,1.0169014084507042,True,CLUSTER_AWARE_CLASSICAL,train,syn_CLUSTER_AWARE_CLASSICAL_r100_00097,False
jitter,0,53_369,,53,,275.0,550,1.0,1.0169014084507042,True,CLUSTER_AWARE_CLASSICAL,train,syn_CLUSTER_AWARE_CLASSICAL_r100_00098,False
jitter,0,60_623,,60,,130.0,260,1.0,1.0169014084507042,True,CLUSTER_AWARE_CLASSICAL,train,syn_CLUSTER_AWARE_CLASSICAL_r100_00099,False
jitter,0,53_382,,53,,205.0,410,1.0,1.0169014084507042,True,CLUSTER_AWARE_CLASSICAL,train,syn_CLUSTER_AWARE_CLASSICAL_r100_00100,False
jitter,0,79_1058,,79,,130.0,260,1.0,1.0169014084507042,True,CLUSTER_AWARE_CLASSICAL,train,syn_CLUSTER_AWARE_CLASSICAL_r100_00101,False
jitter,0,76_1009,,76,,195.0,390,1.0,1.0169014084507042,True,CLUSTER_AWARE_CLASSICAL,train,syn_CLUSTER_AWARE_CLASSICAL_r100_00102,False
jitter,0,62_669,,62,,220.0,440,1.0,1.0169014084507042,True,CLUSTER_AWARE_CLASSICAL,train,syn_CLUSTER_AWARE_CLASSICAL_r100_00103,False
jitter,0,76_1021,,76,,505.0,1010,1.0,1.0169014084507042,True,CLUSTER_AWARE_CLASSICAL,train,syn_CLUSTER_AWARE_CLASSICAL_r100_00104,False
jitter,0,72_918,,72,,285.0,570,1.0,1.0169014084507042,True,CLUSTER_AWARE_CLASSICAL,train,syn_CLUSTER_AWARE_CLASSICAL_r100_00105,False
jitter,0,53_383,,53,,405.0,810,1.0,1.0169014084507042,True,CLUSTER_AWARE_CLASSICAL,train,syn_CLUSTER_AWARE_CLASSICAL_r100_00106,False
jitter,0,72_918,,72,,285.0,570,1.0,1.0169014084507042,True,CLUSTER_AWARE_CLASSICAL,train,syn_CLUSTER_AWARE_CLASSICAL_r100_00107,False
jitter,0,64_702,,64,,205.0,410,1.0,1.0169014084507042,True,CLUSTER_AWARE_CLASSICAL,train,syn_CLUSTER_AWARE_CLASSICAL_r100_00108,False
jitter,0,73_940,,73,,205.0,410,1.0,1.0169014084507042,True,CLUSTER_AWARE_CLASSICAL,train,syn_CLUSTER_AWARE_CLASSICAL_r100_00109,False
jitter,0,74_958,,74,,235.0,470,1.0,1.0169014084507042,True,CLUSTER_AWARE_CLASSICAL,train,syn_CLUSTER_AWARE_CLASSICAL_r100_00110,False
jitter,0,53_365,,53,,120.0,240,1.0,1.0169014084507042,True,CLUSTER_AWARE_CLASSICAL,train,syn_CLUSTER_AWARE_CLASSICAL_r100_00111,False
jitter,0,62_660,,62,,555.0,1110,1.0,1.0169014084507042,True,CLUSTER_AWARE_CLASSICAL,train,syn_CLUSTER_AWARE_CLASSICAL_r100_00112,False
jitter,0,53_356,,53,,410.0,820,1.0,1.0169014084507042,True,CLUSTER_AWARE_CLASSICAL,train,syn_CLUSTER_AWARE_CLASSICAL_r100_00113,False
jitter,0,79_1057,,79,,410.0,820,1.0,1.0169014084507042,True,CLUSTER_AWARE_CLASSICAL,train,syn_CLUSTER_AWARE_CLASSICAL_r100_00114,False
jitter,0,80_1084,,80,,870.0,1740,1.0,1.0169014084507042,True,CLUSTER_AWARE_CLASSICAL,train,syn_CLUSTER_AWARE_CLASSICAL_r100_00115,False
jitter,0,76_1016,,76,,375.0,750,1.0,1.0169014084507042,True,CLUSTER_AWARE_CLASSICAL,train,syn_CLUSTER_AWARE_CLASSICAL_r100_00116,False
jitter,0,70_885,,70,,890.0,1780,1.0,1.0169014084507042,True,CLUSTER_AWARE_CLASSICAL,train,syn_CLUSTER_AWARE_CLASSICAL_r100_00117,False
jitter,0,81_1112,,81,,170.0,340,1.0,1.0169014084507042,True,CLUSTER_AWARE_CLASSICAL,train,syn_CLUSTER_AWARE_CLASSICAL_r100_00118,False
jitter,0,68_842,,68,,1095.0,2190,1.0,1.0169014084507042,True,CLUSTER_AWARE_CLASSICAL,train,syn_CLUSTER_AWARE_CLASSICAL_r100_00119,False
jitter,0,80_1092,,80,,130.0,260,1.0,1.0169014084507042,True,CLUSTER_AWARE_CLASSICAL,train,syn_CLUSTER_AWARE_CLASSICAL_r100_00120,False
jitter,0,76_1016,,76,,375.0,750,1.0,1.0169014084507042,True,CLUSTER_AWARE_CLASSICAL,train,syn_CLUSTER_AWARE_CLASSICAL_r100_00121,False
jitter,0,63_678,,63,,205.0,410,1.0,1.0169014084507042,True,CLUSTER_AWARE_CLASSICAL,train,syn_CLUSTER_AWARE_CLASSICAL_r100_00122,False
jitter,0,72_918,,72,,285.0,570,1.0,1.0169014084507042,True,CLUSTER_AWARE_CLASSICAL,train,syn_CLUSTER_AWARE_CLASSICAL_r100_00123,False
jitter,0,76_1004,,76,,270.0,540,1.0,1.0169014084507042,True,CLUSTER_AWARE_CLASSICAL,train,syn_CLUSTER_AWARE_CLASSICAL_r100_00124,False
jitter,0,66_759,,66,,145.0,290,1.0,1.0169014084507042,True,CLUSTER_AWARE_CLASSICAL,train,syn_CLUSTER_AWARE_CLASSICAL_r100_00125,False
jitter,0,79_1057,,79,,410.0,820,1.0,1.0169014084507042,True,CLUSTER_AWARE_CLASSICAL,train,syn_CLUSTER_AWARE_CLASSICAL_r100_00126,False
jitter,0,53_354,,53,,200.0,400,1.0,1.0169014084507042,True,CLUSTER_AWARE_CLASSICAL,train,syn_CLUSTER_AWARE_CLASSICAL_r100_00127,False
jitter,0,68_833,,68,,120.0,240,1.0,1.0169014084507042,True,CLUSTER_AWARE_CLASSICAL,train,syn_CLUSTER_AWARE_CLASSICAL_r100_00128,False
jitter,0,72_921,,72,,795.0,1590,1.0,1.0169014084507042,True,CLUSTER_AWARE_CLASSICAL,train,syn_CLUSTER_AWARE_CLASSICAL_r100_00129,False
jitter,0,79_1062,,79,,170.0,340,1.0,1.0169014084507042,True,CLUSTER_AWARE_CLASSICAL,train,syn_CLUSTER_AWARE_CLASSICAL_r100_00130,False
jitter,0,51_329,,51,,120.0,240,1.0,1.0169014084507042,True,CLUSTER_AWARE_CLASSICAL,train,syn_CLUSTER_AWARE_CLASSICAL_r100_00131,False
jitter,0,66_761,,66,,120.0,240,1.0,1.0169014084507042,True,CLUSTER_AWARE_CLASSICAL,train,syn_CLUSTER_AWARE_CLASSICAL_r100_00132,False
jitter,0,55_411,,55,,195.0,390,1.0,1.0169014084507042,True,CLUSTER_AWARE_CLASSICAL,train,syn_CLUSTER_AWARE_CLASSICAL_r100_00133,False
jitter,0,73_942,,73,,120.0,240,1.0,1.0169014084507042,True,CLUSTER_AWARE_CLASSICAL,train,syn_CLUSTER_AWARE_CLASSICAL_r100_00134,False
jitter,0,79_1070,,79,,190.0,380,1.0,1.0169014084507042,True,CLUSTER_AWARE_CLASSICAL,train,syn_CLUSTER_AWARE_CLASSICAL_r100_00135,False
jitter,0,70_881,,70,,270.0,540,1.0,1.0169014084507042,True,CLUSTER_AWARE_CLASSICAL,train,syn_CLUSTER_AWARE_CLASSICAL_r100_00136,False
jitter,0,70_883,,70,,175.0,350,1.0,1.0169014084507042,True,CLUSTER_AWARE_CLASSICAL,train,syn_CLUSTER_AWARE_CLASSICAL_r100_00137,False
jitter,0,68_821,,68,,270.0,540,1.0,1.0169014084507042,True,CLUSTER_AWARE_CLASSICAL,train,syn_CLUSTER_AWARE_CLASSICAL_r100_00138,False
jitter,0,62_664,,62,,120.0,240,1.0,1.0169014084507042,True,CLUSTER_AWARE_CLASSICAL,train,syn_CLUSTER_AWARE_CLASSICAL_r100_00139,False
jitter,0,55_413,,55,,215.0,430,1.0,1.0169014084507042,True,CLUSTER_AWARE_CLASSICAL,train,syn_CLUSTER_AWARE_CLASSICAL_r100_00140,False
jitter,0,74_981,,74,,175.0,350,1.0,1.0169014084507042,True,CLUSTER_AWARE_CLASSICAL,train,syn_CLUSTER_AWARE_CLASSICAL_r100_00141,False
jitter,0,79_1045,,79,,120.0,240,1.0,1.0169014084507042,True,CLUSTER_AWARE_CLASSICAL,train,syn_CLUSTER_AWARE_CLASSICAL_r100_00142,False
jitter,0,70_871,,70,,120.0,240,1.0,1.0169014084507042,True,CLUSTER_AWARE_CLASSICAL,train,syn_CLUSTER_AWARE_CLASSICAL_r100_00143,False
jitter,0,63_692,,63,,135.0,270,1.0,1.0169014084507042,True,CLUSTER_AWARE_CLASSICAL,train,syn_CLUSTER_AWARE_CLASSICAL_r100_00144,False
jitter,0,80_1082,,80,,120.0,240,1.0,1.0169014084507042,True,CLUSTER_AWARE_CLASSICAL,train,syn_CLUSTER_AWARE_CLASSICAL_r100_00145,False
jitter,0,79_1065,,79,,235.0,470,1.0,1.0169014084507042,True,CLUSTER_AWARE_CLASSICAL,train,syn_CLUSTER_AWARE_CLASSICAL_r100_00146,False
jitter,0,62_669,,62,,220.0,440,1.0,1.0169014084507042,True,CLUSTER_AWARE_CLASSICAL,train,syn_CLUSTER_AWARE_CLASSICAL_r100_00147,False
jitter,0,52_338,,52,,135.0,270,1.0,1.0169014084507042,True,CLUSTER_AWARE_CLASSICAL,train,syn_CLUSTER_AWARE_CLASSICAL_r100_00148,False
jitter,0,55_413,,55,,215.0,430,1.0,1.0169014084507042,True,CLUSTER_AWARE_CLASSICAL,train,syn_CLUSTER_AWARE_CLASSICAL_r100_00149,False
jitter,0,73_934,,73,,990.0,1980,1.0,1.0169014084507042,True,CLUSTER_AWARE_CLASSICAL,train,syn_CLUSTER_AWARE_CLASSICAL_r100_00150,False
jitter,0,68_824,,68,,335.0,670,1.0,1.0169014084507042,True,CLUSTER_AWARE_CLASSICAL,train,syn_CLUSTER_AWARE_CLASSICAL_r100_00151,False
jitter,0,79_1062,,79,,170.0,340,1.0,1.0169014084507042,True,CLUSTER_AWARE_CLASSICAL,train,syn_CLUSTER_AWARE_CLASSICAL_r100_00152,False
jitter,0,68_834,,68,,475.0,950,1.0,1.0169014084507042,True,CLUSTER_AWARE_CLASSICAL,train,syn_CLUSTER_AWARE_CLASSICAL_r100_00153,False
jitter,0,60_631,,60,,475.0,950,1.0,1.0169014084507042,True,CLUSTER_AWARE_CLASSICAL,train,syn_CLUSTER_AWARE_CLASSICAL_r100_00154,False
jitter,0,80_1092,,80,,130.0,260,1.0,1.0169014084507042,True,CLUSTER_AWARE_CLASSICAL,train,syn_CLUSTER_AWARE_CLASSICAL_r100_00155,False
jitter,0,70_876,,70,,585.0,1170,1.0,1.0169014084507042,True,CLUSTER_AWARE_CLASSICAL,train,syn_CLUSTER_AWARE_CLASSICAL_r100_00156,False
jitter,0,53_365,,53,,120.0,240,1.0,1.0169014084507042,True,CLUSTER_AWARE_CLASSICAL,train,syn_CLUSTER_AWARE_CLASSICAL_r100_00157,False
jitter,0,61_646,,61,,360.0,720,1.0,1.0169014084507042,True,CLUSTER_AWARE_CLASSICAL,train,syn_CLUSTER_AWARE_CLASSICAL_r100_00158,False
jitter,0,80_1092,,80,,130.0,260,1.0,1.0169014084507042,True,CLUSTER_AWARE_CLASSICAL,train,syn_CLUSTER_AWARE_CLASSICAL_r100_00159,False
jitter,0,53_371,,53,,370.0,740,1.0,1.0169014084507042,True,CLUSTER_AWARE_CLASSICAL,train,syn_CLUSTER_AWARE_CLASSICAL_r100_00160,False
jitter,0,53_387,,53,,120.0,240,1.0,1.0169014084507042,True,CLUSTER_AWARE_CLASSICAL,train,syn_CLUSTER_AWARE_CLASSICAL_r100_00161,False
jitter,0,80_1090,,80,,335.0,670,1.0,1.0169014084507042,True,CLUSTER_AWARE_CLASSICAL,train,syn_CLUSTER_AWARE_CLASSICAL_r100_00162,False
jitter,0,81_1112,,81,,170.0,340,1.0,1.0169014084507042,True,CLUSTER_AWARE_CLASSICAL,train,syn_CLUSTER_AWARE_CLASSICAL_r100_00163,False
jitter,0,72_921,,72,,795.0,1590,1.0,1.0169014084507042,True,CLUSTER_AWARE_CLASSICAL,train,syn_CLUSTER_AWARE_CLASSICAL_r100_00164,False
jitter,0,55_411,,55,,195.0,390,1.0,1.0169014084507042,True,CLUSTER_AWARE_CLASSICAL,train,syn_CLUSTER_AWARE_CLASSICAL_r100_00165,False
jitter,0,51_330,,51,,185.0,370,1.0,1.0169014084507042,True,CLUSTER_AWARE_CLASSICAL,train,syn_CLUSTER_AWARE_CLASSICAL_r100_00166,False
jitter,0,80_1092,,80,,130.0,260,1.0,1.0169014084507042,True,CLUSTER_AWARE_CLASSICAL,train,syn_CLUSTER_AWARE_CLASSICAL_r100_00167,False
jitter,0,60_622,,60,,480.0,960,1.0,1.0169014084507042,True,CLUSTER_AWARE_CLASSICAL,train,syn_CLUSTER_AWARE_CLASSICAL_r100_00168,False
jitter,0,74_965,,74,,390.0,780,1.0,1.0169014084507042,True,CLUSTER_AWARE_CLASSICAL,train,syn_CLUSTER_AWARE_CLASSICAL_r100_00169,False
jitter,0,80_1084,,80,,870.0,1740,1.0,1.0169014084507042,True,CLUSTER_AWARE_CLASSICAL,train,syn_CLUSTER_AWARE_CLASSICAL_r100_00170,False
jitter,0,70_871,,70,,120.0,240,1.0,1.0169014084507042,True,CLUSTER_AWARE_CLASSICAL,train,syn_CLUSTER_AWARE_CLASSICAL_r100_00171,False
jitter,0,66_758,,66,,405.0,810,1.0,1.0169014084507042,True,CLUSTER_AWARE_CLASSICAL,train,syn_CLUSTER_AWARE_CLASSICAL_r100_00172,False
jitter,0,73_946,,73,,230.0,460,1.0,1.0169014084507042,True,CLUSTER_AWARE_CLASSICAL,train,syn_CLUSTER_AWARE_CLASSICAL_r100_00173,False
jitter,0,80_1098,,80,,800.0,1600,1.0,1.0169014084507042,True,CLUSTER_AWARE_CLASSICAL,train,syn_CLUSTER_AWARE_CLASSICAL_r100_00174,False
jitter,0,68_830,,68,,350.0,700,1.0,1.0169014084507042,True,CLUSTER_AWARE_CLASSICAL,train,syn_CLUSTER_AWARE_CLASSICAL_r100_00175,False
jitter,0,11_42,,11,,200.0,400,1.0,1.0169014084507042,True,CLUSTER_AWARE_CLASSICAL,train,syn_CLUSTER_AWARE_CLASSICAL_r100_00176,False
jitter,0,66_760,,66,,210.0,420,1.0,1.0169014084507042,True,CLUSTER_AWARE_CLASSICAL,train,syn_CLUSTER_AWARE_CLASSICAL_r100_00177,False
jitter,0,60_631,,60,,475.0,950,1.0,1.0169014084507042,True,CLUSTER_AWARE_CLASSICAL,train,syn_CLUSTER_AWARE_CLASSICAL_r100_00178,False
jitter,0,53_378,,53,,1340.0,2680,1.0,1.0169014084507042,True,CLUSTER_AWARE_CLASSICAL,train,syn_CLUSTER_AWARE_CLASSICAL_r100_00179,False
interpolation,0,66_759,68_833,66,0.4914635419845581,132.28658854961395,290,1.0,1.0169014084507042,True,CLUSTER_AWARE_CLASSICAL,train,syn_CLUSTER_AWARE_CLASSICAL_r100_00180,False
interpolation,0,80_1095,51_329,80,0.504263699054718,145.2131849527359,340,1.0,1.0169014084507042,True,CLUSTER_AWARE_CLASSICAL,train,syn_CLUSTER_AWARE_CLASSICAL_r100_00181,False
interpolation,0,68_839,76_1012,68,0.6997414827346802,324.961222410202,740,1.0,1.0169014084507042,True,CLUSTER_AWARE_CLASSICAL,train,syn_CLUSTER_AWARE_CLASSICAL_r100_00182,False
interpolation,0,53_376,61_648,53,0.2670643925666809,401.73626869916916,1060,1.0,1.0169014084507042,True,CLUSTER_AWARE_CLASSICAL,train,syn_CLUSTER_AWARE_CLASSICAL_r100_00183,False
interpolation,0,74_985,53_379,74,0.5119008421897888,329.46528524160385,410,1.0,1.0169014084507042,True,CLUSTER_AWARE_CLASSICAL,train,syn_CLUSTER_AWARE_CLASSICAL_r100_00184,False
interpolation,0,74_976,76_1012,74,0.5821890234947205,176.33582323789597,290,1.0,1.0169014084507042,True,CLUSTER_AWARE_CLASSICAL,train,syn_CLUSTER_AWARE_CLASSICAL_r100_00185,False
interpolation,0,80_1084,68_831,80,0.36693525314331055,471.16920948028564,1740,1.0,1.0169014084507042,True,CLUSTER_AWARE_CLASSICAL,train,syn_CLUSTER_AWARE_CLASSICAL_r100_00186,False
interpolation,0,68_825,79_1044,68,0.46080464124679565,189.2637911438942,330,1.0,1.0169014084507042,True,CLUSTER_AWARE_CLASSICAL,train,syn_CLUSTER_AWARE_CLASSICAL_r100_00187,False
interpolation,0,73_942,79_1072,73,0.4206101894378662,128.690847158432,240,1.0,1.0169014084507042,True,CLUSTER_AWARE_CLASSICAL,train,syn_CLUSTER_AWARE_CLASSICAL_r100_00188,False
interpolation,0,74_967,74_982,74,0.5732932686805725,866.4860570430756,2740,1.0,1.0169014084507042,True,CLUSTER_AWARE_CLASSICAL,train,syn_CLUSTER_AWARE_CLASSICAL_r100_00189,False
interpolation,0,68_824,53_354,68,0.49100610613822937,266.2858183681965,670,1.0,1.0169014084507042,True,CLUSTER_AWARE_CLASSICAL,train,syn_CLUSTER_AWARE_CLASSICAL_r100_00190,False
interpolation,0,78_1035,55_411,78,0.3917345702648163,183.24795708060265,330,1.0,1.0169014084507042,True,CLUSTER_AWARE_CLASSICAL,train,syn_CLUSTER_AWARE_CLASSICAL_r100_00191,False
interpolation,0,70_878,76_1004,70,0.6912933588027954,166.3059961795807,240,1.0,1.0169014084507042,True,CLUSTER_AWARE_CLASSICAL,train,syn_CLUSTER_AWARE_CLASSICAL_r100_00192,False
interpolation,0,64_701,60_628,64,0.34815624356269836,285.11390894651413,1020,1.0,1.0169014084507042,True,CLUSTER_AWARE_CLASSICAL,train,syn_CLUSTER_AWARE_CLASSICAL_r100_00193,False
interpolation,0,74_954,51_334,74,0.25709059834480286,269.8673428595066,250,1.0,1.0169014084507042,True,CLUSTER_AWARE_CLASSICAL,train,syn_CLUSTER_AWARE_CLASSICAL_r100_00194,False
interpolation,0,55_413,80_1082,55,0.4432806670665741,162.11165979504585,430,1.0,1.0169014084507042,True,CLUSTER_AWARE_CLASSICAL,train,syn_CLUSTER_AWARE_CLASSICAL_r100_00195,False
interpolation,0,80_1092,80_1094,80,0.7334936261177063,153.98557364940643,260,1.0,1.0169014084507042,True,CLUSTER_AWARE_CLASSICAL,train,syn_CLUSTER_AWARE_CLASSICAL_r100_00196,False
interpolation,0,61_648,79_1054,61,0.5844705104827881,377.85412192344666,710,1.0,1.0169014084507042,True,CLUSTER_AWARE_CLASSICAL,train,syn_CLUSTER_AWARE_CLASSICAL_r100_00197,False
interpolation,0,70_870,53_367,70,0.2799021303653717,155.801472812891,290,1.0,1.0169014084507042,True,CLUSTER_AWARE_CLASSICAL,train,syn_CLUSTER_AWARE_CLASSICAL_r100_00198,False
interpolation,0,60_633,51_332,60,0.28770607709884644,344.45501655340195,810,1.0,1.0169014084507042,True,CLUSTER_AWARE_CLASSICAL,train,syn_CLUSTER_AWARE_CLASSICAL_r100_00199,False
interpolation,0,62_668,80_1102,62,0.5824739336967468,271.54635071754456,660,1.0,1.0169014084507042,True,CLUSTER_AWARE_CLASSICAL,train,syn_CLUSTER_AWARE_CLASSICAL_r100_00200,False
interpolation,0,53_384,76_1017,53,0.29462847113609314,375.2685648202896,680,1.0,1.0169014084507042,True,CLUSTER_AWARE_CLASSICAL,train,syn_CLUSTER_AWARE_CLASSICAL_r100_00201,False
interpolation,0,55_406,73_927,55,0.5904484391212463,225.66569536924362,480,1.0,1.0169014084507042,True,CLUSTER_AWARE_CLASSICAL,train,syn_CLUSTER_AWARE_CLASSICAL_r100_00202,False
interpolation,0,74_978,74_961,74,0.5727261304855347,145.0454145669937,320,1.0,1.0169014084507042,True,CLUSTER_AWARE_CLASSICAL,train,syn_CLUSTER_AWARE_CLASSICAL_r100_00203,False
interpolation,0,74_965,78_1032,74,0.30362045764923096,316.88014805316925,780,1.0,1.0169014084507042,True,CLUSTER_AWARE_CLASSICAL,train,syn_CLUSTER_AWARE_CLASSICAL_r100_00204,False
interpolation,0,74_966,74_983,74,0.6492804884910583,174.47841465473175,370,1.0,1.0169014084507042,True,CLUSTER_AWARE_CLASSICAL,train,syn_CLUSTER_AWARE_CLASSICAL_r100_00205,False
interpolation,0,81_1109,72_914,81,0.6395075917243958,675.3839150071144,1960,1.0,1.0169014084507042,True,CLUSTER_AWARE_CLASSICAL,train,syn_CLUSTER_AWARE_CLASSICAL_r100_00206,False
interpolation,0,80_1086,53_363,80,0.5269014239311218,491.8922618031502,1490,1.0,1.0169014084507042,True,CLUSTER_AWARE_CLASSICAL,train,syn_CLUSTER_AWARE_CLASSICAL_r100_00207,False
interpolation,0,61_637,70_873,61,0.30674469470977783,158.12904179096222,240,1.0,1.0169014084507042,True,CLUSTER_AWARE_CLASSICAL,train,syn_CLUSTER_AWARE_CLASSICAL_r100_00208,False
interpolation,0,11_43,79_1044,11,0.56195467710495,2084.118848145008,7090,1.0,1.0169014084507042,True,CLUSTER_AWARE_CLASSICAL,train,syn_CLUSTER_AWARE_CLASSICAL_r100_00209,False
interpolation,0,53_357,74_962,53,0.6791723966598511,140.37517189979553,300,1.0,1.0169014084507042,True,CLUSTER_AWARE_CLASSICAL,train,syn_CLUSTER_AWARE_CLASSICAL_r100_00210,False
interpolation,0,74_963,53_365,74,0.39985328912734985,179.97799336910248,540,1.0,1.0169014084507042,True,CLUSTER_AWARE_CLASSICAL,train,syn_CLUSTER_AWARE_CLASSICAL_r100_00211,False
interpolation,0,61_650,66_778,61,0.32967349886894226,276.209180355072,720,1.0,1.0169014084507042,True,CLUSTER_AWARE_CLASSICAL,train,syn_CLUSTER_AWARE_CLASSICAL_r100_00212,False
interpolation,0,61_656,53_360,61,0.4803341031074524,424.368260204792,750,1.0,1.0169014084507042,True,CLUSTER_AWARE_CLASSICAL,train,syn_CLUSTER_AWARE_CLASSICAL_r100_00213,False
interpolation,0,70_876,68_840,70,0.48629939556121826,374.3827521800995,1170,1.0,1.0169014084507042,True,CLUSTER_AWARE_CLASSICAL,train,syn_CLUSTER_AWARE_CLASSICAL_r100_00214,False
interpolation,0,61_648,66_782,61,0.5406935214996338,247.06297755241394,710,1.0,1.0169014084507042,True,CLUSTER_AWARE_CLASSICAL,train,syn_CLUSTER_AWARE_CLASSICAL_r100_00215,False
interpolation,0,63_680,64_704,63,0.25596994161605835,285.0,570,1.0,1.0169014084507042,True,CLUSTER_AWARE_CLASSICAL,train,syn_CLUSTER_AWARE_CLASSICAL_r100_00216,False
interpolation,0,55_415,66_778,55,0.6841651201248169,464.19531524181366,1140,1.0,1.0169014084507042,True,CLUSTER_AWARE_CLASSICAL,train,syn_CLUSTER_AWARE_CLASSICAL_r100_00217,False
interpolation,0,55_422,53_387,55,0.46729302406311035,212.7576652765274,637,1.0,1.0169014084507042,True,CLUSTER_AWARE_CLASSICAL,train,syn_CLUSTER_AWARE_CLASSICAL_r100_00218,False
interpolation,0,70_864,73_925,70,0.4448021650314331,446.3454180955887,1620,1.0,1.0169014084507042,True,CLUSTER_AWARE_CLASSICAL,train,syn_CLUSTER_AWARE_CLASSICAL_r100_00219,False
interpolation,0,72_909,80_1077,72,0.46705982089042664,615.4768213629723,1620,1.0,1.0169014084507042,True,CLUSTER_AWARE_CLASSICAL,train,syn_CLUSTER_AWARE_CLASSICAL_r100_00220,False
interpolation,0,55_409,61_649,55,0.6834996342658997,177.0874908566475,370,1.0,1.0169014084507042,True,CLUSTER_AWARE_CLASSICAL,train,syn_CLUSTER_AWARE_CLASSICAL_r100_00221,False
interpolation,0,62_664,79_1045,62,0.39431294798851013,119.99999642372131,240,1.0,1.0169014084507042,True,CLUSTER_AWARE_CLASSICAL,train,syn_CLUSTER_AWARE_CLASSICAL_r100_00222,False
interpolation,0,73_926,79_1040,73,0.3406551480293274,352.47015863657,1450,1.0,1.0169014084507042,True,CLUSTER_AWARE_CLASSICAL,train,syn_CLUSTER_AWARE_CLASSICAL_r100_00223,False
interpolation,0,53_353,78_1031,53,0.552702009677887,342.77689188718796,860,1.0,1.0169014084507042,True,CLUSTER_AWARE_CLASSICAL,train,syn_CLUSTER_AWARE_CLASSICAL_r100_00224,False
interpolation,0,61_643,53_382,61,0.7340065836906433,153.61953914165497,270,1.0,1.0169014084507042,True,CLUSTER_AWARE_CLASSICAL,train,syn_CLUSTER_AWARE_CLASSICAL_r100_00225,False
interpolation,0,80_1090,79_1071,80,0.35797563195228577,213.01537439227104,670,1.0,1.0169014084507042,True,CLUSTER_AWARE_CLASSICAL,train,syn_CLUSTER_AWARE_CLASSICAL_r100_00226,False
interpolation,0,62_672,73_939,62,0.6227576732635498,177.93440222740173,420,1.0,1.0169014084507042,True,CLUSTER_AWARE_CLASSICAL,train,syn_CLUSTER_AWARE_CLASSICAL_r100_00227,False
interpolation,0,68_841,74_975,68,0.4154130816459656,391.62577480077744,1210,1.0,1.0169014084507042,True,CLUSTER_AWARE_CLASSICAL,train,syn_CLUSTER_AWARE_CLASSICAL_r100_00228,False
interpolation,0,46_224,68_837,46,0.4613853096961975,428.0692654848099,910,1.0,1.0169014084507042,True,CLUSTER_AWARE_CLASSICAL,train,syn_CLUSTER_AWARE_CLASSICAL_r100_00229,False
interpolation,0,73_931,73_927,73,0.2566298246383667,257.6091140508652,820,1.0,1.0169014084507042,True,CLUSTER_AWARE_CLASSICAL,train,syn_CLUSTER_AWARE_CLASSICAL_r100_00230,False
interpolation,0,79_1041,62_660,79,0.5955797433853149,489.48622822761536,890,1.0,1.0169014084507042,True,CLUSTER_AWARE_CLASSICAL,train,syn_CLUSTER_AWARE_CLASSICAL_r100_00231,False
interpolation,0,53_349,70_865,53,0.4955025017261505,241.39811649918556,730,1.0,1.0169014084507042,True,CLUSTER_AWARE_CLASSICAL,train,syn_CLUSTER_AWARE_CLASSICAL_r100_00232,False
interpolation,0,63_677,73_930,63,0.39555397629737854,292.39943593740463,1020,1.0,1.0169014084507042,True,CLUSTER_AWARE_CLASSICAL,train,syn_CLUSTER_AWARE_CLASSICAL_r100_00233,False
interpolation,0,52_340,68_836,52,0.48767393827438354,137.43836969137192,280,1.0,1.0169014084507042,True,CLUSTER_AWARE_CLASSICAL,train,syn_CLUSTER_AWARE_CLASSICAL_r100_00234,False
interpolation,0,64_706,63_682,64,0.2821715772151947,179.99999463558197,360,1.0,1.0169014084507042,True,CLUSTER_AWARE_CLASSICAL,train,syn_CLUSTER_AWARE_CLASSICAL_r100_00235,False
interpolation,0,61_657,53_371,61,0.3196779787540436,347.62255251407623,600,1.0,1.0169014084507042,True,CLUSTER_AWARE_CLASSICAL,train,syn_CLUSTER_AWARE_CLASSICAL_r100_00236,False
interpolation,0,78_1031,81_1107,78,0.39593279361724854,183.65428745746613,470,1.0,1.0169014084507042,True,CLUSTER_AWARE_CLASSICAL,train,syn_CLUSTER_AWARE_CLASSICAL_r100_00237,False
interpolation,0,73_935,79_1072,73,0.5492798686027527,159.71759408712387,360,1.0,1.0169014084507042,True,CLUSTER_AWARE_CLASSICAL,train,syn_CLUSTER_AWARE_CLASSICAL_r100_00238,False
interpolation,0,68_838,53_386,68,0.3163021206855774,394.0874910354614,460,1.0,1.0169014084507042,True,CLUSTER_AWARE_CLASSICAL,train,syn_CLUSTER_AWARE_CLASSICAL_r100_00239,False
interpolation,0,76_1006,52_345,76,0.5310198068618774,271.443771481514,390,1.0,1.0169014084507042,True,CLUSTER_AWARE_CLASSICAL,train,syn_CLUSTER_AWARE_CLASSICAL_r100_00240,False
interpolation,0,76_1020,74_960,76,0.3159082531929016,249.4659635424614,410,1.0,1.0169014084507042,True,CLUSTER_AWARE_CLASSICAL,train,syn_CLUSTER_AWARE_CLASSICAL_r100_00241,False
interpolation,0,63_676,64_700,63,0.5761243104934692,535.0,1070,1.0,1.0169014084507042,True,CLUSTER_AWARE_CLASSICAL,train,syn_CLUSTER_AWARE_CLASSICAL_r100_00242,False
interpolation,0,52_339,61_639,52,0.5664567351341248,210.0,420,1.0,1.0169014084507042,True,CLUSTER_AWARE_CLASSICAL,train,syn_CLUSTER_AWARE_CLASSICAL_r100_00243,False
interpolation,0,53_355,53_349,53,0.7057858109474182,619.0828919410706,1450,1.0,1.0169014084507042,True,CLUSTER_AWARE_CLASSICAL,train,syn_CLUSTER_AWARE_CLASSICAL_r100_00244,False
interpolation,0,76_1021,53_357,76,0.5447016954421997,343.3691018819809,1010,1.0,1.0169014084507042,True,CLUSTER_AWARE_CLASSICAL,train,syn_CLUSTER_AWARE_CLASSICAL_r100_00245,False
interpolation,0,53_356,76_1022,53,0.4077850580215454,264.9073392152786,820,1.0,1.0169014084507042,True,CLUSTER_AWARE_CLASSICAL,train,syn_CLUSTER_AWARE_CLASSICAL_r100_00246,False
interpolation,0,74_971,74_978,74,0.5384491682052612,278.45881700515747,760,1.0,1.0169014084507042,True,CLUSTER_AWARE_CLASSICAL,train,syn_CLUSTER_AWARE_CLASSICAL_r100_00247,False
interpolation,0,51_337,53_387,51,0.334207683801651,242.15291200578213,971,1.0,1.0169014084507042,True,CLUSTER_AWARE_CLASSICAL,train,syn_CLUSTER_AWARE_CLASSICAL_r100_00248,False
interpolation,0,68_826,53_348,68,0.3403666019439697,148.93116116523743,410,1.0,1.0169014084507042,True,CLUSTER_AWARE_CLASSICAL,train,syn_CLUSTER_AWARE_CLASSICAL_r100_00249,False
interpolation,0,53_367,70_878,53,0.39865365624427795,135.9461498260498,320,1.0,1.0169014084507042,True,CLUSTER_AWARE_CLASSICAL,train,syn_CLUSTER_AWARE_CLASSICAL_r100_00250,False
interpolation,0,68_825,79_1044,68,0.3725922405719757,193.2333554327488,330,1.0,1.0169014084507042,True,CLUSTER_AWARE_CLASSICAL,train,syn_CLUSTER_AWARE_CLASSICAL_r100_00251,False
interpolation,0,70_885,79_1062,70,0.31894925236701965,399.64346677064896,1780,1.0,1.0169014084507042,True,CLUSTER_AWARE_CLASSICAL,train,syn_CLUSTER_AWARE_CLASSICAL_r100_00252,False
interpolation,0,80_1092,74_959,80,0.6339755058288574,161.11208200454712,260,1.0,1.0169014084507042,True,CLUSTER_AWARE_CLASSICAL,train,syn_CLUSTER_AWARE_CLASSICAL_r100_00253,False
interpolation,0,60_627,68_818,60,0.31616416573524475,265.5506780743599,620,1.0,1.0169014084507042,True,CLUSTER_AWARE_CLASSICAL,train,syn_CLUSTER_AWARE_CLASSICAL_r100_00254,False
interpolation,0,53_355,76_1005,53,0.5713214874267578,508.5173511505127,1450,1.0,1.0169014084507042,True,CLUSTER_AWARE_CLASSICAL,train,syn_CLUSTER_AWARE_CLASSICAL_r100_00255,False
interpolation,0,61_655,79_1045,61,0.36272284388542175,125.44083908200264,270,1.0,1.0169014084507042,True,CLUSTER_AWARE_CLASSICAL,train,syn_CLUSTER_AWARE_CLASSICAL_r100_00256,False
interpolation,0,64_701,80_1078,64,0.31850406527519226,271.4764180779457,1020,1.0,1.0169014084507042,True,CLUSTER_AWARE_CLASSICAL,train,syn_CLUSTER_AWARE_CLASSICAL_r100_00257,False
interpolation,0,68_818,60_618,68,0.6383021473884583,273.93582820892334,490,1.0,1.0169014084507042,True,CLUSTER_AWARE_CLASSICAL,train,syn_CLUSTER_AWARE_CLASSICAL_r100_00258,False
interpolation,0,61_657,53_371,61,0.3727116882801056,343.9101928472519,600,1.0,1.0169014084507042,True,CLUSTER_AWARE_CLASSICAL,train,syn_CLUSTER_AWARE_CLASSICAL_r100_00259,False
interpolation,0,79_1065,61_657,79,0.6044988036155701,260.70757776498795,470,1.0,1.0169014084507042,True,CLUSTER_AWARE_CLASSICAL,train,syn_CLUSTER_AWARE_CLASSICAL_r100_00260,False
interpolation,0,76_1021,53_361,76,0.6729642152786255,702.8566497564316,1010,1.0,1.0169014084507042,True,CLUSTER_AWARE_CLASSICAL,train,syn_CLUSTER_AWARE_CLASSICAL_r100_00261,False
interpolation,0,66_791,51_335,66,0.5286581516265869,387.3870623111725,1100,1.0,1.0169014084507042,True,CLUSTER_AWARE_CLASSICAL,train,syn_CLUSTER_AWARE_CLASSICAL_r100_00262,False
interpolation,0,78_1029,63_678,78,0.2633530795574188,266.88796758651733,880,1.0,1.0169014084507042,True,CLUSTER_AWARE_CLASSICAL,train,syn_CLUSTER_AWARE_CLASSICAL_r100_00263,False
interpolation,0,61_639,76_1008,61,0.5496336817741394,180.72618931531906,420,1.0,1.0169014084507042,True,CLUSTER_AWARE_CLASSICAL,train,syn_CLUSTER_AWARE_CLASSICAL_r100_00264,False
interpolation,0,80_1077,72_909,80,0.3204648792743683,693.0303432047367,890,1.0,1.0169014084507042,True,CLUSTER_AWARE_CLASSICAL,train,syn_CLUSTER_AWARE_CLASSICAL_r100_00265,False
interpolation,0,55_421,79_1062,55,0.7346349954605103,665.8786219358444,1690,1.0,1.0169014084507042,True,CLUSTER_AWARE_CLASSICAL,train,syn_CLUSTER_AWARE_CLASSICAL_r100_00266,False
interpolation,0,80_1090,73_942,80,0.3639847934246063,198.25672701001167,670,1.0,1.0169014084507042,True,CLUSTER_AWARE_CLASSICAL,train,syn_CLUSTER_AWARE_CLASSICAL_r100_00267,False
interpolation,0,61_656,63_677,61,0.5451759696006775,436.40124410390854,750,1.0,1.0169014084507042,True,CLUSTER_AWARE_CLASSICAL,train,syn_CLUSTER_AWARE_CLASSICAL_r100_00268,False
interpolation,0,60_625,74_956,60,0.7127362489700317,217.34428763389587,360,1.0,1.0169014084507042,True,CLUSTER_AWARE_CLASSICAL,train,syn_CLUSTER_AWARE_CLASSICAL_r100_00269,False
interpolation,0,62_672,73_935,62,0.26962167024612427,188.08865010738373,420,1.0,1.0169014084507042,True,CLUSTER_AWARE_CLASSICAL,train,syn_CLUSTER_AWARE_CLASSICAL_r100_00270,False
interpolation,0,68_836,79_1058,68,0.26662859320640564,131.33313909173012,270,1.0,1.0169014084507042,True,CLUSTER_AWARE_CLASSICAL,train,syn_CLUSTER_AWARE_CLASSICAL_r100_00271,False
interpolation,0,73_943,79_1058,73,0.31251513957977295,228.44226896762848,890,1.0,1.0169014084507042,True,CLUSTER_AWARE_CLASSICAL,train,syn_CLUSTER_AWARE_CLASSICAL_r100_00272,False
interpolation,0,53_357,55_413,53,0.7356495261192322,167.1827808022499,300,1.0,1.0169014084507042,True,CLUSTER_AWARE_CLASSICAL,train,syn_CLUSTER_AWARE_CLASSICAL_r100_00273,False
interpolation,0,60_619,80_1078,60,0.4165874421596527,162.08293244242668,330,1.0,1.0169014084507042,True,CLUSTER_AWARE_CLASSICAL,train,syn_CLUSTER_AWARE_CLASSICAL_r100_00274,False
interpolation,0,80_1099,47_230,80,0.7429588437080383,128.20071190595627,260,1.0,1.0169014084507042,True,CLUSTER_AWARE_CLASSICAL,train,syn_CLUSTER_AWARE_CLASSICAL_r100_00275,False
interpolation,0,53_355,70_865,53,0.5843871831893921,473.5542458295822,1450,1.0,1.0169014084507042,True,CLUSTER_AWARE_CLASSICAL,train,syn_CLUSTER_AWARE_CLASSICAL_r100_00276,False
interpolation,0,68_821,66_757,68,0.3117847144603729,256.23568683862686,540,1.0,1.0169014084507042,True,CLUSTER_AWARE_CLASSICAL,train,syn_CLUSTER_AWARE_CLASSICAL_r100_00277,False
interpolation,0,76_1013,74_956,76,0.6885634660720825,399.5132505893707,880,1.0,1.0169014084507042,True,CLUSTER_AWARE_CLASSICAL,train,syn_CLUSTER_AWARE_CLASSICAL_r100_00278,False
interpolation,0,76_1013,81_1111,76,0.5315867066383362,327.5808095932007,880,1.0,1.0169014084507042,True,CLUSTER_AWARE_CLASSICAL,train,syn_CLUSTER_AWARE_CLASSICAL_r100_00279,False
interpolation,0,53_358,53_363,53,0.6044080853462219,578.6889320611954,1640,1.0,1.0169014084507042,True,CLUSTER_AWARE_CLASSICAL,train,syn_CLUSTER_AWARE_CLASSICAL_r100_00280,False
interpolation,0,76_1015,79_1054,76,0.4241887927055359,320.92035353183746,400,1.0,1.0169014084507042,True,CLUSTER_AWARE_CLASSICAL,train,syn_CLUSTER_AWARE_CLASSICAL_r100_00281,False
interpolation,0,62_660,53_354,62,0.4495334327220917,359.58436265587807,1110,1.0,1.0169014084507042,True,CLUSTER_AWARE_CLASSICAL,train,syn_CLUSTER_AWARE_CLASSICAL_r100_00282,False
interpolation,0,63_688,53_346,63,0.4433303475379944,152.73321390151978,350,1.0,1.0169014084507042,True,CLUSTER_AWARE_CLASSICAL,train,syn_CLUSTER_AWARE_CLASSICAL_r100_00283,False
interpolation,0,81_1115,80_1099,81,0.5939715504646301,177.5177240371704,420,1.0,1.0169014084507042,True,CLUSTER_AWARE_CLASSICAL,train,syn_CLUSTER_AWARE_CLASSICAL_r100_00284,False
interpolation,0,74_963,53_365,74,0.47411632537841797,191.1174488067627,540,1.0,1.0169014084507042,True,CLUSTER_AWARE_CLASSICAL,train,syn_CLUSTER_AWARE_CLASSICAL_r100_00285,False
interpolation,0,74_967,79_1062,74,0.4806998670101166,746.8398353457451,2740,1.0,1.0169014084507042,True,CLUSTER_AWARE_CLASSICAL,train,syn_CLUSTER_AWARE_CLASSICAL_r100_00286,False
interpolation,0,73_932,64_702,73,0.3988407850265503,228.93044710159302,530,1.0,1.0169014084507042,True,CLUSTER_AWARE_CLASSICAL,train,syn_CLUSTER_AWARE_CLASSICAL_r100_00287,False
interpolation,0,79_1058,78_1037,79,0.5030390620231628,169.75687503814697,260,1.0,1.0169014084507042,True,CLUSTER_AWARE_CLASSICAL,train,syn_CLUSTER_AWARE_CLASSICAL_r100_00288,False
interpolation,0,79_1041,60_619,79,0.7271973490715027,368.61525774002075,890,1.0,1.0169014084507042,True,CLUSTER_AWARE_CLASSICAL,train,syn_CLUSTER_AWARE_CLASSICAL_r100_00289,False
interpolation,0,60_619,80_1078,60,0.6878040432929993,163.439020216465,330,1.0,1.0169014084507042,True,CLUSTER_AWARE_CLASSICAL,train,syn_CLUSTER_AWARE_CLASSICAL_r100_00290,False
interpolation,0,62_663,53_357,62,0.330730676651001,169.84384059906006,420,1.0,1.0169014084507042,True,CLUSTER_AWARE_CLASSICAL,train,syn_CLUSTER_AWARE_CLASSICAL_r100_00291,False
interpolation,0,74_960,55_412,74,0.44992977380752563,270.0,540,1.0,1.0169014084507042,True,CLUSTER_AWARE_CLASSICAL,train,syn_CLUSTER_AWARE_CLASSICAL_r100_00292,False
interpolation,0,53_365,73_951,53,0.5560356974601746,144.4180366396904,240,1.0,1.0169014084507042,True,CLUSTER_AWARE_CLASSICAL,train,syn_CLUSTER_AWARE_CLASSICAL_r100_00293,False
interpolation,0,79_1052,74_957,79,0.5197578072547913,224.60484385490417,430,1.0,1.0169014084507042,True,CLUSTER_AWARE_CLASSICAL,train,syn_CLUSTER_AWARE_CLASSICAL_r100_00294,False
interpolation,0,61_637,66_791,61,0.2983919680118561,421.6914701461792,240,1.0,1.0169014084507042,True,CLUSTER_AWARE_CLASSICAL,train,syn_CLUSTER_AWARE_CLASSICAL_r100_00295,False
interpolation,0,74_978,53_382,74,0.37106552720069885,188.30205738544464,320,1.0,1.0169014084507042,True,CLUSTER_AWARE_CLASSICAL,train,syn_CLUSTER_AWARE_CLASSICAL_r100_00296,False
interpolation,0,51_333,79_1072,51,0.4912429451942444,304.4788160920143,960,1.0,1.0169014084507042,True,CLUSTER_AWARE_CLASSICAL,train,syn_CLUSTER_AWARE_CLASSICAL_r100_00297,False
interpolation,0,73_948,51_333,73,0.6705330610275269,429.7100204229355,810,1.0,1.0169014084507042,True,CLUSTER_AWARE_CLASSICAL,train,syn_CLUSTER_AWARE_CLASSICAL_r100_00298,False
interpolation,0,74_960,63_691,74,0.6325849294662476,247.95509576797485,540,1.0,1.0169014084507042,True,CLUSTER_AWARE_CLASSICAL,train,syn_CLUSTER_AWARE_CLASSICAL_r100_00299,False
interpolation,0,74_958,47_229,74,0.6028329730033875,205.21247297525406,470,1.0,1.0169014084507042,True,CLUSTER_AWARE_CLASSICAL,train,syn_CLUSTER_AWARE_CLASSICAL_r100_00300,False
interpolation,0,53_369,55_411,53,0.5057918429374695,235.46334743499756,550,1.0,1.0169014084507042,True,CLUSTER_AWARE_CLASSICAL,train,syn_CLUSTER_AWARE_CLASSICAL_r100_00301,False
interpolation,0,60_631,53_357,60,0.7257816195487976,385.8790263533592,950,1.0,1.0169014084507042,True,CLUSTER_AWARE_CLASSICAL,train,syn_CLUSTER_AWARE_CLASSICAL_r100_00302,False
interpolation,0,52_340,46_226,52,0.6021671891212463,134.0325078368187,280,1.0,1.0169014084507042,True,CLUSTER_AWARE_CLASSICAL,train,syn_CLUSTER_AWARE_CLASSICAL_r100_00303,False
interpolation,0,47_227,79_1054,47,0.4501118063926697,382.9932916164398,700,1.0,1.0169014084507042,True,CLUSTER_AWARE_CLASSICAL,train,syn_CLUSTER_AWARE_CLASSICAL_r100_00304,False
interpolation,0,62_667,80_1097,62,0.4317556321620941,228.87175932526588,310,1.0,1.0169014084507042,True,CLUSTER_AWARE_CLASSICAL,train,syn_CLUSTER_AWARE_CLASSICAL_r100_00305,False
interpolation,0,55_407,66_782,55,0.7362065315246582,436.568808555603,1100,1.0,1.0169014084507042,True,CLUSTER_AWARE_CLASSICAL,train,syn_CLUSTER_AWARE_CLASSICAL_r100_00306,False
interpolation,0,53_379,68_829,53,0.4831008315086365,286.8387785553932,920,1.0,1.0169014084507042,True,CLUSTER_AWARE_CLASSICAL,train,syn_CLUSTER_AWARE_CLASSICAL_r100_00307,False
interpolation,0,61_649,74_961,61,0.7347612380981445,150.71664333343506,320,1.0,1.0169014084507042,True,CLUSTER_AWARE_CLASSICAL,train,syn_CLUSTER_AWARE_CLASSICAL_r100_00308,False
interpolation,0,11_42,73_925,11,0.7222259044647217,187.50016570091248,400,1.0,1.0169014084507042,True,CLUSTER_AWARE_CLASSICAL,train,syn_CLUSTER_AWARE_CLASSICAL_r100_00309,False
interpolation,0,62_663,53_357,62,0.5334193706512451,182.0051622390747,420,1.0,1.0169014084507042,True,CLUSTER_AWARE_CLASSICAL,train,syn_CLUSTER_AWARE_CLASSICAL_r100_00310,False
interpolation,0,68_841,76_1012,68,0.42012524604797363,381.74821972846985,1210,1.0,1.0169014084507042,True,CLUSTER_AWARE_CLASSICAL,train,syn_CLUSTER_AWARE_CLASSICAL_r100_00311,False
interpolation,0,61_643,51_332,61,0.41728919744491577,242.80149847269058,270,1.0,1.0169014084507042,True,CLUSTER_AWARE_CLASSICAL,train,syn_CLUSTER_AWARE_CLASSICAL_r100_00312,False
interpolation,0,73_939,62_672,73,0.747003436088562,146.50470793247223,250,1.0,1.0169014084507042,True,CLUSTER_AWARE_CLASSICAL,train,syn_CLUSTER_AWARE_CLASSICAL_r100_00313,False
interpolation,0,51_330,73_951,51,0.6737456321716309,181.7374563217163,370,1.0,1.0169014084507042,True,CLUSTER_AWARE_CLASSICAL,train,syn_CLUSTER_AWARE_CLASSICAL_r100_00314,False
interpolation,0,73_939,76_1008,73,0.7283514142036438,130.43297171592712,250,1.0,1.0169014084507042,True,CLUSTER_AWARE_CLASSICAL,train,syn_CLUSTER_AWARE_CLASSICAL_r100_00315,False
interpolation,0,79_1051,73_937,79,0.6548104286193848,211.9037914276123,410,1.0,1.0169014084507042,True,CLUSTER_AWARE_CLASSICAL,train,syn_CLUSTER_AWARE_CLASSICAL_r100_00316,False
interpolation,0,52_338,78_1037,52,0.4608088731765747,175.4393345117569,270,1.0,1.0169014084507042,True,CLUSTER_AWARE_CLASSICAL,train,syn_CLUSTER_AWARE_CLASSICAL_r100_00317,False
interpolation,0,63_688,76_1005,63,0.350008487701416,204.24961805343628,350,1.0,1.0169014084507042,True,CLUSTER_AWARE_CLASSICAL,train,syn_CLUSTER_AWARE_CLASSICAL_r100_00318,False
interpolation,0,73_951,74_983,73,0.43969637155532837,163.79392743110657,350,1.0,1.0169014084507042,True,CLUSTER_AWARE_CLASSICAL,train,syn_CLUSTER_AWARE_CLASSICAL_r100_00319,False
interpolation,0,79_1041,76_1006,79,0.6495262980461121,357.381574511528,890,1.0,1.0169014084507042,True,CLUSTER_AWARE_CLASSICAL,train,syn_CLUSTER_AWARE_CLASSICAL_r100_00320,False
interpolation,0,60_622,74_966,60,0.30435577034950256,274.7849577665329,960,1.0,1.0169014084507042,True,CLUSTER_AWARE_CLASSICAL,train,syn_CLUSTER_AWARE_CLASSICAL_r100_00321,False
interpolation,0,51_332,53_382,51,0.5563938617706299,268.98529410362244,640,1.0,1.0169014084507042,True,CLUSTER_AWARE_CLASSICAL,train,syn_CLUSTER_AWARE_CLASSICAL_r100_00322,False
interpolation,0,73_939,81_1115,73,0.3117966949939728,183.49728718400002,250,1.0,1.0169014084507042,True,CLUSTER_AWARE_CLASSICAL,train,syn_CLUSTER_AWARE_CLASSICAL_r100_00323,False
interpolation,0,76_1004,76_1020,76,0.6644028425216675,248.1861847639084,540,1.0,1.0169014084507042,True,CLUSTER_AWARE_CLASSICAL,train,syn_CLUSTER_AWARE_CLASSICAL_r100_00324,False
interpolation,0,53_368,76_1019,53,0.3166055381298065,156.33210629224777,340,1.0,1.0169014084507042,True,CLUSTER_AWARE_CLASSICAL,train,syn_CLUSTER_AWARE_CLASSICAL_r100_00325,False
interpolation,0,53_360,53_367,53,0.31590840220451355,257.9315999150276,940,1.0,1.0169014084507042,True,CLUSTER_AWARE_CLASSICAL,train,syn_CLUSTER_AWARE_CLASSICAL_r100_00326,False
interpolation,0,68_811,60_617,68,0.6208447813987732,275.2111953496933,740,1.0,1.0169014084507042,True,CLUSTER_AWARE_CLASSICAL,train,syn_CLUSTER_AWARE_CLASSICAL_r100_00327,False
interpolation,0,81_1104,73_930,81,0.38917872309684753,227.83574014902115,700,1.0,1.0169014084507042,True,CLUSTER_AWARE_CLASSICAL,train,syn_CLUSTER_AWARE_CLASSICAL_r100_00328,False
interpolation,0,64_706,66_757,64,0.6147596836090088,206.96682214736938,360,1.0,1.0169014084507042,True,CLUSTER_AWARE_CLASSICAL,train,syn_CLUSTER_AWARE_CLASSICAL_r100_00329,False
interpolation,0,60_631,53_357,60,0.3944670557975769,278.2017931342125,950,1.0,1.0169014084507042,True,CLUSTER_AWARE_CLASSICAL,train,syn_CLUSTER_AWARE_CLASSICAL_r100_00330,False
interpolation,0,53_379,55_411,53,0.5863551497459412,350.3841146826744,920,1.0,1.0169014084507042,True,CLUSTER_AWARE_CLASSICAL,train,syn_CLUSTER_AWARE_CLASSICAL_r100_00331,False
interpolation,0,76_1020,74_960,76,0.3300357758998871,248.5476665198803,410,1.0,1.0169014084507042,True,CLUSTER_AWARE_CLASSICAL,train,syn_CLUSTER_AWARE_CLASSICAL_r100_00332,False
interpolation,0,81_1115,80_1082,81,0.45696011185646057,161.12641364336014,420,1.0,1.0169014084507042,True,CLUSTER_AWARE_CLASSICAL,train,syn_CLUSTER_AWARE_CLASSICAL_r100_00333,False
interpolation,0,68_811,70_870,68,0.40106797218322754,235.2402937412262,740,1.0,1.0169014084507042,True,CLUSTER_AWARE_CLASSICAL,train,syn_CLUSTER_AWARE_CLASSICAL_r100_00334,False
interpolation,0,79_1051,74_959,79,0.49095794558525085,210.09041413664818,410,1.0,1.0169014084507042,True,CLUSTER_AWARE_CLASSICAL,train,syn_CLUSTER_AWARE_CLASSICAL_r100_00335,False
interpolation,0,64_703,74_981,64,0.7348071932792664,501.98920100927353,1240,1.0,1.0169014084507042,True,CLUSTER_AWARE_CLASSICAL,train,syn_CLUSTER_AWARE_CLASSICAL_r100_00336,False
interpolation,0,81_1111,76_1013,81,0.36418330669403076,352.5960063934326,400,1.0,1.0169014084507042,True,CLUSTER_AWARE_CLASSICAL,train,syn_CLUSTER_AWARE_CLASSICAL_r100_00337,False
interpolation,0,66_772,66_782,66,0.39409157633781433,259.9025060236454,950,1.0,1.0169014084507042,True,CLUSTER_AWARE_CLASSICAL,train,syn_CLUSTER_AWARE_CLASSICAL_r100_00338,False
interpolation,0,52_342,79_1051,52,0.473747581243515,285.53708270192146,750,1.0,1.0169014084507042,True,CLUSTER_AWARE_CLASSICAL,train,syn_CLUSTER_AWARE_CLASSICAL_r100_00339,False
interpolation,0,80_1083,64_704,80,0.3123103380203247,336.5312057733536,900,1.0,1.0169014084507042,True,CLUSTER_AWARE_CLASSICAL,train,syn_CLUSTER_AWARE_CLASSICAL_r100_00340,False
interpolation,0,74_962,66_782,74,0.4925060272216797,120.0,240,1.0,1.0169014084507042,True,CLUSTER_AWARE_CLASSICAL,train,syn_CLUSTER_AWARE_CLASSICAL_r100_00341,False
interpolation,0,73_948,73_943,73,0.30321115255355835,432.87155389785767,810,1.0,1.0169014084507042,True,CLUSTER_AWARE_CLASSICAL,train,syn_CLUSTER_AWARE_CLASSICAL_r100_00342,False
interpolation,0,53_365,53_363,53,0.4277504086494446,171.50246322155,240,1.0,1.0169014084507042,True,CLUSTER_AWARE_CLASSICAL,train,syn_CLUSTER_AWARE_CLASSICAL_r100_00343,False
interpolation,0,53_377,73_951,53,0.6999509930610657,136.5026953816414,240,1.0,1.0169014084507042,True,CLUSTER_AWARE_CLASSICAL,train,syn_CLUSTER_AWARE_CLASSICAL_r100_00344,False
interpolation,0,66_773,74_959,66,0.3385712802410126,233.62141400575638,540,1.0,1.0169014084507042,True,CLUSTER_AWARE_CLASSICAL,train,syn_CLUSTER_AWARE_CLASSICAL_r100_00345,False
interpolation,0,79_1065,53_346,79,0.318235844373703,166.82358041405678,470,1.0,1.0169014084507042,True,CLUSTER_AWARE_CLASSICAL,train,syn_CLUSTER_AWARE_CLASSICAL_r100_00346,False
interpolation,0,72_921,53_350,72,0.7119001746177673,630.7830995321274,1590,1.0,1.0169014084507042,True,CLUSTER_AWARE_CLASSICAL,train,syn_CLUSTER_AWARE_CLASSICAL_r100_00347,False
interpolation,0,73_932,63_678,73,0.6999059915542603,246.99435949325562,530,1.0,1.0169014084507042,True,CLUSTER_AWARE_CLASSICAL,train,syn_CLUSTER_AWARE_CLASSICAL_r100_00348,False
interpolation,0,61_656,64_701,61,0.6877942085266113,417.14778184890747,750,1.0,1.0169014084507042,True,CLUSTER_AWARE_CLASSICAL,train,syn_CLUSTER_AWARE_CLASSICAL_r100_00349,False
interpolation,0,68_835,61_646,68,0.3732403516769409,417.85225450992584,1030,1.0,1.0169014084507042,True,CLUSTER_AWARE_CLASSICAL,train,syn_CLUSTER_AWARE_CLASSICAL_r100_00350,False
interpolation,0,53_350,53_363,53,0.33742183446884155,215.06132751703262,450,1.0,1.0169014084507042,True,CLUSTER_AWARE_CLASSICAL,train,syn_CLUSTER_AWARE_CLASSICAL_r100_00351,False
interpolation,0,60_625,74_968,60,0.3929298222064972,225.53027093410492,360,1.0,1.0169014084507042,True,CLUSTER_AWARE_CLASSICAL,train,syn_CLUSTER_AWARE_CLASSICAL_r100_00352,False
interpolation,0,64_704,60_632,64,0.36310815811157227,186.2817645072937,570,1.0,1.0169014084507042,True,CLUSTER_AWARE_CLASSICAL,train,syn_CLUSTER_AWARE_CLASSICAL_r100_00353,False
interpolation,0,47_229,80_1087,47,0.34825965762138367,137.18908429145813,320,1.0,1.0169014084507042,True,CLUSTER_AWARE_CLASSICAL,train,syn_CLUSTER_AWARE_CLASSICAL_r100_00354,False
interpolation,0,73_940,64_702,73,0.4858778119087219,205.0,410,1.0,1.0169014084507042,True,CLUSTER_AWARE_CLASSICAL,train,syn_CLUSTER_AWARE_CLASSICAL_r100_00355,False
interpolation,0,66_759,81_1113,66,0.38419970870018005,129.60498914122581,290,1.0,1.0169014084507042,True,CLUSTER_AWARE_CLASSICAL,train,syn_CLUSTER_AWARE_CLASSICAL_r100_00356,False
interpolation,0,61_642,61_644,61,0.606220006942749,231.4760982990265,270,1.0,1.0169014084507042,True,CLUSTER_AWARE_CLASSICAL,train,syn_CLUSTER_AWARE_CLASSICAL_r100_00357,False
interpolation,0,53_385,53_381,53,0.4313511252403259,201.6648456454277,500,1.0,1.0169014084507042,True,CLUSTER_AWARE_CLASSICAL,train,syn_CLUSTER_AWARE_CLASSICAL_r100_00358,False
interpolation,0,62_668,62_673,62,0.42793914675712585,247.0511707663536,660,1.0,1.0169014084507042,True,CLUSTER_AWARE_CLASSICAL,train,syn_CLUSTER_AWARE_CLASSICAL_r100_00359,False
interpolation,0,60_631,53_369,60,0.3697488009929657,348.9497520029545,950,1.0,1.0169014084507042,True,CLUSTER_AWARE_CLASSICAL,train,syn_CLUSTER_AWARE_CLASSICAL_r100_00360,False
jitter,1,66_783,,66,,215.0,430,1.0,0.9841688654353562,True,CLUSTER_AWARE_CLASSICAL,train,syn_CLUSTER_AWARE_CLASSICAL_r100_00361,False
jitter,1,63_693,,63,,135.0,270,1.0,0.9841688654353562,True,CLUSTER_AWARE_CLASSICAL,train,syn_CLUSTER_AWARE_CLASSICAL_r100_00362,False
jitter,1,63_683,,63,,2690.0,5380,1.0,0.9841688654353562,True,CLUSTER_AWARE_CLASSICAL,train,syn_CLUSTER_AWARE_CLASSICAL_r100_00363,False
jitter,1,50_310,,50,,340.0,680,1.0,0.9841688654353562,True,CLUSTER_AWARE_CLASSICAL,train,syn_CLUSTER_AWARE_CLASSICAL_r100_00364,False
jitter,1,79_1039,,79,,175.0,350,1.0,0.9841688654353562,True,CLUSTER_AWARE_CLASSICAL,train,syn_CLUSTER_AWARE_CLASSICAL_r100_00365,False
jitter,1,31_125,,31,,1250.0,2500,1.0,0.9841688654353562,True,CLUSTER_AWARE_CLASSICAL,train,syn_CLUSTER_AWARE_CLASSICAL_r100_00366,False
jitter,1,48_270,,48,,225.0,450,1.0,0.9841688654353562,True,CLUSTER_AWARE_CLASSICAL,train,syn_CLUSTER_AWARE_CLASSICAL_r100_00367,False
jitter,1,57_496,,57,,320.0,640,1.0,0.9841688654353562,True,CLUSTER_AWARE_CLASSICAL,train,syn_CLUSTER_AWARE_CLASSICAL_r100_00368,False
jitter,1,72_917,,72,,205.0,410,1.0,0.9841688654353562,True,CLUSTER_AWARE_CLASSICAL,train,syn_CLUSTER_AWARE_CLASSICAL_r100_00369,False
jitter,1,79_1048,,79,,1245.0,2490,1.0,0.9841688654353562,True,CLUSTER_AWARE_CLASSICAL,train,syn_CLUSTER_AWARE_CLASSICAL_r100_00370,False
jitter,1,42_169,,42,,635.0,1270,1.0,0.9841688654353562,True,CLUSTER_AWARE_CLASSICAL,train,syn_CLUSTER_AWARE_CLASSICAL_r100_00371,False
jitter,1,57_514,,57,,160.0,320,1.0,0.9841688654353562,True,CLUSTER_AWARE_CLASSICAL,train,syn_CLUSTER_AWARE_CLASSICAL_r100_00372,False
jitter,1,42_176,,42,,605.0,1210,1.0,0.9841688654353562,True,CLUSTER_AWARE_CLASSICAL,train,syn_CLUSTER_AWARE_CLASSICAL_r100_00373,False
jitter,1,78_1038,,78,,607.5,1215,1.0,0.9841688654353562,True,CLUSTER_AWARE_CLASSICAL,train,syn_CLUSTER_AWARE_CLASSICAL_r100_00374,False
jitter,1,61_651,,61,,155.0,310,1.0,0.9841688654353562,True,CLUSTER_AWARE_CLASSICAL,train,syn_CLUSTER_AWARE_CLASSICAL_r100_00375,False
jitter,1,27_95,,27,,965.0,1930,1.0,0.9841688654353562,True,CLUSTER_AWARE_CLASSICAL,train,syn_CLUSTER_AWARE_CLASSICAL_r100_00376,False
jitter,1,66_792,,66,,1088.0,2176,1.0,0.9841688654353562,True,CLUSTER_AWARE_CLASSICAL,train,syn_CLUSTER_AWARE_CLASSICAL_r100_00377,False
jitter,1,8_26,,8,,4880.0,9760,1.0,0.9841688654353562,True,CLUSTER_AWARE_CLASSICAL,train,syn_CLUSTER_AWARE_CLASSICAL_r100_00378,False
jitter,1,41_165,,41,,410.0,820,1.0,0.9841688654353562,True,CLUSTER_AWARE_CLASSICAL,train,syn_CLUSTER_AWARE_CLASSICAL_r100_00379,False
jitter,1,27_98,,27,,1645.0,3290,1.0,0.9841688654353562,True,CLUSTER_AWARE_CLASSICAL,train,syn_CLUSTER_AWARE_CLASSICAL_r100_00380,False
jitter,1,60_629,,60,,120.0,240,1.0,0.9841688654353562,True,CLUSTER_AWARE_CLASSICAL,train,syn_CLUSTER_AWARE_CLASSICAL_r100_00381,False
jitter,1,36_145,,36,,1980.0,3960,1.0,0.9841688654353562,True,CLUSTER_AWARE_CLASSICAL,train,syn_CLUSTER_AWARE_CLASSICAL_r100_00382,False
jitter,1,42_179,,42,,620.0,1240,1.0,0.9841688654353562,True,CLUSTER_AWARE_CLASSICAL,train,syn_CLUSTER_AWARE_CLASSICAL_r100_00383,False
jitter,1,62_674,,62,,9175.0,18350,1.0,0.9841688654353562,True,CLUSTER_AWARE_CLASSICAL,train,syn_CLUSTER_AWARE_CLASSICAL_r100_00384,False
jitter,1,73_950,,73,,125.0,250,1.0,0.9841688654353562,True,CLUSTER_AWARE_CLASSICAL,train,syn_CLUSTER_AWARE_CLASSICAL_r100_00385,False
jitter,1,49_292,,49,,185.0,370,1.0,0.9841688654353562,True,CLUSTER_AWARE_CLASSICAL,train,syn_CLUSTER_AWARE_CLASSICAL_r100_00386,False
jitter,1,66_792,,66,,1088.0,2176,1.0,0.9841688654353562,True,CLUSTER_AWARE_CLASSICAL,train,syn_CLUSTER_AWARE_CLASSICAL_r100_00387,False
jitter,1,48_264,,48,,345.0,690,1.0,0.9841688654353562,True,CLUSTER_AWARE_CLASSICAL,train,syn_CLUSTER_AWARE_CLASSICAL_r100_00388,False
jitter,1,48_239,,48,,470.0,940,1.0,0.9841688654353562,True,CLUSTER_AWARE_CLASSICAL,train,syn_CLUSTER_AWARE_CLASSICAL_r100_00389,False
jitter,1,7_24,,7,,6025.0,12050,1.0,0.9841688654353562,True,CLUSTER_AWARE_CLASSICAL,train,syn_CLUSTER_AWARE_CLASSICAL_r100_00390,False
jitter,1,79_1053,,79,,1090.0,2180,1.0,0.9841688654353562,True,CLUSTER_AWARE_CLASSICAL,train,syn_CLUSTER_AWARE_CLASSICAL_r100_00391,False
jitter,1,42_169,,42,,635.0,1270,1.0,0.9841688654353562,True,CLUSTER_AWARE_CLASSICAL,train,syn_CLUSTER_AWARE_CLASSICAL_r100_00392,False
jitter,1,57_501,,57,,200.0,400,1.0,0.9841688654353562,True,CLUSTER_AWARE_CLASSICAL,train,syn_CLUSTER_AWARE_CLASSICAL_r100_00393,False
jitter,1,27_96,,27,,1325.0,2650,1.0,0.9841688654353562,True,CLUSTER_AWARE_CLASSICAL,train,syn_CLUSTER_AWARE_CLASSICAL_r100_00394,False
jitter,1,50_306,,50,,195.0,390,1.0,0.9841688654353562,True,CLUSTER_AWARE_CLASSICAL,train,syn_CLUSTER_AWARE_CLASSICAL_r100_00395,False
jitter,1,57_497,,57,,190.0,380,1.0,0.9841688654353562,True,CLUSTER_AWARE_CLASSICAL,train,syn_CLUSTER_AWARE_CLASSICAL_r100_00396,False
jitter,1,57_503,,57,,325.0,650,1.0,0.9841688654353562,True,CLUSTER_AWARE_CLASSICAL,train,syn_CLUSTER_AWARE_CLASSICAL_r100_00397,False
jitter,1,50_313,,50,,365.0,730,1.0,0.9841688654353562,True,CLUSTER_AWARE_CLASSICAL,train,syn_CLUSTER_AWARE_CLASSICAL_r100_00398,False
jitter,1,42_173,,42,,600.0,1200,1.0,0.9841688654353562,True,CLUSTER_AWARE_CLASSICAL,train,syn_CLUSTER_AWARE_CLASSICAL_r100_00399,False
jitter,1,29_103,,29,,750.0,1500,1.0,0.9841688654353562,True,CLUSTER_AWARE_CLASSICAL,train,syn_CLUSTER_AWARE_CLASSICAL_r100_00400,False
jitter,1,36_138,,36,,415.0,830,1.0,0.9841688654353562,True,CLUSTER_AWARE_CLASSICAL,train,syn_CLUSTER_AWARE_CLASSICAL_r100_00401,False
jitter,1,36_144,,36,,340.0,680,1.0,0.9841688654353562,True,CLUSTER_AWARE_CLASSICAL,train,syn_CLUSTER_AWARE_CLASSICAL_r100_00402,False
jitter,1,42_174,,42,,600.0,1200,1.0,0.9841688654353562,True,CLUSTER_AWARE_CLASSICAL,train,syn_CLUSTER_AWARE_CLASSICAL_r100_00403,False
jitter,1,30_116,,30,,1895.0,3790,1.0,0.9841688654353562,True,CLUSTER_AWARE_CLASSICAL,train,syn_CLUSTER_AWARE_CLASSICAL_r100_00404,False
jitter,1,16_53,,16,,6930.0,13860,1.0,0.9841688654353562,True,CLUSTER_AWARE_CLASSICAL,train,syn_CLUSTER_AWARE_CLASSICAL_r100_00405,False
jitter,1,10_41,,10,,4333.0,8666,1.0,0.9841688654353562,True,CLUSTER_AWARE_CLASSICAL,train,syn_CLUSTER_AWARE_CLASSICAL_r100_00406,False
jitter,1,79_1046,,79,,235.0,470,1.0,0.9841688654353562,True,CLUSTER_AWARE_CLASSICAL,train,syn_CLUSTER_AWARE_CLASSICAL_r100_00407,False
jitter,1,36_143,,36,,1385.0,2770,1.0,0.9841688654353562,True,CLUSTER_AWARE_CLASSICAL,train,syn_CLUSTER_AWARE_CLASSICAL_r100_00408,False
jitter,1,30_119,,30,,1660.0,3320,1.0,0.9841688654353562,True,CLUSTER_AWARE_CLASSICAL,train,syn_CLUSTER_AWARE_CLASSICAL_r100_00409,False
jitter,1,80_1103,,80,,1142.0,2284,1.0,0.9841688654353562,True,CLUSTER_AWARE_CLASSICAL,train,syn_CLUSTER_AWARE_CLASSICAL_r100_00410,False
jitter,1,27_95,,27,,965.0,1930,1.0,0.9841688654353562,True,CLUSTER_AWARE_CLASSICAL,train,syn_CLUSTER_AWARE_CLASSICAL_r100_00411,False
jitter,1,63_687,,63,,335.0,670,1.0,0.9841688654353562,True,CLUSTER_AWARE_CLASSICAL,train,syn_CLUSTER_AWARE_CLASSICAL_r100_00412,False
jitter,1,57_506,,57,,295.0,590,1.0,0.9841688654353562,True,CLUSTER_AWARE_CLASSICAL,train,syn_CLUSTER_AWARE_CLASSICAL_r100_00413,False
jitter,1,48_260,,48,,240.0,480,1.0,0.9841688654353562,True,CLUSTER_AWARE_CLASSICAL,train,syn_CLUSTER_AWARE_CLASSICAL_r100_00414,False
jitter,1,50_320,,50,,255.0,510,1.0,0.9841688654353562,True,CLUSTER_AWARE_CLASSICAL,train,syn_CLUSTER_AWARE_CLASSICAL_r100_00415,False
jitter,1,42_175,,42,,605.0,1210,1.0,0.9841688654353562,True,CLUSTER_AWARE_CLASSICAL,train,syn_CLUSTER_AWARE_CLASSICAL_r100_00416,False
jitter,1,36_148,,36,,300.0,600,1.0,0.9841688654353562,True,CLUSTER_AWARE_CLASSICAL,train,syn_CLUSTER_AWARE_CLASSICAL_r100_00417,False
jitter,1,41_163,,41,,1700.0,3400,1.0,0.9841688654353562,True,CLUSTER_AWARE_CLASSICAL,train,syn_CLUSTER_AWARE_CLASSICAL_r100_00418,False
jitter,1,68_843,,68,,170.0,340,1.0,0.9841688654353562,True,CLUSTER_AWARE_CLASSICAL,train,syn_CLUSTER_AWARE_CLASSICAL_r100_00419,False
jitter,1,50_307,,50,,340.0,680,1.0,0.9841688654353562,True,CLUSTER_AWARE_CLASSICAL,train,syn_CLUSTER_AWARE_CLASSICAL_r100_00420,False
jitter,1,41_154,,41,,145.0,290,1.0,0.9841688654353562,True,CLUSTER_AWARE_CLASSICAL,train,syn_CLUSTER_AWARE_CLASSICAL_r100_00421,False
jitter,1,74_987,,74,,660.5,1321,1.0,0.9841688654353562,True,CLUSTER_AWARE_CLASSICAL,train,syn_CLUSTER_AWARE_CLASSICAL_r100_00422,False
jitter,1,48_264,,48,,345.0,690,1.0,0.9841688654353562,True,CLUSTER_AWARE_CLASSICAL,train,syn_CLUSTER_AWARE_CLASSICAL_r100_00423,False
jitter,1,30_116,,30,,1895.0,3790,1.0,0.9841688654353562,True,CLUSTER_AWARE_CLASSICAL,train,syn_CLUSTER_AWARE_CLASSICAL_r100_00424,False
jitter,1,60_620,,60,,120.0,240,1.0,0.9841688654353562,True,CLUSTER_AWARE_CLASSICAL,train,syn_CLUSTER_AWARE_CLASSICAL_r100_00425,False
jitter,1,41_164,,41,,470.0,940,1.0,0.9841688654353562,True,CLUSTER_AWARE_CLASSICAL,train,syn_CLUSTER_AWARE_CLASSICAL_r100_00426,False
jitter,1,30_121,,30,,1776.5,3553,1.0,0.9841688654353562,True,CLUSTER_AWARE_CLASSICAL,train,syn_CLUSTER_AWARE_CLASSICAL_r100_00427,False
jitter,1,57_502,,57,,160.0,320,1.0,0.9841688654353562,True,CLUSTER_AWARE_CLASSICAL,train,syn_CLUSTER_AWARE_CLASSICAL_r100_00428,False
jitter,1,10_40,,10,,290.0,580,1.0,0.9841688654353562,True,CLUSTER_AWARE_CLASSICAL,train,syn_CLUSTER_AWARE_CLASSICAL_r100_00429,False
jitter,1,62_674,,62,,9175.0,18350,1.0,0.9841688654353562,True,CLUSTER_AWARE_CLASSICAL,train,syn_CLUSTER_AWARE_CLASSICAL_r100_00430,False
jitter,1,68_809,,68,,140.0,280,1.0,0.9841688654353562,True,CLUSTER_AWARE_CLASSICAL,train,syn_CLUSTER_AWARE_CLASSICAL_r100_00431,False
jitter,1,57_493,,57,,470.0,940,1.0,0.9841688654353562,True,CLUSTER_AWARE_CLASSICAL,train,syn_CLUSTER_AWARE_CLASSICAL_r100_00432,False
jitter,1,68_823,,68,,150.0,300,1.0,0.9841688654353562,True,CLUSTER_AWARE_CLASSICAL,train,syn_CLUSTER_AWARE_CLASSICAL_r100_00433,False
jitter,1,57_520,,57,,130.0,260,1.0,0.9841688654353562,True,CLUSTER_AWARE_CLASSICAL,train,syn_CLUSTER_AWARE_CLASSICAL_r100_00434,False
jitter,1,49_302,,49,,283.0,566,1.0,0.9841688654353562,True,CLUSTER_AWARE_CLASSICAL,train,syn_CLUSTER_AWARE_CLASSICAL_r100_00435,False
jitter,1,4_9,,4,,785.0,1570,1.0,0.9841688654353562,True,CLUSTER_AWARE_CLASSICAL,train,syn_CLUSTER_AWARE_CLASSICAL_r100_00436,False
jitter,1,32_132,,32,,1160.0,2320,1.0,0.9841688654353562,True,CLUSTER_AWARE_CLASSICAL,train,syn_CLUSTER_AWARE_CLASSICAL_r100_00437,False
jitter,1,79_1046,,79,,235.0,470,1.0,0.9841688654353562,True,CLUSTER_AWARE_CLASSICAL,train,syn_CLUSTER_AWARE_CLASSICAL_r100_00438,False
jitter,1,36_148,,36,,300.0,600,1.0,0.9841688654353562,True,CLUSTER_AWARE_CLASSICAL,train,syn_CLUSTER_AWARE_CLASSICAL_r100_00439,False
jitter,1,73_950,,73,,125.0,250,1.0,0.9841688654353562,True,CLUSTER_AWARE_CLASSICAL,train,syn_CLUSTER_AWARE_CLASSICAL_r100_00440,False
jitter,1,29_102,,29,,550.0,1100,1.0,0.9841688654353562,True,CLUSTER_AWARE_CLASSICAL,train,syn_CLUSTER_AWARE_CLASSICAL_r100_00441,False
jitter,1,50_323,,50,,325.0,650,1.0,0.9841688654353562,True,CLUSTER_AWARE_CLASSICAL,train,syn_CLUSTER_AWARE_CLASSICAL_r100_00442,False
jitter,1,50_305,,50,,325.0,650,1.0,0.9841688654353562,True,CLUSTER_AWARE_CLASSICAL,train,syn_CLUSTER_AWARE_CLASSICAL_r100_00443,False
jitter,1,31_126,,31,,1350.0,2700,1.0,0.9841688654353562,True,CLUSTER_AWARE_CLASSICAL,train,syn_CLUSTER_AWARE_CLASSICAL_r100_00444,False
jitter,1,48_264,,48,,345.0,690,1.0,0.9841688654353562,True,CLUSTER_AWARE_CLASSICAL,train,syn_CLUSTER_AWARE_CLASSICAL_r100_00445,False
jitter,1,48_235,,48,,235.0,470,1.0,0.9841688654353562,True,CLUSTER_AWARE_CLASSICAL,train,syn_CLUSTER_AWARE_CLASSICAL_r100_00446,False
jitter,1,27_96,,27,,1325.0,2650,1.0,0.9841688654353562,True,CLUSTER_AWARE_CLASSICAL,train,syn_CLUSTER_AWARE_CLASSICAL_r100_00447,False
jitter,1,50_316,,50,,235.0,470,1.0,0.9841688654353562,True,CLUSTER_AWARE_CLASSICAL,train,syn_CLUSTER_AWARE_CLASSICAL_r100_00448,False
jitter,1,41_156,,41,,435.0,870,1.0,0.9841688654353562,True,CLUSTER_AWARE_CLASSICAL,train,syn_CLUSTER_AWARE_CLASSICAL_r100_00449,False
jitter,1,63_686,,63,,140.0,280,1.0,0.9841688654353562,True,CLUSTER_AWARE_CLASSICAL,train,syn_CLUSTER_AWARE_CLASSICAL_r100_00450,False
jitter,1,27_88,,27,,945.0,1890,1.0,0.9841688654353562,True,CLUSTER_AWARE_CLASSICAL,train,syn_CLUSTER_AWARE_CLASSICAL_r100_00451,False
jitter,1,48_240,,48,,245.0,490,1.0,0.9841688654353562,True,CLUSTER_AWARE_CLASSICAL,train,syn_CLUSTER_AWARE_CLASSICAL_r100_00452,False
jitter,1,42_179,,42,,620.0,1240,1.0,0.9841688654353562,True,CLUSTER_AWARE_CLASSICAL,train,syn_CLUSTER_AWARE_CLASSICAL_r100_00453,False
jitter,1,50_305,,50,,325.0,650,1.0,0.9841688654353562,True,CLUSTER_AWARE_CLASSICAL,train,syn_CLUSTER_AWARE_CLASSICAL_r100_00454,False
jitter,1,27_90,,27,,525.0,1050,1.0,0.9841688654353562,True,CLUSTER_AWARE_CLASSICAL,train,syn_CLUSTER_AWARE_CLASSICAL_r100_00455,False
jitter,1,66_781,,66,,410.0,820,1.0,0.9841688654353562,True,CLUSTER_AWARE_CLASSICAL,train,syn_CLUSTER_AWARE_CLASSICAL_r100_00456,False
jitter,1,49_301,,49,,390.0,780,1.0,0.9841688654353562,True,CLUSTER_AWARE_CLASSICAL,train,syn_CLUSTER_AWARE_CLASSICAL_r100_00457,False
jitter,1,10_39,,10,,220.0,440,1.0,0.9841688654353562,True,CLUSTER_AWARE_CLASSICAL,train,syn_CLUSTER_AWARE_CLASSICAL_r100_00458,False
jitter,1,48_243,,48,,145.0,290,1.0,0.9841688654353562,True,CLUSTER_AWARE_CLASSICAL,train,syn_CLUSTER_AWARE_CLASSICAL_r100_00459,False
jitter,1,10_31,,10,,135.0,270,1.0,0.9841688654353562,True,CLUSTER_AWARE_CLASSICAL,train,syn_CLUSTER_AWARE_CLASSICAL_r100_00460,False
jitter,1,7_24,,7,,6025.0,12050,1.0,0.9841688654353562,True,CLUSTER_AWARE_CLASSICAL,train,syn_CLUSTER_AWARE_CLASSICAL_r100_00461,False
jitter,1,63_690,,63,,140.0,280,1.0,0.9841688654353562,True,CLUSTER_AWARE_CLASSICAL,train,syn_CLUSTER_AWARE_CLASSICAL_r100_00462,False
jitter,1,76_1018,,76,,1100.0,2200,1.0,0.9841688654353562,True,CLUSTER_AWARE_CLASSICAL,train,syn_CLUSTER_AWARE_CLASSICAL_r100_00463,False
jitter,1,81_1105,,81,,315.0,630,1.0,0.9841688654353562,True,CLUSTER_AWARE_CLASSICAL,train,syn_CLUSTER_AWARE_CLASSICAL_r100_00464,False
jitter,1,57_498,,57,,180.0,360,1.0,0.9841688654353562,True,CLUSTER_AWARE_CLASSICAL,train,syn_CLUSTER_AWARE_CLASSICAL_r100_00465,False
jitter,1,50_303,,50,,145.0,290,1.0,0.9841688654353562,True,CLUSTER_AWARE_CLASSICAL,train,syn_CLUSTER_AWARE_CLASSICAL_r100_00466,False
jitter,1,36_146,,36,,335.0,670,1.0,0.9841688654353562,True,CLUSTER_AWARE_CLASSICAL,train,syn_CLUSTER_AWARE_CLASSICAL_r100_00467,False
jitter,1,48_262,,48,,215.0,430,1.0,0.9841688654353562,True,CLUSTER_AWARE_CLASSICAL,train,syn_CLUSTER_AWARE_CLASSICAL_r100_00468,False
jitter,1,57_502,,57,,160.0,320,1.0,0.9841688654353562,True,CLUSTER_AWARE_CLASSICAL,train,syn_CLUSTER_AWARE_CLASSICAL_r100_00469,False
jitter,1,16_53,,16,,6930.0,13860,1.0,0.9841688654353562,True,CLUSTER_AWARE_CLASSICAL,train,syn_CLUSTER_AWARE_CLASSICAL_r100_00470,False
jitter,1,42_171,,42,,125.0,250,1.0,0.9841688654353562,True,CLUSTER_AWARE_CLASSICAL,train,syn_CLUSTER_AWARE_CLASSICAL_r100_00471,False
jitter,1,49_292,,49,,185.0,370,1.0,0.9841688654353562,True,CLUSTER_AWARE_CLASSICAL,train,syn_CLUSTER_AWARE_CLASSICAL_r100_00472,False
jitter,1,63_683,,63,,2690.0,5380,1.0,0.9841688654353562,True,CLUSTER_AWARE_CLASSICAL,train,syn_CLUSTER_AWARE_CLASSICAL_r100_00473,False
jitter,1,29_109,,29,,900.0,1800,1.0,0.9841688654353562,True,CLUSTER_AWARE_CLASSICAL,train,syn_CLUSTER_AWARE_CLASSICAL_r100_00474,False
jitter,1,30_118,,30,,2125.0,4250,1.0,0.9841688654353562,True,CLUSTER_AWARE_CLASSICAL,train,syn_CLUSTER_AWARE_CLASSICAL_r100_00475,False
jitter,1,42_171,,42,,125.0,250,1.0,0.9841688654353562,True,CLUSTER_AWARE_CLASSICAL,train,syn_CLUSTER_AWARE_CLASSICAL_r100_00476,False
jitter,1,61_640,,61,,260.0,520,1.0,0.9841688654353562,True,CLUSTER_AWARE_CLASSICAL,train,syn_CLUSTER_AWARE_CLASSICAL_r100_00477,False
jitter,1,74_987,,74,,660.5,1321,1.0,0.9841688654353562,True,CLUSTER_AWARE_CLASSICAL,train,syn_CLUSTER_AWARE_CLASSICAL_r100_00478,False
jitter,1,10_40,,10,,290.0,580,1.0,0.9841688654353562,True,CLUSTER_AWARE_CLASSICAL,train,syn_CLUSTER_AWARE_CLASSICAL_r100_00479,False
jitter,1,57_523,,57,,325.0,650,1.0,0.9841688654353562,True,CLUSTER_AWARE_CLASSICAL,train,syn_CLUSTER_AWARE_CLASSICAL_r100_00480,False
jitter,1,63_694,,63,,150.0,300,1.0,0.9841688654353562,True,CLUSTER_AWARE_CLASSICAL,train,syn_CLUSTER_AWARE_CLASSICAL_r100_00481,False
jitter,1,79_1060,,79,,935.0,1870,1.0,0.9841688654353562,True,CLUSTER_AWARE_CLASSICAL,train,syn_CLUSTER_AWARE_CLASSICAL_r100_00482,False
jitter,1,29_110,,29,,725.0,1450,1.0,0.9841688654353562,True,CLUSTER_AWARE_CLASSICAL,train,syn_CLUSTER_AWARE_CLASSICAL_r100_00483,False
jitter,1,48_276,,48,,175.0,350,1.0,0.9841688654353562,True,CLUSTER_AWARE_CLASSICAL,train,syn_CLUSTER_AWARE_CLASSICAL_r100_00484,False
jitter,1,36_148,,36,,300.0,600,1.0,0.9841688654353562,True,CLUSTER_AWARE_CLASSICAL,train,syn_CLUSTER_AWARE_CLASSICAL_r100_00485,False
jitter,1,10_38,,10,,170.0,340,1.0,0.9841688654353562,True,CLUSTER_AWARE_CLASSICAL,train,syn_CLUSTER_AWARE_CLASSICAL_r100_00486,False
jitter,1,50_322,,50,,195.0,390,1.0,0.9841688654353562,True,CLUSTER_AWARE_CLASSICAL,train,syn_CLUSTER_AWARE_CLASSICAL_r100_00487,False
jitter,1,66_779,,66,,240.0,480,1.0,0.9841688654353562,True,CLUSTER_AWARE_CLASSICAL,train,syn_CLUSTER_AWARE_CLASSICAL_r100_00488,False
jitter,1,48_259,,48,,170.0,340,1.0,0.9841688654353562,True,CLUSTER_AWARE_CLASSICAL,train,syn_CLUSTER_AWARE_CLASSICAL_r100_00489,False
jitter,1,49_293,,49,,240.0,480,1.0,0.9841688654353562,True,CLUSTER_AWARE_CLASSICAL,train,syn_CLUSTER_AWARE_CLASSICAL_r100_00490,False
jitter,1,41_155,,41,,430.0,860,1.0,0.9841688654353562,True,CLUSTER_AWARE_CLASSICAL,train,syn_CLUSTER_AWARE_CLASSICAL_r100_00491,False
jitter,1,57_494,,57,,245.0,490,1.0,0.9841688654353562,True,CLUSTER_AWARE_CLASSICAL,train,syn_CLUSTER_AWARE_CLASSICAL_r100_00492,False
jitter,1,41_162,,41,,265.0,530,1.0,0.9841688654353562,True,CLUSTER_AWARE_CLASSICAL,train,syn_CLUSTER_AWARE_CLASSICAL_r100_00493,False
jitter,1,49_293,,49,,240.0,480,1.0,0.9841688654353562,True,CLUSTER_AWARE_CLASSICAL,train,syn_CLUSTER_AWARE_CLASSICAL_r100_00494,False
jitter,1,5_13,,5,,4274.0,8548,1.0,0.9841688654353562,True,CLUSTER_AWARE_CLASSICAL,train,syn_CLUSTER_AWARE_CLASSICAL_r100_00495,False
jitter,1,72_924,,72,,155.5,311,1.0,0.9841688654353562,True,CLUSTER_AWARE_CLASSICAL,train,syn_CLUSTER_AWARE_CLASSICAL_r100_00496,False
jitter,1,30_118,,30,,2125.0,4250,1.0,0.9841688654353562,True,CLUSTER_AWARE_CLASSICAL,train,syn_CLUSTER_AWARE_CLASSICAL_r100_00497,False
jitter,1,5_13,,5,,4274.0,8548,1.0,0.9841688654353562,True,CLUSTER_AWARE_CLASSICAL,train,syn_CLUSTER_AWARE_CLASSICAL_r100_00498,False
jitter,1,17_55,,17,,4275.0,8550,1.0,0.9841688654353562,True,CLUSTER_AWARE_CLASSICAL,train,syn_CLUSTER_AWARE_CLASSICAL_r100_00499,False
jitter,1,27_94,,27,,405.0,810,1.0,0.9841688654353562,True,CLUSTER_AWARE_CLASSICAL,train,syn_CLUSTER_AWARE_CLASSICAL_r100_00500,False
jitter,1,48_252,,48,,150.0,300,1.0,0.9841688654353562,True,CLUSTER_AWARE_CLASSICAL,train,syn_CLUSTER_AWARE_CLASSICAL_r100_00501,False
jitter,1,32_130,,32,,1910.0,3820,1.0,0.9841688654353562,True,CLUSTER_AWARE_CLASSICAL,train,syn_CLUSTER_AWARE_CLASSICAL_r100_00502,False
jitter,1,48_240,,48,,245.0,490,1.0,0.9841688654353562,True,CLUSTER_AWARE_CLASSICAL,train,syn_CLUSTER_AWARE_CLASSICAL_r100_00503,False
jitter,1,27_101,,27,,2010.5,4021,1.0,0.9841688654353562,True,CLUSTER_AWARE_CLASSICAL,train,syn_CLUSTER_AWARE_CLASSICAL_r100_00504,False
jitter,1,32_132,,32,,1160.0,2320,1.0,0.9841688654353562,True,CLUSTER_AWARE_CLASSICAL,train,syn_CLUSTER_AWARE_CLASSICAL_r100_00505,False
jitter,1,29_107,,29,,1015.0,2030,1.0,0.9841688654353562,True,CLUSTER_AWARE_CLASSICAL,train,syn_CLUSTER_AWARE_CLASSICAL_r100_00506,False
jitter,1,4_6,,4,,545.0,1090,1.0,0.9841688654353562,True,CLUSTER_AWARE_CLASSICAL,train,syn_CLUSTER_AWARE_CLASSICAL_r100_00507,False
jitter,1,27_94,,27,,405.0,810,1.0,0.9841688654353562,True,CLUSTER_AWARE_CLASSICAL,train,syn_CLUSTER_AWARE_CLASSICAL_r100_00508,False
jitter,1,78_1036,,78,,935.0,1870,1.0,0.9841688654353562,True,CLUSTER_AWARE_CLASSICAL,train,syn_CLUSTER_AWARE_CLASSICAL_r100_00509,False
jitter,1,29_107,,29,,1015.0,2030,1.0,0.9841688654353562,True,CLUSTER_AWARE_CLASSICAL,train,syn_CLUSTER_AWARE_CLASSICAL_r100_00510,False
jitter,1,31_122,,31,,1510.0,3020,1.0,0.9841688654353562,True,CLUSTER_AWARE_CLASSICAL,train,syn_CLUSTER_AWARE_CLASSICAL_r100_00511,False
jitter,1,63_694,,63,,150.0,300,1.0,0.9841688654353562,True,CLUSTER_AWARE_CLASSICAL,train,syn_CLUSTER_AWARE_CLASSICAL_r100_00512,False
jitter,1,27_94,,27,,405.0,810,1.0,0.9841688654353562,True,CLUSTER_AWARE_CLASSICAL,train,syn_CLUSTER_AWARE_CLASSICAL_r100_00513,False
jitter,1,49_299,,49,,245.0,490,1.0,0.9841688654353562,True,CLUSTER_AWARE_CLASSICAL,train,syn_CLUSTER_AWARE_CLASSICAL_r100_00514,False
jitter,1,41_155,,41,,430.0,860,1.0,0.9841688654353562,True,CLUSTER_AWARE_CLASSICAL,train,syn_CLUSTER_AWARE_CLASSICAL_r100_00515,False
jitter,1,5_13,,5,,4274.0,8548,1.0,0.9841688654353562,True,CLUSTER_AWARE_CLASSICAL,train,syn_CLUSTER_AWARE_CLASSICAL_r100_00516,False
jitter,1,24_83,,24,,4395.0,8790,1.0,0.9841688654353562,True,CLUSTER_AWARE_CLASSICAL,train,syn_CLUSTER_AWARE_CLASSICAL_r100_00517,False
jitter,1,36_148,,36,,300.0,600,1.0,0.9841688654353562,True,CLUSTER_AWARE_CLASSICAL,train,syn_CLUSTER_AWARE_CLASSICAL_r100_00518,False
jitter,1,64_707,,64,,415.0,830,1.0,0.9841688654353562,True,CLUSTER_AWARE_CLASSICAL,train,syn_CLUSTER_AWARE_CLASSICAL_r100_00519,False
jitter,1,23_82,,23,,2818.0,5636,1.0,0.9841688654353562,True,CLUSTER_AWARE_CLASSICAL,train,syn_CLUSTER_AWARE_CLASSICAL_r100_00520,False
jitter,1,50_317,,50,,160.0,320,1.0,0.9841688654353562,True,CLUSTER_AWARE_CLASSICAL,train,syn_CLUSTER_AWARE_CLASSICAL_r100_00521,False
jitter,1,66_785,,66,,470.0,940,1.0,0.9841688654353562,True,CLUSTER_AWARE_CLASSICAL,train,syn_CLUSTER_AWARE_CLASSICAL_r100_00522,False
jitter,1,49_291,,49,,365.0,730,1.0,0.9841688654353562,True,CLUSTER_AWARE_CLASSICAL,train,syn_CLUSTER_AWARE_CLASSICAL_r100_00523,False
jitter,1,49_288,,49,,340.0,680,1.0,0.9841688654353562,True,CLUSTER_AWARE_CLASSICAL,train,syn_CLUSTER_AWARE_CLASSICAL_r100_00524,False
jitter,1,4_10,,4,,1455.0,2910,1.0,0.9841688654353562,True,CLUSTER_AWARE_CLASSICAL,train,syn_CLUSTER_AWARE_CLASSICAL_r100_00525,False
jitter,1,61_640,,61,,260.0,520,1.0,0.9841688654353562,True,CLUSTER_AWARE_CLASSICAL,train,syn_CLUSTER_AWARE_CLASSICAL_r100_00526,False
jitter,1,72_923,,72,,290.0,580,1.0,0.9841688654353562,True,CLUSTER_AWARE_CLASSICAL,train,syn_CLUSTER_AWARE_CLASSICAL_r100_00527,False
jitter,1,42_176,,42,,605.0,1210,1.0,0.9841688654353562,True,CLUSTER_AWARE_CLASSICAL,train,syn_CLUSTER_AWARE_CLASSICAL_r100_00528,False
jitter,1,49_281,,49,,145.0,290,1.0,0.9841688654353562,True,CLUSTER_AWARE_CLASSICAL,train,syn_CLUSTER_AWARE_CLASSICAL_r100_00529,False
jitter,1,10_36,,10,,855.0,1710,1.0,0.9841688654353562,True,CLUSTER_AWARE_CLASSICAL,train,syn_CLUSTER_AWARE_CLASSICAL_r100_00530,False
jitter,1,24_84,,24,,3112.5,6225,1.0,0.9841688654353562,True,CLUSTER_AWARE_CLASSICAL,train,syn_CLUSTER_AWARE_CLASSICAL_r100_00531,False
jitter,1,57_519,,57,,120.0,240,1.0,0.9841688654353562,True,CLUSTER_AWARE_CLASSICAL,train,syn_CLUSTER_AWARE_CLASSICAL_r100_00532,False
jitter,1,49_289,,49,,125.0,250,1.0,0.9841688654353562,True,CLUSTER_AWARE_CLASSICAL,train,syn_CLUSTER_AWARE_CLASSICAL_r100_00533,False
jitter,1,57_523,,57,,325.0,650,1.0,0.9841688654353562,True,CLUSTER_AWARE_CLASSICAL,train,syn_CLUSTER_AWARE_CLASSICAL_r100_00534,False
jitter,1,7_24,,7,,6025.0,12050,1.0,0.9841688654353562,True,CLUSTER_AWARE_CLASSICAL,train,syn_CLUSTER_AWARE_CLASSICAL_r100_00535,False
jitter,1,24_83,,24,,4395.0,8790,1.0,0.9841688654353562,True,CLUSTER_AWARE_CLASSICAL,train,syn_CLUSTER_AWARE_CLASSICAL_r100_00536,False
jitter,1,74_964,,74,,190.0,380,1.0,0.9841688654353562,True,CLUSTER_AWARE_CLASSICAL,train,syn_CLUSTER_AWARE_CLASSICAL_r100_00537,False
jitter,1,72_923,,72,,290.0,580,1.0,0.9841688654353562,True,CLUSTER_AWARE_CLASSICAL,train,syn_CLUSTER_AWARE_CLASSICAL_r100_00538,False
jitter,1,48_232,,48,,230.0,460,1.0,0.9841688654353562,True,CLUSTER_AWARE_CLASSICAL,train,syn_CLUSTER_AWARE_CLASSICAL_r100_00539,False
jitter,1,42_171,,42,,125.0,250,1.0,0.9841688654353562,True,CLUSTER_AWARE_CLASSICAL,train,syn_CLUSTER_AWARE_CLASSICAL_r100_00540,False
jitter,1,61_652,,61,,255.0,510,1.0,0.9841688654353562,True,CLUSTER_AWARE_CLASSICAL,train,syn_CLUSTER_AWARE_CLASSICAL_r100_00541,False
jitter,1,62_674,,62,,9175.0,18350,1.0,0.9841688654353562,True,CLUSTER_AWARE_CLASSICAL,train,syn_CLUSTER_AWARE_CLASSICAL_r100_00542,False
jitter,1,4_4,,4,,1675.0,3350,1.0,0.9841688654353562,True,CLUSTER_AWARE_CLASSICAL,train,syn_CLUSTER_AWARE_CLASSICAL_r100_00543,False
jitter,1,73_944,,73,,120.0,240,1.0,0.9841688654353562,True,CLUSTER_AWARE_CLASSICAL,train,syn_CLUSTER_AWARE_CLASSICAL_r100_00544,False
jitter,1,79_1046,,79,,235.0,470,1.0,0.9841688654353562,True,CLUSTER_AWARE_CLASSICAL,train,syn_CLUSTER_AWARE_CLASSICAL_r100_00545,False
jitter,1,11_44,,11,,198.5,397,1.0,0.9841688654353562,True,CLUSTER_AWARE_CLASSICAL,train,syn_CLUSTER_AWARE_CLASSICAL_r100_00546,False
interpolation,1,48_236,48_259,48,0.2927805781364441,191.9585433602333,490,1.0,0.9841688654353562,True,CLUSTER_AWARE_CLASSICAL,train,syn_CLUSTER_AWARE_CLASSICAL_r100_00547,False
interpolation,1,49_288,49_289,49,0.7093762159347534,277.515886425972,680,1.0,0.9841688654353562,True,CLUSTER_AWARE_CLASSICAL,train,syn_CLUSTER_AWARE_CLASSICAL_r100_00548,False
interpolation,1,27_89,17_55,27,0.33568286895751953,3252.845664024353,2460,1.0,0.9841688654353562,True,CLUSTER_AWARE_CLASSICAL,train,syn_CLUSTER_AWARE_CLASSICAL_r100_00549,False
interpolation,1,66_790,48_253,66,0.5189558863639832,156.32691204547882,380,1.0,0.9841688654353562,True,CLUSTER_AWARE_CLASSICAL,train,syn_CLUSTER_AWARE_CLASSICAL_r100_00550,False
interpolation,1,48_234,49_286,48,0.591979444026947,200.11773884296417,490,1.0,0.9841688654353562,True,CLUSTER_AWARE_CLASSICAL,train,syn_CLUSTER_AWARE_CLASSICAL_r100_00551,False
interpolation,1,57_504,76_1025,57,0.36899012327194214,125.0,250,1.0,0.9841688654353562,True,CLUSTER_AWARE_CLASSICAL,train,syn_CLUSTER_AWARE_CLASSICAL_r100_00552,False
interpolation,1,48_266,49_297,48,0.594880223274231,146.20479106903076,260,1.0,0.9841688654353562,True,CLUSTER_AWARE_CLASSICAL,train,syn_CLUSTER_AWARE_CLASSICAL_r100_00553,False
interpolation,1,66_771,48_243,66,0.513329029083252,183.4996771812439,440,1.0,0.9841688654353562,True,CLUSTER_AWARE_CLASSICAL,train,syn_CLUSTER_AWARE_CLASSICAL_r100_00554,False
interpolation,1,68_823,64_707,68,0.2811465561389923,340.49617499113083,300,1.0,0.9841688654353562,True,CLUSTER_AWARE_CLASSICAL,train,syn_CLUSTER_AWARE_CLASSICAL_r100_00555,False
interpolation,1,27_93,36_142,27,0.570743203163147,330.0479757785797,600,1.0,0.9841688654353562,True,CLUSTER_AWARE_CLASSICAL,train,syn_CLUSTER_AWARE_CLASSICAL_r100_00556,False
interpolation,1,42_171,41_154,42,0.5171530842781067,134.65693831443787,250,1.0,0.9841688654353562,True,CLUSTER_AWARE_CLASSICAL,train,syn_CLUSTER_AWARE_CLASSICAL_r100_00557,False
interpolation,1,27_87,79_1039,27,0.6218573451042175,286.93432211875916,710,1.0,0.9841688654353562,True,CLUSTER_AWARE_CLASSICAL,train,syn_CLUSTER_AWARE_CLASSICAL_r100_00558,False
interpolation,1,81_1110,73_944,81,0.510307788848877,120.0,240,1.0,0.9841688654353562,True,CLUSTER_AWARE_CLASSICAL,train,syn_CLUSTER_AWARE_CLASSICAL_r100_00559,False
interpolation,1,16_53,5_12,16,0.34892672300338745,4449.410814642906,13860,1.0,0.9841688654353562,True,CLUSTER_AWARE_CLASSICAL,train,syn_CLUSTER_AWARE_CLASSICAL_r100_00560,False
interpolation,1,48_266,48_265,48,0.5855323672294617,142.43402898311615,260,1.0,0.9841688654353562,True,CLUSTER_AWARE_CLASSICAL,train,syn_CLUSTER_AWARE_CLASSICAL_r100_00561,False
interpolation,1,27_91,29_107,27,0.304635614156723,1088.1125171482563,2510,1.0,0.9841688654353562,True,CLUSTER_AWARE_CLASSICAL,train,syn_CLUSTER_AWARE_CLASSICAL_r100_00562,False
interpolation,1,57_503,42_179,57,0.31156978011131287,528.0868963897228,650,1.0,0.9841688654353562,True,CLUSTER_AWARE_CLASSICAL,train,syn_CLUSTER_AWARE_CLASSICAL_r100_00563,False
interpolation,1,41_153,42_169,41,0.3196914494037628,553.4786993265152,760,1.0,0.9841688654353562,True,CLUSTER_AWARE_CLASSICAL,train,syn_CLUSTER_AWARE_CLASSICAL_r100_00564,False
interpolation,1,48_260,48_236,48,0.6961592435836792,241.5192037820816,480,1.0,0.9841688654353562,True,CLUSTER_AWARE_CLASSICAL,train,syn_CLUSTER_AWARE_CLASSICAL_r100_00565,False
interpolation,1,72_917,63_698,72,0.575681746006012,198.2109079360962,410,1.0,0.9841688654353562,True,CLUSTER_AWARE_CLASSICAL,train,syn_CLUSTER_AWARE_CLASSICAL_r100_00566,False
interpolation,1,49_291,49_293,49,0.7455357313156128,333.1919664144516,730,1.0,0.9841688654353562,True,CLUSTER_AWARE_CLASSICAL,train,syn_CLUSTER_AWARE_CLASSICAL_r100_00567,False
interpolation,1,72_920,73_953,72,0.4761824607849121,729.1981148719788,460,1.0,0.9841688654353562,True,CLUSTER_AWARE_CLASSICAL,train,syn_CLUSTER_AWARE_CLASSICAL_r100_00568,False
interpolation,1,29_102,36_140,29,0.2947693169116974,440.68925589323044,1100,1.0,0.9841688654353562,True,CLUSTER_AWARE_CLASSICAL,train,syn_CLUSTER_AWARE_CLASSICAL_r100_00569,False
interpolation,1,57_505,41_162,57,0.6022679805755615,237.89794087409973,440,1.0,0.9841688654353562,True,CLUSTER_AWARE_CLASSICAL,train,syn_CLUSTER_AWARE_CLASSICAL_r100_00570,False
interpolation,1,48_273,49_300,48,0.470299631357193,308.8119938969612,660,1.0,0.9841688654353562,True,CLUSTER_AWARE_CLASSICAL,train,syn_CLUSTER_AWARE_CLASSICAL_r100_00571,False
interpolation,1,50_317,48_280,50,0.6017213463783264,186.4855304658413,320,1.0,0.9841688654353562,True,CLUSTER_AWARE_CLASSICAL,train,syn_CLUSTER_AWARE_CLASSICAL_r100_00572,False
interpolation,1,8_27,10_41,8,0.5389648079872131,4422.198675721884,8997,1.0,0.9841688654353562,True,CLUSTER_AWARE_CLASSICAL,train,syn_CLUSTER_AWARE_CLASSICAL_r100_00573,False
interpolation,1,48_260,68_816,48,0.4886796474456787,181.19815945625305,480,1.0,0.9841688654353562,True,CLUSTER_AWARE_CLASSICAL,train,syn_CLUSTER_AWARE_CLASSICAL_r100_00574,False
interpolation,1,21_79,31_126,21,0.44926881790161133,2246.2912917137146,6690,1.0,0.9841688654353562,True,CLUSTER_AWARE_CLASSICAL,train,syn_CLUSTER_AWARE_CLASSICAL_r100_00575,False
interpolation,1,57_503,48_280,57,0.32413604855537415,258.4274075329304,650,1.0,0.9841688654353562,True,CLUSTER_AWARE_CLASSICAL,train,syn_CLUSTER_AWARE_CLASSICAL_r100_00576,False
interpolation,1,42_179,48_280,42,0.6720103025436401,490.9360540509224,1240,1.0,0.9841688654353562,True,CLUSTER_AWARE_CLASSICAL,train,syn_CLUSTER_AWARE_CLASSICAL_r100_00577,False
interpolation,1,32_131,23_82,32,0.26630666851997375,2407.088894456625,2550,1.0,0.9841688654353562,True,CLUSTER_AWARE_CLASSICAL,train,syn_CLUSTER_AWARE_CLASSICAL_r100_00578,False
interpolation,1,70_875,72_924,70,0.6475993394851685,242.60211116075516,580,1.0,0.9841688654353562,True,CLUSTER_AWARE_CLASSICAL,train,syn_CLUSTER_AWARE_CLASSICAL_r100_00579,False
interpolation,1,78_1036,64_707,78,0.5612495541572571,706.8497681617737,1870,1.0,0.9841688654353562,True,CLUSTER_AWARE_CLASSICAL,train,syn_CLUSTER_AWARE_CLASSICAL_r100_00580,False
interpolation,1,48_233,48_244,48,0.6012265086174011,425.06132543087006,890,1.0,0.9841688654353562,True,CLUSTER_AWARE_CLASSICAL,train,syn_CLUSTER_AWARE_CLASSICAL_r100_00581,False
interpolation,1,41_163,48_277,41,0.45921099185943604,861.7770373821259,3400,1.0,0.9841688654353562,True,CLUSTER_AWARE_CLASSICAL,train,syn_CLUSTER_AWARE_CLASSICAL_r100_00582,False
interpolation,1,49_284,50_308,49,0.6495162844657898,173.9709770679474,390,1.0,0.9841688654353562,True,CLUSTER_AWARE_CLASSICAL,train,syn_CLUSTER_AWARE_CLASSICAL_r100_00583,False
interpolation,1,63_683,80_1103,63,0.3453002870082855,1676.5248102545738,5380,1.0,0.9841688654353562,True,CLUSTER_AWARE_CLASSICAL,train,syn_CLUSTER_AWARE_CLASSICAL_r100_00584,False
interpolation,1,50_307,50_308,50,0.5171958208084106,241.02514326572418,680,1.0,0.9841688654353562,True,CLUSTER_AWARE_CLASSICAL,train,syn_CLUSTER_AWARE_CLASSICAL_r100_00585,False
interpolation,1,63_685,50_322,63,0.3322604298591614,183.37088495492935,320,1.0,0.9841688654353562,True,CLUSTER_AWARE_CLASSICAL,train,syn_CLUSTER_AWARE_CLASSICAL_r100_00586,False
interpolation,1,66_788,57_519,66,0.7191663980484009,159.55415189266205,350,1.0,0.9841688654353562,True,CLUSTER_AWARE_CLASSICAL,train,syn_CLUSTER_AWARE_CLASSICAL_r100_00587,False
interpolation,1,79_1048,81_1110,79,0.5447621941566467,732.8574684262276,2490,1.0,0.9841688654353562,True,CLUSTER_AWARE_CLASSICAL,train,syn_CLUSTER_AWARE_CLASSICAL_r100_00588,False
interpolation,1,79_1075,51_336,79,0.6721967458724976,840.5949115753174,2384,1.0,0.9841688654353562,True,CLUSTER_AWARE_CLASSICAL,train,syn_CLUSTER_AWARE_CLASSICAL_r100_00589,False
interpolation,1,50_315,50_310,50,0.705473780632019,269.4526219367981,480,1.0,0.9841688654353562,True,CLUSTER_AWARE_CLASSICAL,train,syn_CLUSTER_AWARE_CLASSICAL_r100_00590,False
interpolation,1,5_12,27_98,5,0.4928189516067505,2371.907953619957,6240,1.0,0.9841688654353562,True,CLUSTER_AWARE_CLASSICAL,train,syn_CLUSTER_AWARE_CLASSICAL_r100_00591,False
interpolation,1,31_124,27_90,31,0.289037823677063,718.6553418636322,2390,1.0,0.9841688654353562,True,CLUSTER_AWARE_CLASSICAL,train,syn_CLUSTER_AWARE_CLASSICAL_r100_00592,False
interpolation,1,76_1014,61_647,76,0.26091673970222473,1650.8354185521603,2230,1.0,0.9841688654353562,True,CLUSTER_AWARE_CLASSICAL,train,syn_CLUSTER_AWARE_CLASSICAL_r100_00593,False
interpolation,1,57_523,66_787,57,0.3833312690258026,217.0829676091671,650,1.0,0.9841688654353562,True,CLUSTER_AWARE_CLASSICAL,train,syn_CLUSTER_AWARE_CLASSICAL_r100_00594,False
interpolation,1,57_495,78_1030,57,0.5851339101791382,139.52031314373016,250,1.0,0.9841688654353562,True,CLUSTER_AWARE_CLASSICAL,train,syn_CLUSTER_AWARE_CLASSICAL_r100_00595,False
interpolation,1,48_236,48_235,48,0.3713430166244507,238.7134301662445,490,1.0,0.9841688654353562,True,CLUSTER_AWARE_CLASSICAL,train,syn_CLUSTER_AWARE_CLASSICAL_r100_00596,False
interpolation,1,78_1030,57_494,78,0.5967385768890381,194.27722096443176,320,1.0,0.9841688654353562,True,CLUSTER_AWARE_CLASSICAL,train,syn_CLUSTER_AWARE_CLASSICAL_r100_00597,False
interpolation,1,42_176,48_267,42,0.2764001488685608,268.52606922388077,1210,1.0,0.9841688654353562,True,CLUSTER_AWARE_CLASSICAL,train,syn_CLUSTER_AWARE_CLASSICAL_r100_00598,False
interpolation,1,66_781,4_10,66,0.670989990234375,753.8154602050781,820,1.0,0.9841688654353562,True,CLUSTER_AWARE_CLASSICAL,train,syn_CLUSTER_AWARE_CLASSICAL_r100_00599,False
interpolation,1,29_104,32_137,29,0.4879823923110962,844.6758621931076,1930,1.0,0.9841688654353562,True,CLUSTER_AWARE_CLASSICAL,train,syn_CLUSTER_AWARE_CLASSICAL_r100_00600,False
interpolation,1,63_686,41_164,63,0.6681311726570129,249.51671302318573,280,1.0,0.9841688654353562,True,CLUSTER_AWARE_CLASSICAL,train,syn_CLUSTER_AWARE_CLASSICAL_r100_00601,False
interpolation,1,63_684,50_322,63,0.44343701004981995,163.95941510796547,250,1.0,0.9841688654353562,True,CLUSTER_AWARE_CLASSICAL,train,syn_CLUSTER_AWARE_CLASSICAL_r100_00602,False
interpolation,1,29_113,27_94,29,0.46597713232040405,556.4425680041313,1460,1.0,0.9841688654353562,True,CLUSTER_AWARE_CLASSICAL,train,syn_CLUSTER_AWARE_CLASSICAL_r100_00603,False
interpolation,1,10_35,32_136,10,0.4743613302707672,565.7673507928848,280,1.0,0.9841688654353562,True,CLUSTER_AWARE_CLASSICAL,train,syn_CLUSTER_AWARE_CLASSICAL_r100_00604,False
interpolation,1,11_44,72_920,11,0.6438367962837219,209.71914091706276,397,1.0,0.9841688654353562,True,CLUSTER_AWARE_CLASSICAL,train,syn_CLUSTER_AWARE_CLASSICAL_r100_00605,False
interpolation,1,62_662,32_132,62,0.3468943238258362,816.5746194124222,340,1.0,0.9841688654353562,True,CLUSTER_AWARE_CLASSICAL,train,syn_CLUSTER_AWARE_CLASSICAL_r100_00606,False
interpolation,1,49_300,48_270,49,0.5976482033729553,263.8471332192421,580,1.0,0.9841688654353562,True,CLUSTER_AWARE_CLASSICAL,train,syn_CLUSTER_AWARE_CLASSICAL_r100_00607,False
interpolation,1,48_266,42_179,48,0.5619260668754578,344.6562272310257,260,1.0,0.9841688654353562,True,CLUSTER_AWARE_CLASSICAL,train,syn_CLUSTER_AWARE_CLASSICAL_r100_00608,False
interpolation,1,10_40,48_232,10,0.6558734774589539,269.35240864753723,580,1.0,0.9841688654353562,True,CLUSTER_AWARE_CLASSICAL,train,syn_CLUSTER_AWARE_CLASSICAL_r100_00609,False
interpolation,1,7_24,5_12,7,0.6077000498771667,4885.368644893169,12050,1.0,0.9841688654353562,True,CLUSTER_AWARE_CLASSICAL,train,syn_CLUSTER_AWARE_CLASSICAL_r100_00610,False
interpolation,1,49_282,50_307,49,0.2698292136192322,295.4781797528267,350,1.0,0.9841688654353562,True,CLUSTER_AWARE_CLASSICAL,train,syn_CLUSTER_AWARE_CLASSICAL_r100_00611,False
interpolation,1,48_275,41_163,48,0.2723364531993866,1314.64386805892,570,1.0,0.9841688654353562,True,CLUSTER_AWARE_CLASSICAL,train,syn_CLUSTER_AWARE_CLASSICAL_r100_00612,False
interpolation,1,60_626,61_647,60,0.5316435694694519,1874.5568320155144,3810,1.0,0.9841688654353562,True,CLUSTER_AWARE_CLASSICAL,train,syn_CLUSTER_AWARE_CLASSICAL_r100_00613,False
interpolation,1,17_56,15_52,17,0.49180635809898376,3859.457973152399,7414,1.0,0.9841688654353562,True,CLUSTER_AWARE_CLASSICAL,train,syn_CLUSTER_AWARE_CLASSICAL_r100_00614,False
interpolation,1,27_94,27_99,27,0.31452932953834534,1440.060769468546,810,1.0,0.9841688654353562,True,CLUSTER_AWARE_CLASSICAL,train,syn_CLUSTER_AWARE_CLASSICAL_r100_00615,False
interpolation,1,36_149,36_143,36,0.3094707727432251,1400.4735386371613,2870,1.0,0.9841688654353562,True,CLUSTER_AWARE_CLASSICAL,train,syn_CLUSTER_AWARE_CLASSICAL_r100_00616,False
interpolation,1,57_513,66_789,57,0.35996559262275696,250.19329592585564,750,1.0,0.9841688654353562,True,CLUSTER_AWARE_CLASSICAL,train,syn_CLUSTER_AWARE_CLASSICAL_r100_00617,False
interpolation,1,63_695,66_767,63,0.7093738913536072,179.40643846988678,260,1.0,0.9841688654353562,True,CLUSTER_AWARE_CLASSICAL,train,syn_CLUSTER_AWARE_CLASSICAL_r100_00618,False
interpolation,1,50_304,50_307,50,0.4421796202659607,267.0403626561165,350,1.0,0.9841688654353562,True,CLUSTER_AWARE_CLASSICAL,train,syn_CLUSTER_AWARE_CLASSICAL_r100_00619,False
interpolation,1,62_674,70_886,62,0.5900158286094666,6251.197881728411,18350,1.0,0.9841688654353562,True,CLUSTER_AWARE_CLASSICAL,train,syn_CLUSTER_AWARE_CLASSICAL_r100_00620,False
interpolation,1,57_502,50_317,57,0.6343250870704651,160.0,320,1.0,0.9841688654353562,True,CLUSTER_AWARE_CLASSICAL,train,syn_CLUSTER_AWARE_CLASSICAL_r100_00621,False
interpolation,1,29_105,29_109,29,0.7467747926712036,433.26575458049774,550,1.0,0.9841688654353562,True,CLUSTER_AWARE_CLASSICAL,train,syn_CLUSTER_AWARE_CLASSICAL_r100_00622,False
interpolation,1,48_275,48_277,48,0.5367379784584045,222.4596270918846,570,1.0,0.9841688654353562,True,CLUSTER_AWARE_CLASSICAL,train,syn_CLUSTER_AWARE_CLASSICAL_r100_00623,False
interpolation,1,68_820,79_1043,68,0.594640851020813,146.21436595916748,260,1.0,0.9841688654353562,True,CLUSTER_AWARE_CLASSICAL,train,syn_CLUSTER_AWARE_CLASSICAL_r100_00624,False
interpolation,1,62_671,73_936,62,0.5140404105186462,150.84242463111877,360,1.0,0.9841688654353562,True,CLUSTER_AWARE_CLASSICAL,train,syn_CLUSTER_AWARE_CLASSICAL_r100_00625,False
interpolation,1,27_93,30_120,27,0.7393311262130737,430.33443689346313,600,1.0,0.9841688654353562,True,CLUSTER_AWARE_CLASSICAL,train,syn_CLUSTER_AWARE_CLASSICAL_r100_00626,False
interpolation,1,72_924,72_912,72,0.31708866357803345,155.15854433178902,311,1.0,0.9841688654353562,True,CLUSTER_AWARE_CLASSICAL,train,syn_CLUSTER_AWARE_CLASSICAL_r100_00627,False
interpolation,1,4_6,31_124,4,0.4894218444824219,876.8758010864258,1090,1.0,0.9841688654353562,True,CLUSTER_AWARE_CLASSICAL,train,syn_CLUSTER_AWARE_CLASSICAL_r100_00628,False
interpolation,1,10_41,10_37,10,0.3457651734352112,1645.4033324718475,8666,1.0,0.9841688654353562,True,CLUSTER_AWARE_CLASSICAL,train,syn_CLUSTER_AWARE_CLASSICAL_r100_00629,False
interpolation,1,73_944,78_1038,73,0.6546697616577148,288.348491191864,240,1.0,0.9841688654353562,True,CLUSTER_AWARE_CLASSICAL,train,syn_CLUSTER_AWARE_CLASSICAL_r100_00630,False
interpolation,1,27_97,57_510,27,0.4863843023777008,1185.472846776247,4410,1.0,0.9841688654353562,True,CLUSTER_AWARE_CLASSICAL,train,syn_CLUSTER_AWARE_CLASSICAL_r100_00631,False
interpolation,1,30_121,27_92,30,0.47890806198120117,1397.9267070293427,3553,1.0,0.9841688654353562,True,CLUSTER_AWARE_CLASSICAL,train,syn_CLUSTER_AWARE_CLASSICAL_r100_00632,False
interpolation,1,48_247,66_774,48,0.48271188139915466,231.8881343305111,650,1.0,0.9841688654353562,True,CLUSTER_AWARE_CLASSICAL,train,syn_CLUSTER_AWARE_CLASSICAL_r100_00633,False
interpolation,1,10_35,31_125,10,0.2534889876842499,968.6271864175797,280,1.0,0.9841688654353562,True,CLUSTER_AWARE_CLASSICAL,train,syn_CLUSTER_AWARE_CLASSICAL_r100_00634,False
interpolation,1,48_233,49_285,48,0.36981433629989624,378.8305053114891,890,1.0,0.9841688654353562,True,CLUSTER_AWARE_CLASSICAL,train,syn_CLUSTER_AWARE_CLASSICAL_r100_00635,False
interpolation,1,48_252,49_284,48,0.5302274823188782,171.13976329565048,300,1.0,0.9841688654353562,True,CLUSTER_AWARE_CLASSICAL,train,syn_CLUSTER_AWARE_CLASSICAL_r100_00636,False
interpolation,1,73_928,10_37,73,0.5650448799133301,233.47567319869995,480,1.0,0.9841688654353562,True,CLUSTER_AWARE_CLASSICAL,train,syn_CLUSTER_AWARE_CLASSICAL_r100_00637,False
interpolation,1,57_519,73_950,57,0.5929288864135742,122.03535556793213,240,1.0,0.9841688654353562,True,CLUSTER_AWARE_CLASSICAL,train,syn_CLUSTER_AWARE_CLASSICAL_r100_00638,False
interpolation,1,16_53,42_172,16,0.305560439825058,2541.14196151495,13860,1.0,0.9841688654353562,True,CLUSTER_AWARE_CLASSICAL,train,syn_CLUSTER_AWARE_CLASSICAL_r100_00639,False
interpolation,1,66_775,48_258,66,0.6364635825157166,275.93357771635056,730,1.0,0.9841688654353562,True,CLUSTER_AWARE_CLASSICAL,train,syn_CLUSTER_AWARE_CLASSICAL_r100_00640,False
interpolation,1,79_1060,61_647,79,0.5343992710113525,1356.368659734726,1870,1.0,0.9841688654353562,True,CLUSTER_AWARE_CLASSICAL,train,syn_CLUSTER_AWARE_CLASSICAL_r100_00641,False
interpolation,1,73_944,72_917,73,0.4193311929702759,169.35684859752655,240,1.0,0.9841688654353562,True,CLUSTER_AWARE_CLASSICAL,train,syn_CLUSTER_AWARE_CLASSICAL_r100_00642,False
interpolation,1,57_497,68_814,57,0.54569011926651,165.01295655965805,380,1.0,0.9841688654353562,True,CLUSTER_AWARE_CLASSICAL,train,syn_CLUSTER_AWARE_CLASSICAL_r100_00643,False
interpolation,1,13_47,5_12,13,0.3188420832157135,5189.2852130532265,19220,1.0,0.9841688654353562,True,CLUSTER_AWARE_CLASSICAL,train,syn_CLUSTER_AWARE_CLASSICAL_r100_00644,False
interpolation,1,50_320,42_168,50,0.343530535697937,520.8701330423355,510,1.0,0.9841688654353562,True,CLUSTER_AWARE_CLASSICAL,train,syn_CLUSTER_AWARE_CLASSICAL_r100_00645,False
interpolation,1,41_162,42_177,41,0.39632779359817505,847.5436791777611,530,1.0,0.9841688654353562,True,CLUSTER_AWARE_CLASSICAL,train,syn_CLUSTER_AWARE_CLASSICAL_r100_00646,False
interpolation,1,4_5,10_34,4,0.6398652195930481,790.0915017724037,2160,1.0,0.9841688654353562,True,CLUSTER_AWARE_CLASSICAL,train,syn_CLUSTER_AWARE_CLASSICAL_r100_00647,False
interpolation,1,72_923,57_513,72,0.29040640592575073,350.3154554963112,580,1.0,0.9841688654353562,True,CLUSTER_AWARE_CLASSICAL,train,syn_CLUSTER_AWARE_CLASSICAL_r100_00648,False
interpolation,1,13_47,27_88,13,0.676231324672699,6804.544428288937,19220,1.0,0.9841688654353562,True,CLUSTER_AWARE_CLASSICAL,train,syn_CLUSTER_AWARE_CLASSICAL_r100_00649,False
interpolation,1,49_300,48_273,49,0.3519384562969208,315.9224519133568,580,1.0,0.9841688654353562,True,CLUSTER_AWARE_CLASSICAL,train,syn_CLUSTER_AWARE_CLASSICAL_r100_00650,False
interpolation,1,50_321,50_322,50,0.36165717244148254,247.44029581546783,680,1.0,0.9841688654353562,True,CLUSTER_AWARE_CLASSICAL,train,syn_CLUSTER_AWARE_CLASSICAL_r100_00651,False
interpolation,1,49_285,50_307,49,0.30481570959091187,340.0,680,1.0,0.9841688654353562,True,CLUSTER_AWARE_CLASSICAL,train,syn_CLUSTER_AWARE_CLASSICAL_r100_00652,False
interpolation,1,36_143,36_139,36,0.3610039949417114,1222.0560187101364,2770,1.0,0.9841688654353562,True,CLUSTER_AWARE_CLASSICAL,train,syn_CLUSTER_AWARE_CLASSICAL_r100_00653,False
interpolation,1,10_33,10_34,10,0.4056491255760193,319.6214038133621,770,1.0,0.9841688654353562,True,CLUSTER_AWARE_CLASSICAL,train,syn_CLUSTER_AWARE_CLASSICAL_r100_00654,False
interpolation,1,41_156,73_950,41,0.41967514157295227,255.0992976129055,870,1.0,0.9841688654353562,True,CLUSTER_AWARE_CLASSICAL,train,syn_CLUSTER_AWARE_CLASSICAL_r100_00655,False
interpolation,1,29_107,29_114,29,0.7006327509880066,850.0486457943916,2030,1.0,0.9841688654353562,True,CLUSTER_AWARE_CLASSICAL,train,syn_CLUSTER_AWARE_CLASSICAL_r100_00656,False
interpolation,1,61_652,50_317,61,0.5485357046127319,212.11089193820953,510,1.0,0.9841688654353562,True,CLUSTER_AWARE_CLASSICAL,train,syn_CLUSTER_AWARE_CLASSICAL_r100_00657,False
interpolation,1,74_969,48_240,74,0.6222392320632935,192.10966527462006,320,1.0,0.9841688654353562,True,CLUSTER_AWARE_CLASSICAL,train,syn_CLUSTER_AWARE_CLASSICAL_r100_00658,False
interpolation,1,10_41,5_13,10,0.6367154717445374,4311.566212832928,8666,1.0,0.9841688654353562,True,CLUSTER_AWARE_CLASSICAL,train,syn_CLUSTER_AWARE_CLASSICAL_r100_00659,False
interpolation,1,36_148,36_150,36,0.46560412645339966,259.920309484005,600,1.0,0.9841688654353562,True,CLUSTER_AWARE_CLASSICAL,train,syn_CLUSTER_AWARE_CLASSICAL_r100_00660,False
interpolation,1,57_505,42_175,57,0.49722999334335327,413.566452562809,440,1.0,0.9841688654353562,True,CLUSTER_AWARE_CLASSICAL,train,syn_CLUSTER_AWARE_CLASSICAL_r100_00661,False
interpolation,1,73_950,49_286,73,0.3844658434391022,131.1553455889225,250,1.0,0.9841688654353562,True,CLUSTER_AWARE_CLASSICAL,train,syn_CLUSTER_AWARE_CLASSICAL_r100_00662,False
interpolation,1,68_823,79_1060,68,0.2870626151561737,709.6558192372322,300,1.0,0.9841688654353562,True,CLUSTER_AWARE_CLASSICAL,train,syn_CLUSTER_AWARE_CLASSICAL_r100_00663,False
interpolation,1,31_124,24_83,31,0.6693865656852722,2252.962989807129,2390,1.0,0.9841688654353562,True,CLUSTER_AWARE_CLASSICAL,train,syn_CLUSTER_AWARE_CLASSICAL_r100_00664,False
interpolation,1,60_626,76_1014,60,0.6715039610862732,1645.4881292581558,3810,1.0,0.9841688654353562,True,CLUSTER_AWARE_CLASSICAL,train,syn_CLUSTER_AWARE_CLASSICAL_r100_00665,False
interpolation,1,79_1069,66_763,79,0.32966434955596924,5176.246137022972,1980,1.0,0.9841688654353562,True,CLUSTER_AWARE_CLASSICAL,train,syn_CLUSTER_AWARE_CLASSICAL_r100_00666,False
interpolation,1,80_1103,78_1038,80,0.48048120737075806,864.3172053396702,2284,1.0,0.9841688654353562,True,CLUSTER_AWARE_CLASSICAL,train,syn_CLUSTER_AWARE_CLASSICAL_r100_00667,False
interpolation,1,29_107,29_111,29,0.6078931093215942,1022.8421378135681,2030,1.0,0.9841688654353562,True,CLUSTER_AWARE_CLASSICAL,train,syn_CLUSTER_AWARE_CLASSICAL_r100_00668,False
interpolation,1,49_284,48_250,49,0.46937012672424316,221.53149366378784,390,1.0,0.9841688654353562,True,CLUSTER_AWARE_CLASSICAL,train,syn_CLUSTER_AWARE_CLASSICAL_r100_00669,False
interpolation,1,41_160,63_697,41,0.7071521282196045,305.71521282196045,670,1.0,0.9841688654353562,True,CLUSTER_AWARE_CLASSICAL,train,syn_CLUSTER_AWARE_CLASSICAL_r100_00670,False
interpolation,1,48_262,48_264,48,0.5792157053947449,269.70195829868317,430,1.0,0.9841688654353562,True,CLUSTER_AWARE_CLASSICAL,train,syn_CLUSTER_AWARE_CLASSICAL_r100_00671,False
interpolation,1,57_524,57_516,57,0.7118412256240845,217.16632729768753,513,1.0,0.9841688654353562,True,CLUSTER_AWARE_CLASSICAL,train,syn_CLUSTER_AWARE_CLASSICAL_r100_00672,False
interpolation,1,8_26,27_98,8,0.4082517623901367,2965.6944513320923,9760,1.0,0.9841688654353562,True,CLUSTER_AWARE_CLASSICAL,train,syn_CLUSTER_AWARE_CLASSICAL_r100_00673,False
interpolation,1,42_172,16_53,42,0.7293946146965027,2320.226035118103,1220,1.0,0.9841688654353562,True,CLUSTER_AWARE_CLASSICAL,train,syn_CLUSTER_AWARE_CLASSICAL_r100_00674,False
interpolation,1,48_239,49_293,48,0.5532128214836121,367.2389489412308,940,1.0,0.9841688654353562,True,CLUSTER_AWARE_CLASSICAL,train,syn_CLUSTER_AWARE_CLASSICAL_r100_00675,False
interpolation,1,27_96,15_51,27,0.3235352635383606,3848.213467001915,2650,1.0,0.9841688654353562,True,CLUSTER_AWARE_CLASSICAL,train,syn_CLUSTER_AWARE_CLASSICAL_r100_00676,False
interpolation,1,32_130,29_113,32,0.41020524501800537,1214.0421891212463,3820,1.0,0.9841688654353562,True,CLUSTER_AWARE_CLASSICAL,train,syn_CLUSTER_AWARE_CLASSICAL_r100_00677,False
interpolation,1,41_152,8_26,41,0.43461740016937256,2837.298219203949,360,1.0,0.9841688654353562,True,CLUSTER_AWARE_CLASSICAL,train,syn_CLUSTER_AWARE_CLASSICAL_r100_00678,False
interpolation,1,76_1027,81_1110,76,0.3614358901977539,273.24881744384766,1088,1.0,0.9841688654353562,True,CLUSTER_AWARE_CLASSICAL,train,syn_CLUSTER_AWARE_CLASSICAL_r100_00679,False
interpolation,1,48_231,49_286,48,0.36401647329330444,167.7614825963974,450,1.0,0.9841688654353562,True,CLUSTER_AWARE_CLASSICAL,train,syn_CLUSTER_AWARE_CLASSICAL_r100_00680,False
interpolation,1,4_11,70_886,4,0.5179091095924377,2819.586800724268,7084,1.0,0.9841688654353562,True,CLUSTER_AWARE_CLASSICAL,train,syn_CLUSTER_AWARE_CLASSICAL_r100_00681,False
interpolation,1,49_297,42_179,49,0.5744155645370483,361.51299595832825,340,1.0,0.9841688654353562,True,CLUSTER_AWARE_CLASSICAL,train,syn_CLUSTER_AWARE_CLASSICAL_r100_00682,False
interpolation,1,11_44,72_920,11,0.27678993344306946,221.28112395107746,397,1.0,0.9841688654353562,True,CLUSTER_AWARE_CLASSICAL,train,syn_CLUSTER_AWARE_CLASSICAL_r100_00683,False
interpolation,1,30_121,7_25,30,0.4192591905593872,1500.0673747062683,3553,1.0,0.9841688654353562,True,CLUSTER_AWARE_CLASSICAL,train,syn_CLUSTER_AWARE_CLASSICAL_r100_00684,False
interpolation,1,24_83,23_81,24,0.33560317754745483,3541.2500831484795,8790,1.0,0.9841688654353562,True,CLUSTER_AWARE_CLASSICAL,train,syn_CLUSTER_AWARE_CLASSICAL_r100_00685,False
interpolation,1,57_512,66_775,57,0.30603352189064026,332.86649107933044,520,1.0,0.9841688654353562,True,CLUSTER_AWARE_CLASSICAL,train,syn_CLUSTER_AWARE_CLASSICAL_r100_00686,False
interpolation,1,49_286,48_258,49,0.6753613948822021,130.13042092323303,270,1.0,0.9841688654353562,True,CLUSTER_AWARE_CLASSICAL,train,syn_CLUSTER_AWARE_CLASSICAL_r100_00687,False
interpolation,1,48_234,48_258,48,0.5308045148849487,186.3505643606186,490,1.0,0.9841688654353562,True,CLUSTER_AWARE_CLASSICAL,train,syn_CLUSTER_AWARE_CLASSICAL_r100_00688,False
interpolation,1,73_936,80_1103,73,0.49226924777030945,638.9007947444916,240,1.0,0.9841688654353562,True,CLUSTER_AWARE_CLASSICAL,train,syn_CLUSTER_AWARE_CLASSICAL_r100_00689,False
interpolation,1,51_336,49_295,51,0.2669970989227295,149.32011604309082,240,1.0,0.9841688654353562,True,CLUSTER_AWARE_CLASSICAL,train,syn_CLUSTER_AWARE_CLASSICAL_r100_00690,False
interpolation,1,32_134,27_95,32,0.2604641020298004,1020.9998106956482,2360,1.0,0.9841688654353562,True,CLUSTER_AWARE_CLASSICAL,train,syn_CLUSTER_AWARE_CLASSICAL_r100_00691,False
interpolation,1,36_150,32_129,36,0.3408917784690857,544.6674874424934,450,1.0,0.9841688654353562,True,CLUSTER_AWARE_CLASSICAL,train,syn_CLUSTER_AWARE_CLASSICAL_r100_00692,False
interpolation,1,81_1117,76_1010,81,0.3828270137310028,2739.3473864495754,10442,1.0,0.9841688654353562,True,CLUSTER_AWARE_CLASSICAL,train,syn_CLUSTER_AWARE_CLASSICAL_r100_00693,False
interpolation,1,50_321,4_9,50,0.6118879318237305,512.7098703384399,680,1.0,0.9841688654353562,True,CLUSTER_AWARE_CLASSICAL,train,syn_CLUSTER_AWARE_CLASSICAL_r100_00694,False
interpolation,1,51_327,48_243,51,0.72548508644104,130.4902982711792,250,1.0,0.9841688654353562,True,CLUSTER_AWARE_CLASSICAL,train,syn_CLUSTER_AWARE_CLASSICAL_r100_00695,False
interpolation,1,42_180,49_297,42,0.5551676154136658,383.7395319342613,1110,1.0,0.9841688654353562,True,CLUSTER_AWARE_CLASSICAL,train,syn_CLUSTER_AWARE_CLASSICAL_r100_00696,False
interpolation,1,66_792,80_1103,66,0.39796245098114014,1120.5100276470184,2176,1.0,0.9841688654353562,True,CLUSTER_AWARE_CLASSICAL,train,syn_CLUSTER_AWARE_CLASSICAL_r100_00697,False
interpolation,1,68_823,73_952,68,0.6161935925483704,144.24290388822556,300,1.0,0.9841688654353562,True,CLUSTER_AWARE_CLASSICAL,train,syn_CLUSTER_AWARE_CLASSICAL_r100_00698,False
interpolation,1,48_269,48_268,48,0.6244363188743591,166.28945767879486,280,1.0,0.9841688654353562,True,CLUSTER_AWARE_CLASSICAL,train,syn_CLUSTER_AWARE_CLASSICAL_r100_00699,False
interpolation,1,80_1103,66_792,80,0.2733091413974762,1102.7587260603905,2284,1.0,0.9841688654353562,True,CLUSTER_AWARE_CLASSICAL,train,syn_CLUSTER_AWARE_CLASSICAL_r100_00700,False
interpolation,1,57_495,78_1030,57,0.7239121198654175,134.6630758047104,250,1.0,0.9841688654353562,True,CLUSTER_AWARE_CLASSICAL,train,syn_CLUSTER_AWARE_CLASSICAL_r100_00701,False
interpolation,1,50_313,49_288,50,0.37771615386009216,349.4428937137127,730,1.0,0.9841688654353562,True,CLUSTER_AWARE_CLASSICAL,train,syn_CLUSTER_AWARE_CLASSICAL_r100_00702,False
interpolation,1,29_107,27_91,29,0.2901069223880768,1185.3743760287762,2030,1.0,0.9841688654353562,True,CLUSTER_AWARE_CLASSICAL,train,syn_CLUSTER_AWARE_CLASSICAL_r100_00703,False
interpolation,1,48_279,49_298,48,0.48758262395858765,211.1175638437271,330,1.0,0.9841688654353562,True,CLUSTER_AWARE_CLASSICAL,train,syn_CLUSTER_AWARE_CLASSICAL_r100_00704,False
interpolation,1,27_97,27_95,27,0.3667753040790558,1419.8014058172703,4410,1.0,0.9841688654353562,True,CLUSTER_AWARE_CLASSICAL,train,syn_CLUSTER_AWARE_CLASSICAL_r100_00705,False
interpolation,1,41_154,32_135,41,0.4292556047439575,690.0608974695206,290,1.0,0.9841688654353562,True,CLUSTER_AWARE_CLASSICAL,train,syn_CLUSTER_AWARE_CLASSICAL_r100_00706,False
interpolation,1,48_262,48_263,48,0.2577039301395416,203.8655649125576,430,1.0,0.9841688654353562,True,CLUSTER_AWARE_CLASSICAL,train,syn_CLUSTER_AWARE_CLASSICAL_r100_00707,False
interpolation,1,61_647,74_980,61,0.4406616985797882,1431.6830730438232,3680,1.0,0.9841688654353562,True,CLUSTER_AWARE_CLASSICAL,train,syn_CLUSTER_AWARE_CLASSICAL_r100_00708,False
interpolation,1,79_1075,51_336,79,0.7313058376312256,903.9598579406738,2384,1.0,0.9841688654353562,True,CLUSTER_AWARE_CLASSICAL,train,syn_CLUSTER_AWARE_CLASSICAL_r100_00709,False
interpolation,1,57_517,79_1050,57,0.5927765369415283,191.65011167526245,310,1.0,0.9841688654353562,True,CLUSTER_AWARE_CLASSICAL,train,syn_CLUSTER_AWARE_CLASSICAL_r100_00710,False
interpolation,1,57_520,73_950,57,0.5283322334289551,127.64166116714478,260,1.0,0.9841688654353562,True,CLUSTER_AWARE_CLASSICAL,train,syn_CLUSTER_AWARE_CLASSICAL_r100_00711,False
interpolation,1,16_54,7_25,16,0.6042951941490173,2564.6855461597443,6785,1.0,0.9841688654353562,True,CLUSTER_AWARE_CLASSICAL,train,syn_CLUSTER_AWARE_CLASSICAL_r100_00712,False
interpolation,1,15_51,23_81,15,0.2812405228614807,3657.01281696558,10110,1.0,0.9841688654353562,True,CLUSTER_AWARE_CLASSICAL,train,syn_CLUSTER_AWARE_CLASSICAL_r100_00713,False
interpolation,1,36_138,36_140,36,0.343365341424942,401.8673186004162,830,1.0,0.9841688654353562,True,CLUSTER_AWARE_CLASSICAL,train,syn_CLUSTER_AWARE_CLASSICAL_r100_00714,False
interpolation,1,29_107,29_111,29,0.28305643796920776,1029.3388712406158,2030,1.0,0.9841688654353562,True,CLUSTER_AWARE_CLASSICAL,train,syn_CLUSTER_AWARE_CLASSICAL_r100_00715,False
interpolation,1,42_177,49_300,42,0.4650407135486603,727.1382793784142,2460,1.0,0.9841688654353562,True,CLUSTER_AWARE_CLASSICAL,train,syn_CLUSTER_AWARE_CLASSICAL_r100_00716,False
interpolation,1,78_1036,79_1060,78,0.33771204948425293,935.0,1870,1.0,0.9841688654353562,True,CLUSTER_AWARE_CLASSICAL,train,syn_CLUSTER_AWARE_CLASSICAL_r100_00717,False
interpolation,1,42_174,66_788,42,0.5248473286628723,398.06011468172073,1200,1.0,0.9841688654353562,True,CLUSTER_AWARE_CLASSICAL,train,syn_CLUSTER_AWARE_CLASSICAL_r100_00718,False
interpolation,1,50_322,50_321,50,0.6318171620368958,248.38651150465012,390,1.0,0.9841688654353562,True,CLUSTER_AWARE_CLASSICAL,train,syn_CLUSTER_AWARE_CLASSICAL_r100_00719,False
interpolation,1,32_135,4_8,32,0.7331821322441101,1502.8949803113937,2200,1.0,0.9841688654353562,True,CLUSTER_AWARE_CLASSICAL,train,syn_CLUSTER_AWARE_CLASSICAL_r100_00720,False
interpolation,1,10_37,30_121,10,0.4562704563140869,1068.5963870286942,450,1.0,0.9841688654353562,True,CLUSTER_AWARE_CLASSICAL,train,syn_CLUSTER_AWARE_CLASSICAL_r100_00721,False
interpolation,1,7_25,16_54,7,0.7314707040786743,1862.2632870674133,2601,1.0,0.9841688654353562,True,CLUSTER_AWARE_CLASSICAL,train,syn_CLUSTER_AWARE_CLASSICAL_r100_00722,False
interpolation,1,48_243,48_246,48,0.7467994689941406,142.4679946899414,290,1.0,0.9841688654353562,True,CLUSTER_AWARE_CLASSICAL,train,syn_CLUSTER_AWARE_CLASSICAL_r100_00723,False
interpolation,1,31_126,29_113,31,0.6469200253486633,1131.0904157161713,2700,1.0,0.9841688654353562,True,CLUSTER_AWARE_CLASSICAL,train,syn_CLUSTER_AWARE_CLASSICAL_r100_00724,False
interpolation,1,73_928,27_98,73,0.34481528401374817,1160.5345749855042,480,1.0,0.9841688654353562,True,CLUSTER_AWARE_CLASSICAL,train,syn_CLUSTER_AWARE_CLASSICAL_r100_00725,False
interpolation,1,23_81,29_109,23,0.6052207946777344,2237.537956237793,6220,1.0,0.9841688654353562,True,CLUSTER_AWARE_CLASSICAL,train,syn_CLUSTER_AWARE_CLASSICAL_r100_00726,False
interpolation,1,41_157,48_255,41,0.3025076389312744,374.9137604236603,980,1.0,0.9841688654353562,True,CLUSTER_AWARE_CLASSICAL,train,syn_CLUSTER_AWARE_CLASSICAL_r100_00727,False
interpolation,1,36_139,36_145,36,0.5200861096382141,1537.926806807518,2260,1.0,0.9841688654353562,True,CLUSTER_AWARE_CLASSICAL,train,syn_CLUSTER_AWARE_CLASSICAL_r100_00728,False
interpolation,1,8_26,29_108,8,0.45718255639076233,3088.702483177185,9760,1.0,0.9841688654353562,True,CLUSTER_AWARE_CLASSICAL,train,syn_CLUSTER_AWARE_CLASSICAL_r100_00729,False
interpolation,1,48_254,49_283,48,0.653403639793396,204.12032663822174,280,1.0,0.9841688654353562,True,CLUSTER_AWARE_CLASSICAL,train,syn_CLUSTER_AWARE_CLASSICAL_r100_00730,False
interpolation,1,10_31,32_129,10,0.3300742506980896,520.2073058485985,270,1.0,0.9841688654353562,True,CLUSTER_AWARE_CLASSICAL,train,syn_CLUSTER_AWARE_CLASSICAL_r100_00731,False
interpolation,1,31_123,29_112,31,0.29318493604660034,1185.5938398838043,3700,1.0,0.9841688654353562,True,CLUSTER_AWARE_CLASSICAL,train,syn_CLUSTER_AWARE_CLASSICAL_r100_00732,False
interpolation,1,36_142,36_144,36,0.3472611606121063,350.4178246855736,740,1.0,0.9841688654353562,True,CLUSTER_AWARE_CLASSICAL,train,syn_CLUSTER_AWARE_CLASSICAL_r100_00733,False
timegan,0,,,-1,,120.0,240,0.5,0.5070422535211268,True,CLUSTER_AWARE_GAN,train,syn_CLUSTER_AWARE_GAN_r50_00000,True
timegan,0,,,-1,,285.0,570,0.5,0.5070422535211268,True,CLUSTER_AWARE_GAN,train,syn_CLUSTER_AWARE_GAN_r50_00001,True
timegan,0,,,-1,,800.0,1600,0.5,0.5070422535211268,True,CLUSTER_AWARE_GAN,train,syn_CLUSTER_AWARE_GAN_r50_00002,True
timegan,0,,,-1,,358.0,716,0.5,0.5070422535211268,True,CLUSTER_AWARE_GAN,train,syn_CLUSTER_AWARE_GAN_r50_00003,True
timegan,0,,,-1,,410.0,820,0.5,0.5070422535211268,True,CLUSTER_AWARE_GAN,train,syn_CLUSTER_AWARE_GAN_r50_00004,True
timegan,0,,,-1,,140.0,280,0.5,0.5070422535211268,True,CLUSTER_AWARE_GAN,train,syn_CLUSTER_AWARE_GAN_r50_00005,True
timegan,0,,,-1,,620.0,1240,0.5,0.5070422535211268,True,CLUSTER_AWARE_GAN,train,syn_CLUSTER_AWARE_GAN_r50_00006,True
timegan,0,,,-1,,210.0,420,0.5,0.5070422535211268,True,CLUSTER_AWARE_GAN,train,syn_CLUSTER_AWARE_GAN_r50_00007,True
timegan,0,,,-1,,150.0,300,0.5,0.5070422535211268,True,CLUSTER_AWARE_GAN,train,syn_CLUSTER_AWARE_GAN_r50_00008,True
timegan,0,,,-1,,185.0,370,0.5,0.5070422535211268,True,CLUSTER_AWARE_GAN,train,syn_CLUSTER_AWARE_GAN_r50_00009,True
timegan,0,,,-1,,125.0,250,0.5,0.5070422535211268,True,CLUSTER_AWARE_GAN,train,syn_CLUSTER_AWARE_GAN_r50_00010,True
timegan,0,,,-1,,285.0,570,0.5,0.5070422535211268,True,CLUSTER_AWARE_GAN,train,syn_CLUSTER_AWARE_GAN_r50_00011,True
timegan,0,,,-1,,310.0,620,0.5,0.5070422535211268,True,CLUSTER_AWARE_GAN,train,syn_CLUSTER_AWARE_GAN_r50_00012,True
timegan,0,,,-1,,120.0,240,0.5,0.5070422535211268,True,CLUSTER_AWARE_GAN,train,syn_CLUSTER_AWARE_GAN_r50_00013,True
timegan,0,,,-1,,180.0,360,0.5,0.5070422535211268,True,CLUSTER_AWARE_GAN,train,syn_CLUSTER_AWARE_GAN_r50_00014,True
timegan,0,,,-1,,200.0,400,0.5,0.5070422535211268,True,CLUSTER_AWARE_GAN,train,syn_CLUSTER_AWARE_GAN_r50_00015,True
timegan,0,,,-1,,240.0,480,0.5,0.5070422535211268,True,CLUSTER_AWARE_GAN,train,syn_CLUSTER_AWARE_GAN_r50_00016,True
timegan,0,,,-1,,180.0,360,0.5,0.5070422535211268,True,CLUSTER_AWARE_GAN,train,syn_CLUSTER_AWARE_GAN_r50_00017,True
timegan,0,,,-1,,125.0,250,0.5,0.5070422535211268,True,CLUSTER_AWARE_GAN,train,syn_CLUSTER_AWARE_GAN_r50_00018,True
timegan,0,,,-1,,320.0,640,0.5,0.5070422535211268,True,CLUSTER_AWARE_GAN,train,syn_CLUSTER_AWARE_GAN_r50_00019,True
timegan,0,,,-1,,160.0,320,0.5,0.5070422535211268,True,CLUSTER_AWARE_GAN,train,syn_CLUSTER_AWARE_GAN_r50_00020,True
timegan,0,,,-1,,785.0,1570,0.5,0.5070422535211268,True,CLUSTER_AWARE_GAN,train,syn_CLUSTER_AWARE_GAN_r50_00021,True
timegan,0,,,-1,,210.0,420,0.5,0.5070422535211268,True,CLUSTER_AWARE_GAN,train,syn_CLUSTER_AWARE_GAN_r50_00022,True
timegan,0,,,-1,,185.0,370,0.5,0.5070422535211268,True,CLUSTER_AWARE_GAN,train,syn_CLUSTER_AWARE_GAN_r50_00023,True
timegan,0,,,-1,,165.0,330,0.5,0.5070422535211268,True,CLUSTER_AWARE_GAN,train,syn_CLUSTER_AWARE_GAN_r50_00024,True
timegan,0,,,-1,,125.0,250,0.5,0.5070422535211268,True,CLUSTER_AWARE_GAN,train,syn_CLUSTER_AWARE_GAN_r50_00025,True
timegan,0,,,-1,,890.0,1780,0.5,0.5070422535211268,True,CLUSTER_AWARE_GAN,train,syn_CLUSTER_AWARE_GAN_r50_00026,True
timegan,0,,,-1,,145.0,290,0.5,0.5070422535211268,True,CLUSTER_AWARE_GAN,train,syn_CLUSTER_AWARE_GAN_r50_00027,True
timegan,0,,,-1,,145.0,290,0.5,0.5070422535211268,True,CLUSTER_AWARE_GAN,train,syn_CLUSTER_AWARE_GAN_r50_00028,True
timegan,0,,,-1,,170.0,340,0.5,0.5070422535211268,True,CLUSTER_AWARE_GAN,train,syn_CLUSTER_AWARE_GAN_r50_00029,True
timegan,0,,,-1,,135.0,270,0.5,0.5070422535211268,True,CLUSTER_AWARE_GAN,train,syn_CLUSTER_AWARE_GAN_r50_00030,True
timegan,0,,,-1,,235.0,470,0.5,0.5070422535211268,True,CLUSTER_AWARE_GAN,train,syn_CLUSTER_AWARE_GAN_r50_00031,True
timegan,0,,,-1,,590.0,1180,0.5,0.5070422535211268,True,CLUSTER_AWARE_GAN,train,syn_CLUSTER_AWARE_GAN_r50_00032,True
timegan,0,,,-1,,225.0,450,0.5,0.5070422535211268,True,CLUSTER_AWARE_GAN,train,syn_CLUSTER_AWARE_GAN_r50_00033,True
timegan,0,,,-1,,210.0,420,0.5,0.5070422535211268,True,CLUSTER_AWARE_GAN,train,syn_CLUSTER_AWARE_GAN_r50_00034,True
timegan,0,,,-1,,123.0,246,0.5,0.5070422535211268,True,CLUSTER_AWARE_GAN,train,syn_CLUSTER_AWARE_GAN_r50_00035,True
timegan,0,,,-1,,120.0,240,0.5,0.5070422535211268,True,CLUSTER_AWARE_GAN,train,syn_CLUSTER_AWARE_GAN_r50_00036,True
timegan,0,,,-1,,240.0,480,0.5,0.5070422535211268,True,CLUSTER_AWARE_GAN,train,syn_CLUSTER_AWARE_GAN_r50_00037,True
timegan,0,,,-1,,225.0,450,0.5,0.5070422535211268,True,CLUSTER_AWARE_GAN,train,syn_CLUSTER_AWARE_GAN_r50_00038,True
timegan,0,,,-1,,205.0,410,0.5,0.5070422535211268,True,CLUSTER_AWARE_GAN,train,syn_CLUSTER_AWARE_GAN_r50_00039,True
timegan,0,,,-1,,123.0,246,0.5,0.5070422535211268,True,CLUSTER_AWARE_GAN,train,syn_CLUSTER_AWARE_GAN_r50_00040,True
timegan,0,,,-1,,570.0,1140,0.5,0.5070422535211268,True,CLUSTER_AWARE_GAN,train,syn_CLUSTER_AWARE_GAN_r50_00041,True
timegan,0,,,-1,,358.0,716,0.5,0.5070422535211268,True,CLUSTER_AWARE_GAN,train,syn_CLUSTER_AWARE_GAN_r50_00042,True
timegan,0,,,-1,,120.0,240,0.5,0.5070422535211268,True,CLUSTER_AWARE_GAN,train,syn_CLUSTER_AWARE_GAN_r50_00043,True
timegan,0,,,-1,,205.0,410,0.5,0.5070422535211268,True,CLUSTER_AWARE_GAN,train,syn_CLUSTER_AWARE_GAN_r50_00044,True
timegan,0,,,-1,,375.0,750,0.5,0.5070422535211268,True,CLUSTER_AWARE_GAN,train,syn_CLUSTER_AWARE_GAN_r50_00045,True
timegan,0,,,-1,,405.0,810,0.5,0.5070422535211268,True,CLUSTER_AWARE_GAN,train,syn_CLUSTER_AWARE_GAN_r50_00046,True
timegan,0,,,-1,,120.0,240,0.5,0.5070422535211268,True,CLUSTER_AWARE_GAN,train,syn_CLUSTER_AWARE_GAN_r50_00047,True
timegan,0,,,-1,,325.0,650,0.5,0.5070422535211268,True,CLUSTER_AWARE_GAN,train,syn_CLUSTER_AWARE_GAN_r50_00048,True
timegan,0,,,-1,,251.5,503,0.5,0.5070422535211268,True,CLUSTER_AWARE_GAN,train,syn_CLUSTER_AWARE_GAN_r50_00049,True
timegan,0,,,-1,,155.0,310,0.5,0.5070422535211268,True,CLUSTER_AWARE_GAN,train,syn_CLUSTER_AWARE_GAN_r50_00050,True
timegan,0,,,-1,,180.0,360,0.5,0.5070422535211268,True,CLUSTER_AWARE_GAN,train,syn_CLUSTER_AWARE_GAN_r50_00051,True
timegan,0,,,-1,,405.0,810,0.5,0.5070422535211268,True,CLUSTER_AWARE_GAN,train,syn_CLUSTER_AWARE_GAN_r50_00052,True
timegan,0,,,-1,,160.0,320,0.5,0.5070422535211268,True,CLUSTER_AWARE_GAN,train,syn_CLUSTER_AWARE_GAN_r50_00053,True
timegan,0,,,-1,,225.0,450,0.5,0.5070422535211268,True,CLUSTER_AWARE_GAN,train,syn_CLUSTER_AWARE_GAN_r50_00054,True
timegan,0,,,-1,,120.0,240,0.5,0.5070422535211268,True,CLUSTER_AWARE_GAN,train,syn_CLUSTER_AWARE_GAN_r50_00055,True
timegan,0,,,-1,,810.0,1620,0.5,0.5070422535211268,True,CLUSTER_AWARE_GAN,train,syn_CLUSTER_AWARE_GAN_r50_00056,True
timegan,0,,,-1,,145.0,290,0.5,0.5070422535211268,True,CLUSTER_AWARE_GAN,train,syn_CLUSTER_AWARE_GAN_r50_00057,True
timegan,0,,,-1,,145.0,290,0.5,0.5070422535211268,True,CLUSTER_AWARE_GAN,train,syn_CLUSTER_AWARE_GAN_r50_00058,True
timegan,0,,,-1,,610.0,1220,0.5,0.5070422535211268,True,CLUSTER_AWARE_GAN,train,syn_CLUSTER_AWARE_GAN_r50_00059,True
timegan,0,,,-1,,300.0,600,0.5,0.5070422535211268,True,CLUSTER_AWARE_GAN,train,syn_CLUSTER_AWARE_GAN_r50_00060,True
timegan,0,,,-1,,120.0,240,0.5,0.5070422535211268,True,CLUSTER_AWARE_GAN,train,syn_CLUSTER_AWARE_GAN_r50_00061,True
timegan,0,,,-1,,205.0,410,0.5,0.5070422535211268,True,CLUSTER_AWARE_GAN,train,syn_CLUSTER_AWARE_GAN_r50_00062,True
timegan,0,,,-1,,175.0,350,0.5,0.5070422535211268,True,CLUSTER_AWARE_GAN,train,syn_CLUSTER_AWARE_GAN_r50_00063,True
timegan,0,,,-1,,210.0,420,0.5,0.5070422535211268,True,CLUSTER_AWARE_GAN,train,syn_CLUSTER_AWARE_GAN_r50_00064,True
timegan,0,,,-1,,380.0,760,0.5,0.5070422535211268,True,CLUSTER_AWARE_GAN,train,syn_CLUSTER_AWARE_GAN_r50_00065,True
timegan,0,,,-1,,120.0,240,0.5,0.5070422535211268,True,CLUSTER_AWARE_GAN,train,syn_CLUSTER_AWARE_GAN_r50_00066,True
timegan,0,,,-1,,135.0,270,0.5,0.5070422535211268,True,CLUSTER_AWARE_GAN,train,syn_CLUSTER_AWARE_GAN_r50_00067,True
timegan,0,,,-1,,820.0,1640,0.5,0.5070422535211268,True,CLUSTER_AWARE_GAN,train,syn_CLUSTER_AWARE_GAN_r50_00068,True
timegan,0,,,-1,,200.0,400,0.5,0.5070422535211268,True,CLUSTER_AWARE_GAN,train,syn_CLUSTER_AWARE_GAN_r50_00069,True
timegan,0,,,-1,,135.0,270,0.5,0.5070422535211268,True,CLUSTER_AWARE_GAN,train,syn_CLUSTER_AWARE_GAN_r50_00070,True
timegan,0,,,-1,,820.0,1640,0.5,0.5070422535211268,True,CLUSTER_AWARE_GAN,train,syn_CLUSTER_AWARE_GAN_r50_00071,True
timegan,0,,,-1,,150.0,300,0.5,0.5070422535211268,True,CLUSTER_AWARE_GAN,train,syn_CLUSTER_AWARE_GAN_r50_00072,True
timegan,0,,,-1,,305.0,610,0.5,0.5070422535211268,True,CLUSTER_AWARE_GAN,train,syn_CLUSTER_AWARE_GAN_r50_00073,True
timegan,0,,,-1,,150.0,300,0.5,0.5070422535211268,True,CLUSTER_AWARE_GAN,train,syn_CLUSTER_AWARE_GAN_r50_00074,True
timegan,0,,,-1,,335.0,670,0.5,0.5070422535211268,True,CLUSTER_AWARE_GAN,train,syn_CLUSTER_AWARE_GAN_r50_00075,True
timegan,0,,,-1,,505.0,1010,0.5,0.5070422535211268,True,CLUSTER_AWARE_GAN,train,syn_CLUSTER_AWARE_GAN_r50_00076,True
timegan,0,,,-1,,410.0,820,0.5,0.5070422535211268,True,CLUSTER_AWARE_GAN,train,syn_CLUSTER_AWARE_GAN_r50_00077,True
timegan,0,,,-1,,700.0,1400,0.5,0.5070422535211268,True,CLUSTER_AWARE_GAN,train,syn_CLUSTER_AWARE_GAN_r50_00078,True
timegan,0,,,-1,,1340.0,2680,0.5,0.5070422535211268,True,CLUSTER_AWARE_GAN,train,syn_CLUSTER_AWARE_GAN_r50_00079,True
timegan,0,,,-1,,220.0,440,0.5,0.5070422535211268,True,CLUSTER_AWARE_GAN,train,syn_CLUSTER_AWARE_GAN_r50_00080,True
timegan,0,,,-1,,210.0,420,0.5,0.5070422535211268,True,CLUSTER_AWARE_GAN,train,syn_CLUSTER_AWARE_GAN_r50_00081,True
timegan,0,,,-1,,685.0,1370,0.5,0.5070422535211268,True,CLUSTER_AWARE_GAN,train,syn_CLUSTER_AWARE_GAN_r50_00082,True
timegan,0,,,-1,,210.0,420,0.5,0.5070422535211268,True,CLUSTER_AWARE_GAN,train,syn_CLUSTER_AWARE_GAN_r50_00083,True
timegan,0,,,-1,,120.0,240,0.5,0.5070422535211268,True,CLUSTER_AWARE_GAN,train,syn_CLUSTER_AWARE_GAN_r50_00084,True
timegan,0,,,-1,,845.0,1690,0.5,0.5070422535211268,True,CLUSTER_AWARE_GAN,train,syn_CLUSTER_AWARE_GAN_r50_00085,True
timegan,0,,,-1,,240.0,480,0.5,0.5070422535211268,True,CLUSTER_AWARE_GAN,train,syn_CLUSTER_AWARE_GAN_r50_00086,True
timegan,0,,,-1,,185.0,370,0.5,0.5070422535211268,True,CLUSTER_AWARE_GAN,train,syn_CLUSTER_AWARE_GAN_r50_00087,True
timegan,0,,,-1,,485.5,971,0.5,0.5070422535211268,True,CLUSTER_AWARE_GAN,train,syn_CLUSTER_AWARE_GAN_r50_00088,True
timegan,0,,,-1,,410.0,820,0.5,0.5070422535211268,True,CLUSTER_AWARE_GAN,train,syn_CLUSTER_AWARE_GAN_r50_00089,True
timegan,0,,,-1,,425.0,850,0.5,0.5070422535211268,True,CLUSTER_AWARE_GAN,train,syn_CLUSTER_AWARE_GAN_r50_00090,True
timegan,0,,,-1,,200.0,400,0.5,0.5070422535211268,True,CLUSTER_AWARE_GAN,train,syn_CLUSTER_AWARE_GAN_r50_00091,True
timegan,0,,,-1,,285.0,570,0.5,0.5070422535211268,True,CLUSTER_AWARE_GAN,train,syn_CLUSTER_AWARE_GAN_r50_00092,True
timegan,0,,,-1,,270.0,540,0.5,0.5070422535211268,True,CLUSTER_AWARE_GAN,train,syn_CLUSTER_AWARE_GAN_r50_00093,True
timegan,0,,,-1,,300.0,600,0.5,0.5070422535211268,True,CLUSTER_AWARE_GAN,train,syn_CLUSTER_AWARE_GAN_r50_00094,True
timegan,0,,,-1,,485.5,971,0.5,0.5070422535211268,True,CLUSTER_AWARE_GAN,train,syn_CLUSTER_AWARE_GAN_r50_00095,True
timegan,0,,,-1,,325.0,650,0.5,0.5070422535211268,True,CLUSTER_AWARE_GAN,train,syn_CLUSTER_AWARE_GAN_r50_00096,True
timegan,0,,,-1,,120.0,240,0.5,0.5070422535211268,True,CLUSTER_AWARE_GAN,train,syn_CLUSTER_AWARE_GAN_r50_00097,True
timegan,0,,,-1,,251.5,503,0.5,0.5070422535211268,True,CLUSTER_AWARE_GAN,train,syn_CLUSTER_AWARE_GAN_r50_00098,True
timegan,0,,,-1,,475.0,950,0.5,0.5070422535211268,True,CLUSTER_AWARE_GAN,train,syn_CLUSTER_AWARE_GAN_r50_00099,True
timegan,0,,,-1,,560.0,1120,0.5,0.5070422535211268,True,CLUSTER_AWARE_GAN,train,syn_CLUSTER_AWARE_GAN_r50_00100,True
timegan,0,,,-1,,355.0,710,0.5,0.5070422535211268,True,CLUSTER_AWARE_GAN,train,syn_CLUSTER_AWARE_GAN_r50_00101,True
timegan,0,,,-1,,335.0,670,0.5,0.5070422535211268,True,CLUSTER_AWARE_GAN,train,syn_CLUSTER_AWARE_GAN_r50_00102,True
timegan,0,,,-1,,210.0,420,0.5,0.5070422535211268,True,CLUSTER_AWARE_GAN,train,syn_CLUSTER_AWARE_GAN_r50_00103,True
timegan,0,,,-1,,140.0,280,0.5,0.5070422535211268,True,CLUSTER_AWARE_GAN,train,syn_CLUSTER_AWARE_GAN_r50_00104,True
timegan,0,,,-1,,240.0,480,0.5,0.5070422535211268,True,CLUSTER_AWARE_GAN,train,syn_CLUSTER_AWARE_GAN_r50_00105,True
timegan,0,,,-1,,120.0,240,0.5,0.5070422535211268,True,CLUSTER_AWARE_GAN,train,syn_CLUSTER_AWARE_GAN_r50_00106,True
timegan,0,,,-1,,405.0,810,0.5,0.5070422535211268,True,CLUSTER_AWARE_GAN,train,syn_CLUSTER_AWARE_GAN_r50_00107,True
timegan,0,,,-1,,405.0,810,0.5,0.5070422535211268,True,CLUSTER_AWARE_GAN,train,syn_CLUSTER_AWARE_GAN_r50_00108,True
timegan,0,,,-1,,355.0,710,0.5,0.5070422535211268,True,CLUSTER_AWARE_GAN,train,syn_CLUSTER_AWARE_GAN_r50_00109,True
timegan,0,,,-1,,190.0,380,0.5,0.5070422535211268,True,CLUSTER_AWARE_GAN,train,syn_CLUSTER_AWARE_GAN_r50_00110,True
timegan,0,,,-1,,620.0,1240,0.5,0.5070422535211268,True,CLUSTER_AWARE_GAN,train,syn_CLUSTER_AWARE_GAN_r50_00111,True
timegan,0,,,-1,,205.0,410,0.5,0.5070422535211268,True,CLUSTER_AWARE_GAN,train,syn_CLUSTER_AWARE_GAN_r50_00112,True
timegan,0,,,-1,,445.0,890,0.5,0.5070422535211268,True,CLUSTER_AWARE_GAN,train,syn_CLUSTER_AWARE_GAN_r50_00113,True
timegan,0,,,-1,,205.0,410,0.5,0.5070422535211268,True,CLUSTER_AWARE_GAN,train,syn_CLUSTER_AWARE_GAN_r50_00114,True
timegan,0,,,-1,,495.0,990,0.5,0.5070422535211268,True,CLUSTER_AWARE_GAN,train,syn_CLUSTER_AWARE_GAN_r50_00115,True
timegan,0,,,-1,,235.0,470,0.5,0.5070422535211268,True,CLUSTER_AWARE_GAN,train,syn_CLUSTER_AWARE_GAN_r50_00116,True
timegan,0,,,-1,,240.0,480,0.5,0.5070422535211268,True,CLUSTER_AWARE_GAN,train,syn_CLUSTER_AWARE_GAN_r50_00117,True
timegan,0,,,-1,,350.0,700,0.5,0.5070422535211268,True,CLUSTER_AWARE_GAN,train,syn_CLUSTER_AWARE_GAN_r50_00118,True
timegan,0,,,-1,,405.0,810,0.5,0.5070422535211268,True,CLUSTER_AWARE_GAN,train,syn_CLUSTER_AWARE_GAN_r50_00119,True
timegan,0,,,-1,,120.0,240,0.5,0.5070422535211268,True,CLUSTER_AWARE_GAN,train,syn_CLUSTER_AWARE_GAN_r50_00120,True
timegan,0,,,-1,,220.0,440,0.5,0.5070422535211268,True,CLUSTER_AWARE_GAN,train,syn_CLUSTER_AWARE_GAN_r50_00121,True
timegan,0,,,-1,,835.0,1670,0.5,0.5070422535211268,True,CLUSTER_AWARE_GAN,train,syn_CLUSTER_AWARE_GAN_r50_00122,True
timegan,0,,,-1,,310.0,620,0.5,0.5070422535211268,True,CLUSTER_AWARE_GAN,train,syn_CLUSTER_AWARE_GAN_r50_00123,True
timegan,0,,,-1,,355.0,710,0.5,0.5070422535211268,True,CLUSTER_AWARE_GAN,train,syn_CLUSTER_AWARE_GAN_r50_00124,True
timegan,0,,,-1,,170.0,340,0.5,0.5070422535211268,True,CLUSTER_AWARE_GAN,train,syn_CLUSTER_AWARE_GAN_r50_00125,True
timegan,0,,,-1,,210.0,420,0.5,0.5070422535211268,True,CLUSTER_AWARE_GAN,train,syn_CLUSTER_AWARE_GAN_r50_00126,True
timegan,0,,,-1,,145.0,290,0.5,0.5070422535211268,True,CLUSTER_AWARE_GAN,train,syn_CLUSTER_AWARE_GAN_r50_00127,True
timegan,0,,,-1,,120.0,240,0.5,0.5070422535211268,True,CLUSTER_AWARE_GAN,train,syn_CLUSTER_AWARE_GAN_r50_00128,True
timegan,0,,,-1,,255.0,510,0.5,0.5070422535211268,True,CLUSTER_AWARE_GAN,train,syn_CLUSTER_AWARE_GAN_r50_00129,True
timegan,0,,,-1,,465.0,930,0.5,0.5070422535211268,True,CLUSTER_AWARE_GAN,train,syn_CLUSTER_AWARE_GAN_r50_00130,True
timegan,0,,,-1,,210.0,420,0.5,0.5070422535211268,True,CLUSTER_AWARE_GAN,train,syn_CLUSTER_AWARE_GAN_r50_00131,True
timegan,0,,,-1,,375.0,750,0.5,0.5070422535211268,True,CLUSTER_AWARE_GAN,train,syn_CLUSTER_AWARE_GAN_r50_00132,True
timegan,0,,,-1,,300.0,600,0.5,0.5070422535211268,True,CLUSTER_AWARE_GAN,train,syn_CLUSTER_AWARE_GAN_r50_00133,True
timegan,0,,,-1,,300.0,600,0.5,0.5070422535211268,True,CLUSTER_AWARE_GAN,train,syn_CLUSTER_AWARE_GAN_r50_00134,True
timegan,0,,,-1,,123.0,246,0.5,0.5070422535211268,True,CLUSTER_AWARE_GAN,train,syn_CLUSTER_AWARE_GAN_r50_00135,True
timegan,0,,,-1,,220.0,440,0.5,0.5070422535211268,True,CLUSTER_AWARE_GAN,train,syn_CLUSTER_AWARE_GAN_r50_00136,True
timegan,0,,,-1,,185.0,370,0.5,0.5070422535211268,True,CLUSTER_AWARE_GAN,train,syn_CLUSTER_AWARE_GAN_r50_00137,True
timegan,0,,,-1,,145.0,290,0.5,0.5070422535211268,True,CLUSTER_AWARE_GAN,train,syn_CLUSTER_AWARE_GAN_r50_00138,True
timegan,0,,,-1,,405.0,810,0.5,0.5070422535211268,True,CLUSTER_AWARE_GAN,train,syn_CLUSTER_AWARE_GAN_r50_00139,True
timegan,0,,,-1,,450.0,900,0.5,0.5070422535211268,True,CLUSTER_AWARE_GAN,train,syn_CLUSTER_AWARE_GAN_r50_00140,True
timegan,0,,,-1,,140.0,280,0.5,0.5070422535211268,True,CLUSTER_AWARE_GAN,train,syn_CLUSTER_AWARE_GAN_r50_00141,True
timegan,0,,,-1,,205.0,410,0.5,0.5070422535211268,True,CLUSTER_AWARE_GAN,train,syn_CLUSTER_AWARE_GAN_r50_00142,True
timegan,0,,,-1,,120.0,240,0.5,0.5070422535211268,True,CLUSTER_AWARE_GAN,train,syn_CLUSTER_AWARE_GAN_r50_00143,True
timegan,0,,,-1,,160.0,320,0.5,0.5070422535211268,True,CLUSTER_AWARE_GAN,train,syn_CLUSTER_AWARE_GAN_r50_00144,True
timegan,0,,,-1,,170.0,340,0.5,0.5070422535211268,True,CLUSTER_AWARE_GAN,train,syn_CLUSTER_AWARE_GAN_r50_00145,True
timegan,0,,,-1,,255.0,510,0.5,0.5070422535211268,True,CLUSTER_AWARE_GAN,train,syn_CLUSTER_AWARE_GAN_r50_00146,True
timegan,0,,,-1,,145.0,290,0.5,0.5070422535211268,True,CLUSTER_AWARE_GAN,train,syn_CLUSTER_AWARE_GAN_r50_00147,True
timegan,0,,,-1,,230.0,460,0.5,0.5070422535211268,True,CLUSTER_AWARE_GAN,train,syn_CLUSTER_AWARE_GAN_r50_00148,True
timegan,0,,,-1,,185.0,370,0.5,0.5070422535211268,True,CLUSTER_AWARE_GAN,train,syn_CLUSTER_AWARE_GAN_r50_00149,True
timegan,0,,,-1,,285.0,570,0.5,0.5070422535211268,True,CLUSTER_AWARE_GAN,train,syn_CLUSTER_AWARE_GAN_r50_00150,True
timegan,0,,,-1,,195.0,390,0.5,0.5070422535211268,True,CLUSTER_AWARE_GAN,train,syn_CLUSTER_AWARE_GAN_r50_00151,True
timegan,0,,,-1,,330.0,660,0.5,0.5070422535211268,True,CLUSTER_AWARE_GAN,train,syn_CLUSTER_AWARE_GAN_r50_00152,True
timegan,0,,,-1,,155.0,310,0.5,0.5070422535211268,True,CLUSTER_AWARE_GAN,train,syn_CLUSTER_AWARE_GAN_r50_00153,True
timegan,0,,,-1,,120.0,240,0.5,0.5070422535211268,True,CLUSTER_AWARE_GAN,train,syn_CLUSTER_AWARE_GAN_r50_00154,True
timegan,0,,,-1,,450.0,900,0.5,0.5070422535211268,True,CLUSTER_AWARE_GAN,train,syn_CLUSTER_AWARE_GAN_r50_00155,True
timegan,0,,,-1,,210.0,420,0.5,0.5070422535211268,True,CLUSTER_AWARE_GAN,train,syn_CLUSTER_AWARE_GAN_r50_00156,True
timegan,0,,,-1,,135.0,270,0.5,0.5070422535211268,True,CLUSTER_AWARE_GAN,train,syn_CLUSTER_AWARE_GAN_r50_00157,True
timegan,0,,,-1,,165.0,330,0.5,0.5070422535211268,True,CLUSTER_AWARE_GAN,train,syn_CLUSTER_AWARE_GAN_r50_00158,True
timegan,0,,,-1,,300.0,600,0.5,0.5070422535211268,True,CLUSTER_AWARE_GAN,train,syn_CLUSTER_AWARE_GAN_r50_00159,True
timegan,0,,,-1,,555.0,1110,0.5,0.5070422535211268,True,CLUSTER_AWARE_GAN,train,syn_CLUSTER_AWARE_GAN_r50_00160,True
timegan,0,,,-1,,555.0,1110,0.5,0.5070422535211268,True,CLUSTER_AWARE_GAN,train,syn_CLUSTER_AWARE_GAN_r50_00161,True
timegan,0,,,-1,,125.0,250,0.5,0.5070422535211268,True,CLUSTER_AWARE_GAN,train,syn_CLUSTER_AWARE_GAN_r50_00162,True
timegan,0,,,-1,,480.0,960,0.5,0.5070422535211268,True,CLUSTER_AWARE_GAN,train,syn_CLUSTER_AWARE_GAN_r50_00163,True
timegan,0,,,-1,,200.0,400,0.5,0.5070422535211268,True,CLUSTER_AWARE_GAN,train,syn_CLUSTER_AWARE_GAN_r50_00164,True
timegan,0,,,-1,,180.0,360,0.5,0.5070422535211268,True,CLUSTER_AWARE_GAN,train,syn_CLUSTER_AWARE_GAN_r50_00165,True
timegan,0,,,-1,,160.0,320,0.5,0.5070422535211268,True,CLUSTER_AWARE_GAN,train,syn_CLUSTER_AWARE_GAN_r50_00166,True
timegan,0,,,-1,,270.0,540,0.5,0.5070422535211268,True,CLUSTER_AWARE_GAN,train,syn_CLUSTER_AWARE_GAN_r50_00167,True
timegan,0,,,-1,,190.0,380,0.5,0.5070422535211268,True,CLUSTER_AWARE_GAN,train,syn_CLUSTER_AWARE_GAN_r50_00168,True
timegan,0,,,-1,,150.0,300,0.5,0.5070422535211268,True,CLUSTER_AWARE_GAN,train,syn_CLUSTER_AWARE_GAN_r50_00169,True
timegan,0,,,-1,,550.0,1100,0.5,0.5070422535211268,True,CLUSTER_AWARE_GAN,train,syn_CLUSTER_AWARE_GAN_r50_00170,True
timegan,0,,,-1,,185.0,370,0.5,0.5070422535211268,True,CLUSTER_AWARE_GAN,train,syn_CLUSTER_AWARE_GAN_r50_00171,True
timegan,0,,,-1,,285.0,570,0.5,0.5070422535211268,True,CLUSTER_AWARE_GAN,train,syn_CLUSTER_AWARE_GAN_r50_00172,True
timegan,0,,,-1,,135.0,270,0.5,0.5070422535211268,True,CLUSTER_AWARE_GAN,train,syn_CLUSTER_AWARE_GAN_r50_00173,True
timegan,0,,,-1,,190.0,380,0.5,0.5070422535211268,True,CLUSTER_AWARE_GAN,train,syn_CLUSTER_AWARE_GAN_r50_00174,True
timegan,0,,,-1,,335.0,670,0.5,0.5070422535211268,True,CLUSTER_AWARE_GAN,train,syn_CLUSTER_AWARE_GAN_r50_00175,True
timegan,0,,,-1,,480.0,960,0.5,0.5070422535211268,True,CLUSTER_AWARE_GAN,train,syn_CLUSTER_AWARE_GAN_r50_00176,True
timegan,0,,,-1,,160.0,320,0.5,0.5070422535211268,True,CLUSTER_AWARE_GAN,train,syn_CLUSTER_AWARE_GAN_r50_00177,True
timegan,0,,,-1,,350.0,700,0.5,0.5070422535211268,True,CLUSTER_AWARE_GAN,train,syn_CLUSTER_AWARE_GAN_r50_00178,True
timegan,0,,,-1,,120.0,240,0.5,0.5070422535211268,True,CLUSTER_AWARE_GAN,train,syn_CLUSTER_AWARE_GAN_r50_00179,True
timegan,1,,,-1,,215.0,430,0.5,0.49076517150395776,True,CLUSTER_AWARE_GAN,train,syn_CLUSTER_AWARE_GAN_r50_00180,True
timegan,1,,,-1,,285.0,570,0.5,0.49076517150395776,True,CLUSTER_AWARE_GAN,train,syn_CLUSTER_AWARE_GAN_r50_00181,True
timegan,1,,,-1,,140.0,280,0.5,0.49076517150395776,True,CLUSTER_AWARE_GAN,train,syn_CLUSTER_AWARE_GAN_r50_00182,True
timegan,1,,,-1,,1180.0,2360,0.5,0.49076517150395776,True,CLUSTER_AWARE_GAN,train,syn_CLUSTER_AWARE_GAN_r50_00183,True
timegan,1,,,-1,,1895.0,3790,0.5,0.49076517150395776,True,CLUSTER_AWARE_GAN,train,syn_CLUSTER_AWARE_GAN_r50_00184,True
timegan,1,,,-1,,245.0,490,0.5,0.49076517150395776,True,CLUSTER_AWARE_GAN,train,syn_CLUSTER_AWARE_GAN_r50_00185,True
timegan,1,,,-1,,290.0,580,0.5,0.49076517150395776,True,CLUSTER_AWARE_GAN,train,syn_CLUSTER_AWARE_GAN_r50_00186,True
timegan,1,,,-1,,160.0,320,0.5,0.49076517150395776,True,CLUSTER_AWARE_GAN,train,syn_CLUSTER_AWARE_GAN_r50_00187,True
timegan,1,,,-1,,225.0,450,0.5,0.49076517150395776,True,CLUSTER_AWARE_GAN,train,syn_CLUSTER_AWARE_GAN_r50_00188,True
timegan,1,,,-1,,120.0,240,0.5,0.49076517150395776,True,CLUSTER_AWARE_GAN,train,syn_CLUSTER_AWARE_GAN_r50_00189,True
timegan,1,,,-1,,320.0,640,0.5,0.49076517150395776,True,CLUSTER_AWARE_GAN,train,syn_CLUSTER_AWARE_GAN_r50_00190,True
timegan,1,,,-1,,470.0,940,0.5,0.49076517150395776,True,CLUSTER_AWARE_GAN,train,syn_CLUSTER_AWARE_GAN_r50_00191,True
timegan,1,,,-1,,780.0,1560,0.5,0.49076517150395776,True,CLUSTER_AWARE_GAN,train,syn_CLUSTER_AWARE_GAN_r50_00192,True
timegan,1,,,-1,,325.0,650,0.5,0.49076517150395776,True,CLUSTER_AWARE_GAN,train,syn_CLUSTER_AWARE_GAN_r50_00193,True
timegan,1,,,-1,,190.0,380,0.5,0.49076517150395776,True,CLUSTER_AWARE_GAN,train,syn_CLUSTER_AWARE_GAN_r50_00194,True
timegan,1,,,-1,,175.0,350,0.5,0.49076517150395776,True,CLUSTER_AWARE_GAN,train,syn_CLUSTER_AWARE_GAN_r50_00195,True
timegan,1,,,-1,,140.0,280,0.5,0.49076517150395776,True,CLUSTER_AWARE_GAN,train,syn_CLUSTER_AWARE_GAN_r50_00196,True
timegan,1,,,-1,,1915.0,3830,0.5,0.49076517150395776,True,CLUSTER_AWARE_GAN,train,syn_CLUSTER_AWARE_GAN_r50_00197,True
timegan,1,,,-1,,325.0,650,0.5,0.49076517150395776,True,CLUSTER_AWARE_GAN,train,syn_CLUSTER_AWARE_GAN_r50_00198,True
timegan,1,,,-1,,1175.0,2350,0.5,0.49076517150395776,True,CLUSTER_AWARE_GAN,train,syn_CLUSTER_AWARE_GAN_r50_00199,True
timegan,1,,,-1,,245.0,490,0.5,0.49076517150395776,True,CLUSTER_AWARE_GAN,train,syn_CLUSTER_AWARE_GAN_r50_00200,True
timegan,1,,,-1,,170.0,340,0.5,0.49076517150395776,True,CLUSTER_AWARE_GAN,train,syn_CLUSTER_AWARE_GAN_r50_00201,True
timegan,1,,,-1,,125.0,250,0.5,0.49076517150395776,True,CLUSTER_AWARE_GAN,train,syn_CLUSTER_AWARE_GAN_r50_00202,True
timegan,1,,,-1,,245.0,490,0.5,0.49076517150395776,True,CLUSTER_AWARE_GAN,train,syn_CLUSTER_AWARE_GAN_r50_00203,True
timegan,1,,,-1,,340.0,680,0.5,0.49076517150395776,True,CLUSTER_AWARE_GAN,train,syn_CLUSTER_AWARE_GAN_r50_00204,True
timegan,1,,,-1,,155.0,310,0.5,0.49076517150395776,True,CLUSTER_AWARE_GAN,train,syn_CLUSTER_AWARE_GAN_r50_00205,True
timegan,1,,,-1,,370.0,740,0.5,0.49076517150395776,True,CLUSTER_AWARE_GAN,train,syn_CLUSTER_AWARE_GAN_r50_00206,True
timegan,1,,,-1,,1110.0,2220,0.5,0.49076517150395776,True,CLUSTER_AWARE_GAN,train,syn_CLUSTER_AWARE_GAN_r50_00207,True
timegan,1,,,-1,,155.0,310,0.5,0.49076517150395776,True,CLUSTER_AWARE_GAN,train,syn_CLUSTER_AWARE_GAN_r50_00208,True
timegan,1,,,-1,,205.0,410,0.5,0.49076517150395776,True,CLUSTER_AWARE_GAN,train,syn_CLUSTER_AWARE_GAN_r50_00209,True
timegan,1,,,-1,,395.0,790,0.5,0.49076517150395776,True,CLUSTER_AWARE_GAN,train,syn_CLUSTER_AWARE_GAN_r50_00210,True
timegan,1,,,-1,,1325.0,2650,0.5,0.49076517150395776,True,CLUSTER_AWARE_GAN,train,syn_CLUSTER_AWARE_GAN_r50_00211,True
timegan,1,,,-1,,130.0,260,0.5,0.49076517150395776,True,CLUSTER_AWARE_GAN,train,syn_CLUSTER_AWARE_GAN_r50_00212,True
timegan,1,,,-1,,160.0,320,0.5,0.49076517150395776,True,CLUSTER_AWARE_GAN,train,syn_CLUSTER_AWARE_GAN_r50_00213,True
timegan,1,,,-1,,1110.0,2220,0.5,0.49076517150395776,True,CLUSTER_AWARE_GAN,train,syn_CLUSTER_AWARE_GAN_r50_00214,True
timegan,1,,,-1,,160.0,320,0.5,0.49076517150395776,True,CLUSTER_AWARE_GAN,train,syn_CLUSTER_AWARE_GAN_r50_00215,True
timegan,1,,,-1,,785.0,1570,0.5,0.49076517150395776,True,CLUSTER_AWARE_GAN,train,syn_CLUSTER_AWARE_GAN_r50_00216,True
timegan,1,,,-1,,385.0,770,0.5,0.49076517150395776,True,CLUSTER_AWARE_GAN,train,syn_CLUSTER_AWARE_GAN_r50_00217,True
timegan,1,,,-1,,230.0,460,0.5,0.49076517150395776,True,CLUSTER_AWARE_GAN,train,syn_CLUSTER_AWARE_GAN_r50_00218,True
timegan,1,,,-1,,1700.0,3400,0.5,0.49076517150395776,True,CLUSTER_AWARE_GAN,train,syn_CLUSTER_AWARE_GAN_r50_00219,True
timegan,1,,,-1,,290.0,580,0.5,0.49076517150395776,True,CLUSTER_AWARE_GAN,train,syn_CLUSTER_AWARE_GAN_r50_00220,True
timegan,1,,,-1,,190.0,380,0.5,0.49076517150395776,True,CLUSTER_AWARE_GAN,train,syn_CLUSTER_AWARE_GAN_r50_00221,True
timegan,1,,,-1,,395.0,790,0.5,0.49076517150395776,True,CLUSTER_AWARE_GAN,train,syn_CLUSTER_AWARE_GAN_r50_00222,True
timegan,1,,,-1,,135.0,270,0.5,0.49076517150395776,True,CLUSTER_AWARE_GAN,train,syn_CLUSTER_AWARE_GAN_r50_00223,True
timegan,1,,,-1,,170.0,340,0.5,0.49076517150395776,True,CLUSTER_AWARE_GAN,train,syn_CLUSTER_AWARE_GAN_r50_00224,True
timegan,1,,,-1,,545.0,1090,0.5,0.49076517150395776,True,CLUSTER_AWARE_GAN,train,syn_CLUSTER_AWARE_GAN_r50_00225,True
timegan,1,,,-1,,290.0,580,0.5,0.49076517150395776,True,CLUSTER_AWARE_GAN,train,syn_CLUSTER_AWARE_GAN_r50_00226,True
timegan,1,,,-1,,260.0,520,0.5,0.49076517150395776,True,CLUSTER_AWARE_GAN,train,syn_CLUSTER_AWARE_GAN_r50_00227,True
timegan,1,,,-1,,8343.0,16686,0.5,0.49076517150395776,True,CLUSTER_AWARE_GAN,train,syn_CLUSTER_AWARE_GAN_r50_00228,True
timegan,1,,,-1,,1110.0,2220,0.5,0.49076517150395776,True,CLUSTER_AWARE_GAN,train,syn_CLUSTER_AWARE_GAN_r50_00229,True
timegan,1,,,-1,,189.0,378,0.5,0.49076517150395776,True,CLUSTER_AWARE_GAN,train,syn_CLUSTER_AWARE_GAN_r50_00230,True
timegan,1,,,-1,,470.0,940,0.5,0.49076517150395776,True,CLUSTER_AWARE_GAN,train,syn_CLUSTER_AWARE_GAN_r50_00231,True
timegan,1,,,-1,,160.0,320,0.5,0.49076517150395776,True,CLUSTER_AWARE_GAN,train,syn_CLUSTER_AWARE_GAN_r50_00232,True
timegan,1,,,-1,,810.5,1621,0.5,0.49076517150395776,True,CLUSTER_AWARE_GAN,train,syn_CLUSTER_AWARE_GAN_r50_00233,True
timegan,1,,,-1,,1080.0,2160,0.5,0.49076517150395776,True,CLUSTER_AWARE_GAN,train,syn_CLUSTER_AWARE_GAN_r50_00234,True
timegan,1,,,-1,,170.0,340,0.5,0.49076517150395776,True,CLUSTER_AWARE_GAN,train,syn_CLUSTER_AWARE_GAN_r50_00235,True
timegan,1,,,-1,,660.0,1320,0.5,0.49076517150395776,True,CLUSTER_AWARE_GAN,train,syn_CLUSTER_AWARE_GAN_r50_00236,True
timegan,1,,,-1,,470.0,940,0.5,0.49076517150395776,True,CLUSTER_AWARE_GAN,train,syn_CLUSTER_AWARE_GAN_r50_00237,True
timegan,1,,,-1,,1325.0,2650,0.5,0.49076517150395776,True,CLUSTER_AWARE_GAN,train,syn_CLUSTER_AWARE_GAN_r50_00238,True
timegan,1,,,-1,,145.0,290,0.5,0.49076517150395776,True,CLUSTER_AWARE_GAN,train,syn_CLUSTER_AWARE_GAN_r50_00239,True
timegan,1,,,-1,,450.0,900,0.5,0.49076517150395776,True,CLUSTER_AWARE_GAN,train,syn_CLUSTER_AWARE_GAN_r50_00240,True
timegan,1,,,-1,,525.0,1050,0.5,0.49076517150395776,True,CLUSTER_AWARE_GAN,train,syn_CLUSTER_AWARE_GAN_r50_00241,True
timegan,1,,,-1,,155.0,310,0.5,0.49076517150395776,True,CLUSTER_AWARE_GAN,train,syn_CLUSTER_AWARE_GAN_r50_00242,True
timegan,1,,,-1,,3345.0,6690,0.5,0.49076517150395776,True,CLUSTER_AWARE_GAN,train,syn_CLUSTER_AWARE_GAN_r50_00243,True
timegan,1,,,-1,,195.0,390,0.5,0.49076517150395776,True,CLUSTER_AWARE_GAN,train,syn_CLUSTER_AWARE_GAN_r50_00244,True
timegan,1,,,-1,,2125.0,4250,0.5,0.49076517150395776,True,CLUSTER_AWARE_GAN,train,syn_CLUSTER_AWARE_GAN_r50_00245,True
timegan,1,,,-1,,130.0,260,0.5,0.49076517150395776,True,CLUSTER_AWARE_GAN,train,syn_CLUSTER_AWARE_GAN_r50_00246,True
timegan,1,,,-1,,315.0,630,0.5,0.49076517150395776,True,CLUSTER_AWARE_GAN,train,syn_CLUSTER_AWARE_GAN_r50_00247,True
timegan,1,,,-1,,800.0,1600,0.5,0.49076517150395776,True,CLUSTER_AWARE_GAN,train,syn_CLUSTER_AWARE_GAN_r50_00248,True
timegan,1,,,-1,,8343.0,16686,0.5,0.49076517150395776,True,CLUSTER_AWARE_GAN,train,syn_CLUSTER_AWARE_GAN_r50_00249,True
timegan,1,,,-1,,125.0,250,0.5,0.49076517150395776,True,CLUSTER_AWARE_GAN,train,syn_CLUSTER_AWARE_GAN_r50_00250,True
timegan,1,,,-1,,200.0,400,0.5,0.49076517150395776,True,CLUSTER_AWARE_GAN,train,syn_CLUSTER_AWARE_GAN_r50_00251,True
timegan,1,,,-1,,180.0,360,0.5,0.49076517150395776,True,CLUSTER_AWARE_GAN,train,syn_CLUSTER_AWARE_GAN_r50_00252,True
timegan,1,,,-1,,170.0,340,0.5,0.49076517150395776,True,CLUSTER_AWARE_GAN,train,syn_CLUSTER_AWARE_GAN_r50_00253,True
timegan,1,,,-1,,1180.0,2360,0.5,0.49076517150395776,True,CLUSTER_AWARE_GAN,train,syn_CLUSTER_AWARE_GAN_r50_00254,True
timegan,1,,,-1,,1300.5,2601,0.5,0.49076517150395776,True,CLUSTER_AWARE_GAN,train,syn_CLUSTER_AWARE_GAN_r50_00255,True
timegan,1,,,-1,,290.0,580,0.5,0.49076517150395776,True,CLUSTER_AWARE_GAN,train,syn_CLUSTER_AWARE_GAN_r50_00256,True
timegan,1,,,-1,,1115.0,2230,0.5,0.49076517150395776,True,CLUSTER_AWARE_GAN,train,syn_CLUSTER_AWARE_GAN_r50_00257,True
timegan,1,,,-1,,7235.0,14470,0.5,0.49076517150395776,True,CLUSTER_AWARE_GAN,train,syn_CLUSTER_AWARE_GAN_r50_00258,True
timegan,1,,,-1,,160.0,320,0.5,0.49076517150395776,True,CLUSTER_AWARE_GAN,train,syn_CLUSTER_AWARE_GAN_r50_00259,True
timegan,1,,,-1,,150.0,300,0.5,0.49076517150395776,True,CLUSTER_AWARE_GAN,train,syn_CLUSTER_AWARE_GAN_r50_00260,True
timegan,1,,,-1,,190.0,380,0.5,0.49076517150395776,True,CLUSTER_AWARE_GAN,train,syn_CLUSTER_AWARE_GAN_r50_00261,True
timegan,1,,,-1,,240.0,480,0.5,0.49076517150395776,True,CLUSTER_AWARE_GAN,train,syn_CLUSTER_AWARE_GAN_r50_00262,True
timegan,1,,,-1,,260.0,520,0.5,0.49076517150395776,True,CLUSTER_AWARE_GAN,train,syn_CLUSTER_AWARE_GAN_r50_00263,True
timegan,1,,,-1,,170.0,340,0.5,0.49076517150395776,True,CLUSTER_AWARE_GAN,train,syn_CLUSTER_AWARE_GAN_r50_00264,True
timegan,1,,,-1,,4007.0,8014,0.5,0.49076517150395776,True,CLUSTER_AWARE_GAN,train,syn_CLUSTER_AWARE_GAN_r50_00265,True
timegan,1,,,-1,,130.0,260,0.5,0.49076517150395776,True,CLUSTER_AWARE_GAN,train,syn_CLUSTER_AWARE_GAN_r50_00266,True
timegan,1,,,-1,,240.0,480,0.5,0.49076517150395776,True,CLUSTER_AWARE_GAN,train,syn_CLUSTER_AWARE_GAN_r50_00267,True
timegan,1,,,-1,,130.0,260,0.5,0.49076517150395776,True,CLUSTER_AWARE_GAN,train,syn_CLUSTER_AWARE_GAN_r50_00268,True
timegan,1,,,-1,,135.0,270,0.5,0.49076517150395776,True,CLUSTER_AWARE_GAN,train,syn_CLUSTER_AWARE_GAN_r50_00269,True
timegan,1,,,-1,,155.0,310,0.5,0.49076517150395776,True,CLUSTER_AWARE_GAN,train,syn_CLUSTER_AWARE_GAN_r50_00270,True
timegan,1,,,-1,,185.0,370,0.5,0.49076517150395776,True,CLUSTER_AWARE_GAN,train,syn_CLUSTER_AWARE_GAN_r50_00271,True
timegan,1,,,-1,,195.0,390,0.5,0.49076517150395776,True,CLUSTER_AWARE_GAN,train,syn_CLUSTER_AWARE_GAN_r50_00272,True
timegan,1,,,-1,,1350.0,2700,0.5,0.49076517150395776,True,CLUSTER_AWARE_GAN,train,syn_CLUSTER_AWARE_GAN_r50_00273,True
timegan,1,,,-1,,120.0,240,0.5,0.49076517150395776,True,CLUSTER_AWARE_GAN,train,syn_CLUSTER_AWARE_GAN_r50_00274,True
timegan,1,,,-1,,235.0,470,0.5,0.49076517150395776,True,CLUSTER_AWARE_GAN,train,syn_CLUSTER_AWARE_GAN_r50_00275,True
timegan,1,,,-1,,545.0,1090,0.5,0.49076517150395776,True,CLUSTER_AWARE_GAN,train,syn_CLUSTER_AWARE_GAN_r50_00276,True
timegan,1,,,-1,,305.0,610,0.5,0.49076517150395776,True,CLUSTER_AWARE_GAN,train,syn_CLUSTER_AWARE_GAN_r50_00277,True
timegan,1,,,-1,,135.0,270,0.5,0.49076517150395776,True,CLUSTER_AWARE_GAN,train,syn_CLUSTER_AWARE_GAN_r50_00278,True
timegan,1,,,-1,,470.0,940,0.5,0.49076517150395776,True,CLUSTER_AWARE_GAN,train,syn_CLUSTER_AWARE_GAN_r50_00279,True
timegan,1,,,-1,,1840.0,3680,0.5,0.49076517150395776,True,CLUSTER_AWARE_GAN,train,syn_CLUSTER_AWARE_GAN_r50_00280,True
timegan,1,,,-1,,235.0,470,0.5,0.49076517150395776,True,CLUSTER_AWARE_GAN,train,syn_CLUSTER_AWARE_GAN_r50_00281,True
timegan,1,,,-1,,150.0,300,0.5,0.49076517150395776,True,CLUSTER_AWARE_GAN,train,syn_CLUSTER_AWARE_GAN_r50_00282,True
timegan,1,,,-1,,150.0,300,0.5,0.49076517150395776,True,CLUSTER_AWARE_GAN,train,syn_CLUSTER_AWARE_GAN_r50_00283,True
timegan,1,,,-1,,1070.0,2140,0.5,0.49076517150395776,True,CLUSTER_AWARE_GAN,train,syn_CLUSTER_AWARE_GAN_r50_00284,True
timegan,1,,,-1,,305.0,610,0.5,0.49076517150395776,True,CLUSTER_AWARE_GAN,train,syn_CLUSTER_AWARE_GAN_r50_00285,True
timegan,1,,,-1,,190.0,380,0.5,0.49076517150395776,True,CLUSTER_AWARE_GAN,train,syn_CLUSTER_AWARE_GAN_r50_00286,True
timegan,1,,,-1,,120.0,240,0.5,0.49076517150395776,True,CLUSTER_AWARE_GAN,train,syn_CLUSTER_AWARE_GAN_r50_00287,True
timegan,1,,,-1,,365.0,730,0.5,0.49076517150395776,True,CLUSTER_AWARE_GAN,train,syn_CLUSTER_AWARE_GAN_r50_00288,True
timegan,1,,,-1,,305.0,610,0.5,0.49076517150395776,True,CLUSTER_AWARE_GAN,train,syn_CLUSTER_AWARE_GAN_r50_00289,True
timegan,1,,,-1,,2125.0,4250,0.5,0.49076517150395776,True,CLUSTER_AWARE_GAN,train,syn_CLUSTER_AWARE_GAN_r50_00290,True
timegan,1,,,-1,,925.0,1850,0.5,0.49076517150395776,True,CLUSTER_AWARE_GAN,train,syn_CLUSTER_AWARE_GAN_r50_00291,True
timegan,1,,,-1,,545.0,1090,0.5,0.49076517150395776,True,CLUSTER_AWARE_GAN,train,syn_CLUSTER_AWARE_GAN_r50_00292,True
timegan,1,,,-1,,190.0,380,0.5,0.49076517150395776,True,CLUSTER_AWARE_GAN,train,syn_CLUSTER_AWARE_GAN_r50_00293,True
timegan,1,,,-1,,5055.0,10110,0.5,0.49076517150395776,True,CLUSTER_AWARE_GAN,train,syn_CLUSTER_AWARE_GAN_r50_00294,True
timegan,1,,,-1,,380.0,760,0.5,0.49076517150395776,True,CLUSTER_AWARE_GAN,train,syn_CLUSTER_AWARE_GAN_r50_00295,True
timegan,1,,,-1,,180.0,360,0.5,0.49076517150395776,True,CLUSTER_AWARE_GAN,train,syn_CLUSTER_AWARE_GAN_r50_00296,True
timegan,1,,,-1,,1905.0,3810,0.5,0.49076517150395776,True,CLUSTER_AWARE_GAN,train,syn_CLUSTER_AWARE_GAN_r50_00297,True
timegan,1,,,-1,,290.0,580,0.5,0.49076517150395776,True,CLUSTER_AWARE_GAN,train,syn_CLUSTER_AWARE_GAN_r50_00298,True
timegan,1,,,-1,,135.0,270,0.5,0.49076517150395776,True,CLUSTER_AWARE_GAN,train,syn_CLUSTER_AWARE_GAN_r50_00299,True
timegan,1,,,-1,,190.0,380,0.5,0.49076517150395776,True,CLUSTER_AWARE_GAN,train,syn_CLUSTER_AWARE_GAN_r50_00300,True
timegan,1,,,-1,,290.0,580,0.5,0.49076517150395776,True,CLUSTER_AWARE_GAN,train,syn_CLUSTER_AWARE_GAN_r50_00301,True
timegan,1,,,-1,,395.0,790,0.5,0.49076517150395776,True,CLUSTER_AWARE_GAN,train,syn_CLUSTER_AWARE_GAN_r50_00302,True
timegan,1,,,-1,,165.0,330,0.5,0.49076517150395776,True,CLUSTER_AWARE_GAN,train,syn_CLUSTER_AWARE_GAN_r50_00303,True
timegan,1,,,-1,,1250.0,2500,0.5,0.49076517150395776,True,CLUSTER_AWARE_GAN,train,syn_CLUSTER_AWARE_GAN_r50_00304,True
timegan,1,,,-1,,125.0,250,0.5,0.49076517150395776,True,CLUSTER_AWARE_GAN,train,syn_CLUSTER_AWARE_GAN_r50_00305,True
timegan,1,,,-1,,185.0,370,0.5,0.49076517150395776,True,CLUSTER_AWARE_GAN,train,syn_CLUSTER_AWARE_GAN_r50_00306,True
timegan,1,,,-1,,750.0,1500,0.5,0.49076517150395776,True,CLUSTER_AWARE_GAN,train,syn_CLUSTER_AWARE_GAN_r50_00307,True
timegan,1,,,-1,,385.0,770,0.5,0.49076517150395776,True,CLUSTER_AWARE_GAN,train,syn_CLUSTER_AWARE_GAN_r50_00308,True
timegan,1,,,-1,,170.0,340,0.5,0.49076517150395776,True,CLUSTER_AWARE_GAN,train,syn_CLUSTER_AWARE_GAN_r50_00309,True
timegan,1,,,-1,,150.0,300,0.5,0.49076517150395776,True,CLUSTER_AWARE_GAN,train,syn_CLUSTER_AWARE_GAN_r50_00310,True
timegan,1,,,-1,,445.0,890,0.5,0.49076517150395776,True,CLUSTER_AWARE_GAN,train,syn_CLUSTER_AWARE_GAN_r50_00311,True
timegan,1,,,-1,,1015.0,2030,0.5,0.49076517150395776,True,CLUSTER_AWARE_GAN,train,syn_CLUSTER_AWARE_GAN_r50_00312,True
timegan,1,,,-1,,325.0,650,0.5,0.49076517150395776,True,CLUSTER_AWARE_GAN,train,syn_CLUSTER_AWARE_GAN_r50_00313,True
timegan,1,,,-1,,900.0,1800,0.5,0.49076517150395776,True,CLUSTER_AWARE_GAN,train,syn_CLUSTER_AWARE_GAN_r50_00314,True
timegan,1,,,-1,,145.0,290,0.5,0.49076517150395776,True,CLUSTER_AWARE_GAN,train,syn_CLUSTER_AWARE_GAN_r50_00315,True
timegan,1,,,-1,,120.0,240,0.5,0.49076517150395776,True,CLUSTER_AWARE_GAN,train,syn_CLUSTER_AWARE_GAN_r50_00316,True
timegan,1,,,-1,,120.0,240,0.5,0.49076517150395776,True,CLUSTER_AWARE_GAN,train,syn_CLUSTER_AWARE_GAN_r50_00317,True
timegan,1,,,-1,,155.5,311,0.5,0.49076517150395776,True,CLUSTER_AWARE_GAN,train,syn_CLUSTER_AWARE_GAN_r50_00318,True
timegan,1,,,-1,,1115.0,2230,0.5,0.49076517150395776,True,CLUSTER_AWARE_GAN,train,syn_CLUSTER_AWARE_GAN_r50_00319,True
timegan,1,,,-1,,140.0,280,0.5,0.49076517150395776,True,CLUSTER_AWARE_GAN,train,syn_CLUSTER_AWARE_GAN_r50_00320,True
timegan,1,,,-1,,345.0,690,0.5,0.49076517150395776,True,CLUSTER_AWARE_GAN,train,syn_CLUSTER_AWARE_GAN_r50_00321,True
timegan,1,,,-1,,305.0,610,0.5,0.49076517150395776,True,CLUSTER_AWARE_GAN,train,syn_CLUSTER_AWARE_GAN_r50_00322,True
timegan,1,,,-1,,1088.0,2176,0.5,0.49076517150395776,True,CLUSTER_AWARE_GAN,train,syn_CLUSTER_AWARE_GAN_r50_00323,True
timegan,1,,,-1,,215.0,430,0.5,0.49076517150395776,True,CLUSTER_AWARE_GAN,train,syn_CLUSTER_AWARE_GAN_r50_00324,True
timegan,1,,,-1,,235.0,470,0.5,0.49076517150395776,True,CLUSTER_AWARE_GAN,train,syn_CLUSTER_AWARE_GAN_r50_00325,True
timegan,1,,,-1,,135.0,270,0.5,0.49076517150395776,True,CLUSTER_AWARE_GAN,train,syn_CLUSTER_AWARE_GAN_r50_00326,True
timegan,1,,,-1,,200.0,400,0.5,0.49076517150395776,True,CLUSTER_AWARE_GAN,train,syn_CLUSTER_AWARE_GAN_r50_00327,True
timegan,1,,,-1,,335.0,670,0.5,0.49076517150395776,True,CLUSTER_AWARE_GAN,train,syn_CLUSTER_AWARE_GAN_r50_00328,True
timegan,1,,,-1,,405.0,810,0.5,0.49076517150395776,True,CLUSTER_AWARE_GAN,train,syn_CLUSTER_AWARE_GAN_r50_00329,True
timegan,1,,,-1,,2690.0,5380,0.5,0.49076517150395776,True,CLUSTER_AWARE_GAN,train,syn_CLUSTER_AWARE_GAN_r50_00330,True
timegan,1,,,-1,,160.0,320,0.5,0.49076517150395776,True,CLUSTER_AWARE_GAN,train,syn_CLUSTER_AWARE_GAN_r50_00331,True
timegan,1,,,-1,,135.0,270,0.5,0.49076517150395776,True,CLUSTER_AWARE_GAN,train,syn_CLUSTER_AWARE_GAN_r50_00332,True
timegan,1,,,-1,,120.0,240,0.5,0.49076517150395776,True,CLUSTER_AWARE_GAN,train,syn_CLUSTER_AWARE_GAN_r50_00333,True
timegan,1,,,-1,,125.0,250,0.5,0.49076517150395776,True,CLUSTER_AWARE_GAN,train,syn_CLUSTER_AWARE_GAN_r50_00334,True
timegan,1,,,-1,,365.0,730,0.5,0.49076517150395776,True,CLUSTER_AWARE_GAN,train,syn_CLUSTER_AWARE_GAN_r50_00335,True
timegan,1,,,-1,,195.0,390,0.5,0.49076517150395776,True,CLUSTER_AWARE_GAN,train,syn_CLUSTER_AWARE_GAN_r50_00336,True
timegan,1,,,-1,,170.0,340,0.5,0.49076517150395776,True,CLUSTER_AWARE_GAN,train,syn_CLUSTER_AWARE_GAN_r50_00337,True
timegan,1,,,-1,,190.0,380,0.5,0.49076517150395776,True,CLUSTER_AWARE_GAN,train,syn_CLUSTER_AWARE_GAN_r50_00338,True
timegan,1,,,-1,,135.0,270,0.5,0.49076517150395776,True,CLUSTER_AWARE_GAN,train,syn_CLUSTER_AWARE_GAN_r50_00339,True
timegan,1,,,-1,,525.0,1050,0.5,0.49076517150395776,True,CLUSTER_AWARE_GAN,train,syn_CLUSTER_AWARE_GAN_r50_00340,True
timegan,1,,,-1,,335.0,670,0.5,0.49076517150395776,True,CLUSTER_AWARE_GAN,train,syn_CLUSTER_AWARE_GAN_r50_00341,True
timegan,1,,,-1,,225.0,450,0.5,0.49076517150395776,True,CLUSTER_AWARE_GAN,train,syn_CLUSTER_AWARE_GAN_r50_00342,True
timegan,1,,,-1,,3707.0,7414,0.5,0.49076517150395776,True,CLUSTER_AWARE_GAN,train,syn_CLUSTER_AWARE_GAN_r50_00343,True
timegan,1,,,-1,,320.0,640,0.5,0.49076517150395776,True,CLUSTER_AWARE_GAN,train,syn_CLUSTER_AWARE_GAN_r50_00344,True
timegan,1,,,-1,,170.0,340,0.5,0.49076517150395776,True,CLUSTER_AWARE_GAN,train,syn_CLUSTER_AWARE_GAN_r50_00345,True
timegan,1,,,-1,,180.0,360,0.5,0.49076517150395776,True,CLUSTER_AWARE_GAN,train,syn_CLUSTER_AWARE_GAN_r50_00346,True
timegan,1,,,-1,,120.0,240,0.5,0.49076517150395776,True,CLUSTER_AWARE_GAN,train,syn_CLUSTER_AWARE_GAN_r50_00347,True
timegan,1,,,-1,,240.0,480,0.5,0.49076517150395776,True,CLUSTER_AWARE_GAN,train,syn_CLUSTER_AWARE_GAN_r50_00348,True
timegan,1,,,-1,,195.0,390,0.5,0.49076517150395776,True,CLUSTER_AWARE_GAN,train,syn_CLUSTER_AWARE_GAN_r50_00349,True
timegan,1,,,-1,,120.0,240,0.5,0.49076517150395776,True,CLUSTER_AWARE_GAN,train,syn_CLUSTER_AWARE_GAN_r50_00350,True
timegan,1,,,-1,,170.0,340,0.5,0.49076517150395776,True,CLUSTER_AWARE_GAN,train,syn_CLUSTER_AWARE_GAN_r50_00351,True
timegan,1,,,-1,,470.0,940,0.5,0.49076517150395776,True,CLUSTER_AWARE_GAN,train,syn_CLUSTER_AWARE_GAN_r50_00352,True
timegan,1,,,-1,,5020.0,10040,0.5,0.49076517150395776,True,CLUSTER_AWARE_GAN,train,syn_CLUSTER_AWARE_GAN_r50_00353,True
timegan,1,,,-1,,965.0,1930,0.5,0.49076517150395776,True,CLUSTER_AWARE_GAN,train,syn_CLUSTER_AWARE_GAN_r50_00354,True
timegan,1,,,-1,,165.0,330,0.5,0.49076517150395776,True,CLUSTER_AWARE_GAN,train,syn_CLUSTER_AWARE_GAN_r50_00355,True
timegan,1,,,-1,,189.0,378,0.5,0.49076517150395776,True,CLUSTER_AWARE_GAN,train,syn_CLUSTER_AWARE_GAN_r50_00356,True
timegan,1,,,-1,,1850.0,3700,0.5,0.49076517150395776,True,CLUSTER_AWARE_GAN,train,syn_CLUSTER_AWARE_GAN_r50_00357,True
timegan,1,,,-1,,2125.0,4250,0.5,0.49076517150395776,True,CLUSTER_AWARE_GAN,train,syn_CLUSTER_AWARE_GAN_r50_00358,True
timegan,1,,,-1,,180.0,360,0.5,0.49076517150395776,True,CLUSTER_AWARE_GAN,train,syn_CLUSTER_AWARE_GAN_r50_00359,True
timegan,1,,,-1,,240.0,480,0.5,0.49076517150395776,True,CLUSTER_AWARE_GAN,train,syn_CLUSTER_AWARE_GAN_r50_00360,True
timegan,1,,,-1,,1905.0,3810,0.5,0.49076517150395776,True,CLUSTER_AWARE_GAN,train,syn_CLUSTER_AWARE_GAN_r50_00361,True
timegan,1,,,-1,,320.0,640,0.5,0.49076517150395776,True,CLUSTER_AWARE_GAN,train,syn_CLUSTER_AWARE_GAN_r50_00362,True
timegan,1,,,-1,,245.0,490,0.5,0.49076517150395776,True,CLUSTER_AWARE_GAN,train,syn_CLUSTER_AWARE_GAN_r50_00363,True
timegan,1,,,-1,,965.0,1930,0.5,0.49076517150395776,True,CLUSTER_AWARE_GAN,train,syn_CLUSTER_AWARE_GAN_r50_00364,True
timegan,1,,,-1,,710.0,1420,0.5,0.49076517150395776,True,CLUSTER_AWARE_GAN,train,syn_CLUSTER_AWARE_GAN_r50_00365,True
timegan,0,,,-1,,125.0,250,1.0,1.0169014084507042,True,CLUSTER_AWARE_GAN,train,syn_CLUSTER_AWARE_GAN_r100_00000,True
timegan,0,,,-1,,455.0,910,1.0,1.0169014084507042,True,CLUSTER_AWARE_GAN,train,syn_CLUSTER_AWARE_GAN_r100_00001,True
timegan,0,,,-1,,175.0,350,1.0,1.0169014084507042,True,CLUSTER_AWARE_GAN,train,syn_CLUSTER_AWARE_GAN_r100_00002,True
timegan,0,,,-1,,150.0,300,1.0,1.0169014084507042,True,CLUSTER_AWARE_GAN,train,syn_CLUSTER_AWARE_GAN_r100_00003,True
timegan,0,,,-1,,120.0,240,1.0,1.0169014084507042,True,CLUSTER_AWARE_GAN,train,syn_CLUSTER_AWARE_GAN_r100_00004,True
timegan,0,,,-1,,205.0,410,1.0,1.0169014084507042,True,CLUSTER_AWARE_GAN,train,syn_CLUSTER_AWARE_GAN_r100_00005,True
timegan,0,,,-1,,445.0,890,1.0,1.0169014084507042,True,CLUSTER_AWARE_GAN,train,syn_CLUSTER_AWARE_GAN_r100_00006,True
timegan,0,,,-1,,130.0,260,1.0,1.0169014084507042,True,CLUSTER_AWARE_GAN,train,syn_CLUSTER_AWARE_GAN_r100_00007,True
timegan,0,,,-1,,1340.0,2680,1.0,1.0169014084507042,True,CLUSTER_AWARE_GAN,train,syn_CLUSTER_AWARE_GAN_r100_00008,True
timegan,0,,,-1,,195.0,390,1.0,1.0169014084507042,True,CLUSTER_AWARE_GAN,train,syn_CLUSTER_AWARE_GAN_r100_00009,True
timegan,0,,,-1,,395.0,790,1.0,1.0169014084507042,True,CLUSTER_AWARE_GAN,train,syn_CLUSTER_AWARE_GAN_r100_00010,True
timegan,0,,,-1,,160.0,320,1.0,1.0169014084507042,True,CLUSTER_AWARE_GAN,train,syn_CLUSTER_AWARE_GAN_r100_00011,True
timegan,0,,,-1,,300.0,600,1.0,1.0169014084507042,True,CLUSTER_AWARE_GAN,train,syn_CLUSTER_AWARE_GAN_r100_00012,True
timegan,0,,,-1,,318.5,637,1.0,1.0169014084507042,True,CLUSTER_AWARE_GAN,train,syn_CLUSTER_AWARE_GAN_r100_00013,True
timegan,0,,,-1,,455.0,910,1.0,1.0169014084507042,True,CLUSTER_AWARE_GAN,train,syn_CLUSTER_AWARE_GAN_r100_00014,True
timegan,0,,,-1,,165.0,330,1.0,1.0169014084507042,True,CLUSTER_AWARE_GAN,train,syn_CLUSTER_AWARE_GAN_r100_00015,True
timegan,0,,,-1,,270.0,540,1.0,1.0169014084507042,True,CLUSTER_AWARE_GAN,train,syn_CLUSTER_AWARE_GAN_r100_00016,True
timegan,0,,,-1,,140.0,280,1.0,1.0169014084507042,True,CLUSTER_AWARE_GAN,train,syn_CLUSTER_AWARE_GAN_r100_00017,True
timegan,0,,,-1,,130.0,260,1.0,1.0169014084507042,True,CLUSTER_AWARE_GAN,train,syn_CLUSTER_AWARE_GAN_r100_00018,True
timegan,0,,,-1,,370.0,740,1.0,1.0169014084507042,True,CLUSTER_AWARE_GAN,train,syn_CLUSTER_AWARE_GAN_r100_00019,True
timegan,0,,,-1,,835.0,1670,1.0,1.0169014084507042,True,CLUSTER_AWARE_GAN,train,syn_CLUSTER_AWARE_GAN_r100_00020,True
timegan,0,,,-1,,680.0,1360,1.0,1.0169014084507042,True,CLUSTER_AWARE_GAN,train,syn_CLUSTER_AWARE_GAN_r100_00021,True
timegan,0,,,-1,,135.0,270,1.0,1.0169014084507042,True,CLUSTER_AWARE_GAN,train,syn_CLUSTER_AWARE_GAN_r100_00022,True
timegan,0,,,-1,,355.0,710,1.0,1.0169014084507042,True,CLUSTER_AWARE_GAN,train,syn_CLUSTER_AWARE_GAN_r100_00023,True
timegan,0,,,-1,,555.0,1110,1.0,1.0169014084507042,True,CLUSTER_AWARE_GAN,train,syn_CLUSTER_AWARE_GAN_r100_00024,True
timegan,0,,,-1,,845.0,1690,1.0,1.0169014084507042,True,CLUSTER_AWARE_GAN,train,syn_CLUSTER_AWARE_GAN_r100_00025,True
timegan,0,,,-1,,135.0,270,1.0,1.0169014084507042,True,CLUSTER_AWARE_GAN,train,syn_CLUSTER_AWARE_GAN_r100_00026,True
timegan,0,,,-1,,150.0,300,1.0,1.0169014084507042,True,CLUSTER_AWARE_GAN,train,syn_CLUSTER_AWARE_GAN_r100_00027,True
timegan,0,,,-1,,285.0,570,1.0,1.0169014084507042,True,CLUSTER_AWARE_GAN,train,syn_CLUSTER_AWARE_GAN_r100_00028,True
timegan,0,,,-1,,190.0,380,1.0,1.0169014084507042,True,CLUSTER_AWARE_GAN,train,syn_CLUSTER_AWARE_GAN_r100_00029,True
timegan,0,,,-1,,120.0,240,1.0,1.0169014084507042,True,CLUSTER_AWARE_GAN,train,syn_CLUSTER_AWARE_GAN_r100_00030,True
timegan,0,,,-1,,160.0,320,1.0,1.0169014084507042,True,CLUSTER_AWARE_GAN,train,syn_CLUSTER_AWARE_GAN_r100_00031,True
timegan,0,,,-1,,120.0,240,1.0,1.0169014084507042,True,CLUSTER_AWARE_GAN,train,syn_CLUSTER_AWARE_GAN_r100_00032,True
timegan,0,,,-1,,130.0,260,1.0,1.0169014084507042,True,CLUSTER_AWARE_GAN,train,syn_CLUSTER_AWARE_GAN_r100_00033,True
timegan,0,,,-1,,210.0,420,1.0,1.0169014084507042,True,CLUSTER_AWARE_GAN,train,syn_CLUSTER_AWARE_GAN_r100_00034,True
timegan,0,,,-1,,300.0,600,1.0,1.0169014084507042,True,CLUSTER_AWARE_GAN,train,syn_CLUSTER_AWARE_GAN_r100_00035,True
timegan,0,,,-1,,170.0,340,1.0,1.0169014084507042,True,CLUSTER_AWARE_GAN,train,syn_CLUSTER_AWARE_GAN_r100_00036,True
timegan,0,,,-1,,240.0,480,1.0,1.0169014084507042,True,CLUSTER_AWARE_GAN,train,syn_CLUSTER_AWARE_GAN_r100_00037,True
timegan,0,,,-1,,410.0,820,1.0,1.0169014084507042,True,CLUSTER_AWARE_GAN,train,syn_CLUSTER_AWARE_GAN_r100_00038,True
timegan,0,,,-1,,795.0,1590,1.0,1.0169014084507042,True,CLUSTER_AWARE_GAN,train,syn_CLUSTER_AWARE_GAN_r100_00039,True
timegan,0,,,-1,,150.0,300,1.0,1.0169014084507042,True,CLUSTER_AWARE_GAN,train,syn_CLUSTER_AWARE_GAN_r100_00040,True
timegan,0,,,-1,,145.0,290,1.0,1.0169014084507042,True,CLUSTER_AWARE_GAN,train,syn_CLUSTER_AWARE_GAN_r100_00041,True
timegan,0,,,-1,,845.0,1690,1.0,1.0169014084507042,True,CLUSTER_AWARE_GAN,train,syn_CLUSTER_AWARE_GAN_r100_00042,True
timegan,0,,,-1,,350.0,700,1.0,1.0169014084507042,True,CLUSTER_AWARE_GAN,train,syn_CLUSTER_AWARE_GAN_r100_00043,True
timegan,0,,,-1,,205.0,410,1.0,1.0169014084507042,True,CLUSTER_AWARE_GAN,train,syn_CLUSTER_AWARE_GAN_r100_00044,True
timegan,0,,,-1,,205.0,410,1.0,1.0169014084507042,True,CLUSTER_AWARE_GAN,train,syn_CLUSTER_AWARE_GAN_r100_00045,True
timegan,0,,,-1,,185.0,370,1.0,1.0169014084507042,True,CLUSTER_AWARE_GAN,train,syn_CLUSTER_AWARE_GAN_r100_00046,True
timegan,0,,,-1,,205.0,410,1.0,1.0169014084507042,True,CLUSTER_AWARE_GAN,train,syn_CLUSTER_AWARE_GAN_r100_00047,True
timegan,0,,,-1,,125.0,250,1.0,1.0169014084507042,True,CLUSTER_AWARE_GAN,train,syn_CLUSTER_AWARE_GAN_r100_00048,True
timegan,0,,,-1,,335.0,670,1.0,1.0169014084507042,True,CLUSTER_AWARE_GAN,train,syn_CLUSTER_AWARE_GAN_r100_00049,True
timegan,0,,,-1,,135.0,270,1.0,1.0169014084507042,True,CLUSTER_AWARE_GAN,train,syn_CLUSTER_AWARE_GAN_r100_00050,True
timegan,0,,,-1,,210.0,420,1.0,1.0169014084507042,True,CLUSTER_AWARE_GAN,train,syn_CLUSTER_AWARE_GAN_r100_00051,True
timegan,0,,,-1,,285.0,570,1.0,1.0169014084507042,True,CLUSTER_AWARE_GAN,train,syn_CLUSTER_AWARE_GAN_r100_00052,True
timegan,0,,,-1,,390.0,780,1.0,1.0169014084507042,True,CLUSTER_AWARE_GAN,train,syn_CLUSTER_AWARE_GAN_r100_00053,True
timegan,0,,,-1,,310.0,620,1.0,1.0169014084507042,True,CLUSTER_AWARE_GAN,train,syn_CLUSTER_AWARE_GAN_r100_00054,True
timegan,0,,,-1,,335.0,670,1.0,1.0169014084507042,True,CLUSTER_AWARE_GAN,train,syn_CLUSTER_AWARE_GAN_r100_00055,True
timegan,0,,,-1,,205.0,410,1.0,1.0169014084507042,True,CLUSTER_AWARE_GAN,train,syn_CLUSTER_AWARE_GAN_r100_00056,True
timegan,0,,,-1,,285.0,570,1.0,1.0169014084507042,True,CLUSTER_AWARE_GAN,train,syn_CLUSTER_AWARE_GAN_r100_00057,True
timegan,0,,,-1,,120.0,240,1.0,1.0169014084507042,True,CLUSTER_AWARE_GAN,train,syn_CLUSTER_AWARE_GAN_r100_00058,True
timegan,0,,,-1,,605.0,1210,1.0,1.0169014084507042,True,CLUSTER_AWARE_GAN,train,syn_CLUSTER_AWARE_GAN_r100_00059,True
timegan,0,,,-1,,455.0,910,1.0,1.0169014084507042,True,CLUSTER_AWARE_GAN,train,syn_CLUSTER_AWARE_GAN_r100_00060,True
timegan,0,,,-1,,155.0,310,1.0,1.0169014084507042,True,CLUSTER_AWARE_GAN,train,syn_CLUSTER_AWARE_GAN_r100_00061,True
timegan,0,,,-1,,135.0,270,1.0,1.0169014084507042,True,CLUSTER_AWARE_GAN,train,syn_CLUSTER_AWARE_GAN_r100_00062,True
timegan,0,,,-1,,430.0,860,1.0,1.0169014084507042,True,CLUSTER_AWARE_GAN,train,syn_CLUSTER_AWARE_GAN_r100_00063,True
timegan,0,,,-1,,360.0,720,1.0,1.0169014084507042,True,CLUSTER_AWARE_GAN,train,syn_CLUSTER_AWARE_GAN_r100_00064,True
timegan,0,,,-1,,570.0,1140,1.0,1.0169014084507042,True,CLUSTER_AWARE_GAN,train,syn_CLUSTER_AWARE_GAN_r100_00065,True
timegan,0,,,-1,,300.0,600,1.0,1.0169014084507042,True,CLUSTER_AWARE_GAN,train,syn_CLUSTER_AWARE_GAN_r100_00066,True
timegan,0,,,-1,,230.0,460,1.0,1.0169014084507042,True,CLUSTER_AWARE_GAN,train,syn_CLUSTER_AWARE_GAN_r100_00067,True
timegan,0,,,-1,,270.0,540,1.0,1.0169014084507042,True,CLUSTER_AWARE_GAN,train,syn_CLUSTER_AWARE_GAN_r100_00068,True
timegan,0,,,-1,,130.0,260,1.0,1.0169014084507042,True,CLUSTER_AWARE_GAN,train,syn_CLUSTER_AWARE_GAN_r100_00069,True
timegan,0,,,-1,,320.0,640,1.0,1.0169014084507042,True,CLUSTER_AWARE_GAN,train,syn_CLUSTER_AWARE_GAN_r100_00070,True
timegan,0,,,-1,,165.0,330,1.0,1.0169014084507042,True,CLUSTER_AWARE_GAN,train,syn_CLUSTER_AWARE_GAN_r100_00071,True
timegan,0,,,-1,,185.0,370,1.0,1.0169014084507042,True,CLUSTER_AWARE_GAN,train,syn_CLUSTER_AWARE_GAN_r100_00072,True
timegan,0,,,-1,,450.0,900,1.0,1.0169014084507042,True,CLUSTER_AWARE_GAN,train,syn_CLUSTER_AWARE_GAN_r100_00073,True
timegan,0,,,-1,,205.0,410,1.0,1.0169014084507042,True,CLUSTER_AWARE_GAN,train,syn_CLUSTER_AWARE_GAN_r100_00074,True
timegan,0,,,-1,,365.0,730,1.0,1.0169014084507042,True,CLUSTER_AWARE_GAN,train,syn_CLUSTER_AWARE_GAN_r100_00075,True
timegan,0,,,-1,,405.0,810,1.0,1.0169014084507042,True,CLUSTER_AWARE_GAN,train,syn_CLUSTER_AWARE_GAN_r100_00076,True
timegan,0,,,-1,,125.0,250,1.0,1.0169014084507042,True,CLUSTER_AWARE_GAN,train,syn_CLUSTER_AWARE_GAN_r100_00077,True
timegan,0,,,-1,,160.0,320,1.0,1.0169014084507042,True,CLUSTER_AWARE_GAN,train,syn_CLUSTER_AWARE_GAN_r100_00078,True
timegan,0,,,-1,,180.0,360,1.0,1.0169014084507042,True,CLUSTER_AWARE_GAN,train,syn_CLUSTER_AWARE_GAN_r100_00079,True
timegan,0,,,-1,,320.0,640,1.0,1.0169014084507042,True,CLUSTER_AWARE_GAN,train,syn_CLUSTER_AWARE_GAN_r100_00080,True
timegan,0,,,-1,,215.0,430,1.0,1.0169014084507042,True,CLUSTER_AWARE_GAN,train,syn_CLUSTER_AWARE_GAN_r100_00081,True
timegan,0,,,-1,,240.0,480,1.0,1.0169014084507042,True,CLUSTER_AWARE_GAN,train,syn_CLUSTER_AWARE_GAN_r100_00082,True
timegan,0,,,-1,,135.0,270,1.0,1.0169014084507042,True,CLUSTER_AWARE_GAN,train,syn_CLUSTER_AWARE_GAN_r100_00083,True
timegan,0,,,-1,,360.0,720,1.0,1.0169014084507042,True,CLUSTER_AWARE_GAN,train,syn_CLUSTER_AWARE_GAN_r100_00084,True
timegan,0,,,-1,,195.0,390,1.0,1.0169014084507042,True,CLUSTER_AWARE_GAN,train,syn_CLUSTER_AWARE_GAN_r100_00085,True
timegan,0,,,-1,,120.0,240,1.0,1.0169014084507042,True,CLUSTER_AWARE_GAN,train,syn_CLUSTER_AWARE_GAN_r100_00086,True
timegan,0,,,-1,,135.0,270,1.0,1.0169014084507042,True,CLUSTER_AWARE_GAN,train,syn_CLUSTER_AWARE_GAN_r100_00087,True
timegan,0,,,-1,,380.0,760,1.0,1.0169014084507042,True,CLUSTER_AWARE_GAN,train,syn_CLUSTER_AWARE_GAN_r100_00088,True
timegan,0,,,-1,,350.0,700,1.0,1.0169014084507042,True,CLUSTER_AWARE_GAN,train,syn_CLUSTER_AWARE_GAN_r100_00089,True
timegan,0,,,-1,,170.0,340,1.0,1.0169014084507042,True,CLUSTER_AWARE_GAN,train,syn_CLUSTER_AWARE_GAN_r100_00090,True
timegan,0,,,-1,,375.0,750,1.0,1.0169014084507042,True,CLUSTER_AWARE_GAN,train,syn_CLUSTER_AWARE_GAN_r100_00091,True
timegan,0,,,-1,,405.0,810,1.0,1.0169014084507042,True,CLUSTER_AWARE_GAN,train,syn_CLUSTER_AWARE_GAN_r100_00092,True
timegan,0,,,-1,,230.0,460,1.0,1.0169014084507042,True,CLUSTER_AWARE_GAN,train,syn_CLUSTER_AWARE_GAN_r100_00093,True
timegan,0,,,-1,,120.0,240,1.0,1.0169014084507042,True,CLUSTER_AWARE_GAN,train,syn_CLUSTER_AWARE_GAN_r100_00094,True
timegan,0,,,-1,,240.0,480,1.0,1.0169014084507042,True,CLUSTER_AWARE_GAN,train,syn_CLUSTER_AWARE_GAN_r100_00095,True
timegan,0,,,-1,,165.0,330,1.0,1.0169014084507042,True,CLUSTER_AWARE_GAN,train,syn_CLUSTER_AWARE_GAN_r100_00096,True
timegan,0,,,-1,,405.0,810,1.0,1.0169014084507042,True,CLUSTER_AWARE_GAN,train,syn_CLUSTER_AWARE_GAN_r100_00097,True
timegan,0,,,-1,,275.0,550,1.0,1.0169014084507042,True,CLUSTER_AWARE_GAN,train,syn_CLUSTER_AWARE_GAN_r100_00098,True
timegan,0,,,-1,,130.0,260,1.0,1.0169014084507042,True,CLUSTER_AWARE_GAN,train,syn_CLUSTER_AWARE_GAN_r100_00099,True
timegan,0,,,-1,,205.0,410,1.0,1.0169014084507042,True,CLUSTER_AWARE_GAN,train,syn_CLUSTER_AWARE_GAN_r100_00100,True
timegan,0,,,-1,,130.0,260,1.0,1.0169014084507042,True,CLUSTER_AWARE_GAN,train,syn_CLUSTER_AWARE_GAN_r100_00101,True
timegan,0,,,-1,,195.0,390,1.0,1.0169014084507042,True,CLUSTER_AWARE_GAN,train,syn_CLUSTER_AWARE_GAN_r100_00102,True
timegan,0,,,-1,,220.0,440,1.0,1.0169014084507042,True,CLUSTER_AWARE_GAN,train,syn_CLUSTER_AWARE_GAN_r100_00103,True
timegan,0,,,-1,,505.0,1010,1.0,1.0169014084507042,True,CLUSTER_AWARE_GAN,train,syn_CLUSTER_AWARE_GAN_r100_00104,True
timegan,0,,,-1,,285.0,570,1.0,1.0169014084507042,True,CLUSTER_AWARE_GAN,train,syn_CLUSTER_AWARE_GAN_r100_00105,True
timegan,0,,,-1,,405.0,810,1.0,1.0169014084507042,True,CLUSTER_AWARE_GAN,train,syn_CLUSTER_AWARE_GAN_r100_00106,True
timegan,0,,,-1,,285.0,570,1.0,1.0169014084507042,True,CLUSTER_AWARE_GAN,train,syn_CLUSTER_AWARE_GAN_r100_00107,True
timegan,0,,,-1,,205.0,410,1.0,1.0169014084507042,True,CLUSTER_AWARE_GAN,train,syn_CLUSTER_AWARE_GAN_r100_00108,True
timegan,0,,,-1,,205.0,410,1.0,1.0169014084507042,True,CLUSTER_AWARE_GAN,train,syn_CLUSTER_AWARE_GAN_r100_00109,True
timegan,0,,,-1,,235.0,470,1.0,1.0169014084507042,True,CLUSTER_AWARE_GAN,train,syn_CLUSTER_AWARE_GAN_r100_00110,True
timegan,0,,,-1,,120.0,240,1.0,1.0169014084507042,True,CLUSTER_AWARE_GAN,train,syn_CLUSTER_AWARE_GAN_r100_00111,True
timegan,0,,,-1,,555.0,1110,1.0,1.0169014084507042,True,CLUSTER_AWARE_GAN,train,syn_CLUSTER_AWARE_GAN_r100_00112,True
timegan,0,,,-1,,410.0,820,1.0,1.0169014084507042,True,CLUSTER_AWARE_GAN,train,syn_CLUSTER_AWARE_GAN_r100_00113,True
timegan,0,,,-1,,410.0,820,1.0,1.0169014084507042,True,CLUSTER_AWARE_GAN,train,syn_CLUSTER_AWARE_GAN_r100_00114,True
timegan,0,,,-1,,870.0,1740,1.0,1.0169014084507042,True,CLUSTER_AWARE_GAN,train,syn_CLUSTER_AWARE_GAN_r100_00115,True
timegan,0,,,-1,,375.0,750,1.0,1.0169014084507042,True,CLUSTER_AWARE_GAN,train,syn_CLUSTER_AWARE_GAN_r100_00116,True
timegan,0,,,-1,,890.0,1780,1.0,1.0169014084507042,True,CLUSTER_AWARE_GAN,train,syn_CLUSTER_AWARE_GAN_r100_00117,True
timegan,0,,,-1,,170.0,340,1.0,1.0169014084507042,True,CLUSTER_AWARE_GAN,train,syn_CLUSTER_AWARE_GAN_r100_00118,True
timegan,0,,,-1,,1095.0,2190,1.0,1.0169014084507042,True,CLUSTER_AWARE_GAN,train,syn_CLUSTER_AWARE_GAN_r100_00119,True
timegan,0,,,-1,,130.0,260,1.0,1.0169014084507042,True,CLUSTER_AWARE_GAN,train,syn_CLUSTER_AWARE_GAN_r100_00120,True
timegan,0,,,-1,,375.0,750,1.0,1.0169014084507042,True,CLUSTER_AWARE_GAN,train,syn_CLUSTER_AWARE_GAN_r100_00121,True
timegan,0,,,-1,,205.0,410,1.0,1.0169014084507042,True,CLUSTER_AWARE_GAN,train,syn_CLUSTER_AWARE_GAN_r100_00122,True
timegan,0,,,-1,,285.0,570,1.0,1.0169014084507042,True,CLUSTER_AWARE_GAN,train,syn_CLUSTER_AWARE_GAN_r100_00123,True
timegan,0,,,-1,,270.0,540,1.0,1.0169014084507042,True,CLUSTER_AWARE_GAN,train,syn_CLUSTER_AWARE_GAN_r100_00124,True
timegan,0,,,-1,,145.0,290,1.0,1.0169014084507042,True,CLUSTER_AWARE_GAN,train,syn_CLUSTER_AWARE_GAN_r100_00125,True
timegan,0,,,-1,,410.0,820,1.0,1.0169014084507042,True,CLUSTER_AWARE_GAN,train,syn_CLUSTER_AWARE_GAN_r100_00126,True
timegan,0,,,-1,,200.0,400,1.0,1.0169014084507042,True,CLUSTER_AWARE_GAN,train,syn_CLUSTER_AWARE_GAN_r100_00127,True
timegan,0,,,-1,,120.0,240,1.0,1.0169014084507042,True,CLUSTER_AWARE_GAN,train,syn_CLUSTER_AWARE_GAN_r100_00128,True
timegan,0,,,-1,,795.0,1590,1.0,1.0169014084507042,True,CLUSTER_AWARE_GAN,train,syn_CLUSTER_AWARE_GAN_r100_00129,True
timegan,0,,,-1,,170.0,340,1.0,1.0169014084507042,True,CLUSTER_AWARE_GAN,train,syn_CLUSTER_AWARE_GAN_r100_00130,True
timegan,0,,,-1,,120.0,240,1.0,1.0169014084507042,True,CLUSTER_AWARE_GAN,train,syn_CLUSTER_AWARE_GAN_r100_00131,True
timegan,0,,,-1,,120.0,240,1.0,1.0169014084507042,True,CLUSTER_AWARE_GAN,train,syn_CLUSTER_AWARE_GAN_r100_00132,True
timegan,0,,,-1,,195.0,390,1.0,1.0169014084507042,True,CLUSTER_AWARE_GAN,train,syn_CLUSTER_AWARE_GAN_r100_00133,True
timegan,0,,,-1,,120.0,240,1.0,1.0169014084507042,True,CLUSTER_AWARE_GAN,train,syn_CLUSTER_AWARE_GAN_r100_00134,True
timegan,0,,,-1,,190.0,380,1.0,1.0169014084507042,True,CLUSTER_AWARE_GAN,train,syn_CLUSTER_AWARE_GAN_r100_00135,True
timegan,0,,,-1,,270.0,540,1.0,1.0169014084507042,True,CLUSTER_AWARE_GAN,train,syn_CLUSTER_AWARE_GAN_r100_00136,True
timegan,0,,,-1,,175.0,350,1.0,1.0169014084507042,True,CLUSTER_AWARE_GAN,train,syn_CLUSTER_AWARE_GAN_r100_00137,True
timegan,0,,,-1,,270.0,540,1.0,1.0169014084507042,True,CLUSTER_AWARE_GAN,train,syn_CLUSTER_AWARE_GAN_r100_00138,True
timegan,0,,,-1,,120.0,240,1.0,1.0169014084507042,True,CLUSTER_AWARE_GAN,train,syn_CLUSTER_AWARE_GAN_r100_00139,True
timegan,0,,,-1,,215.0,430,1.0,1.0169014084507042,True,CLUSTER_AWARE_GAN,train,syn_CLUSTER_AWARE_GAN_r100_00140,True
timegan,0,,,-1,,175.0,350,1.0,1.0169014084507042,True,CLUSTER_AWARE_GAN,train,syn_CLUSTER_AWARE_GAN_r100_00141,True
timegan,0,,,-1,,120.0,240,1.0,1.0169014084507042,True,CLUSTER_AWARE_GAN,train,syn_CLUSTER_AWARE_GAN_r100_00142,True
timegan,0,,,-1,,120.0,240,1.0,1.0169014084507042,True,CLUSTER_AWARE_GAN,train,syn_CLUSTER_AWARE_GAN_r100_00143,True
timegan,0,,,-1,,135.0,270,1.0,1.0169014084507042,True,CLUSTER_AWARE_GAN,train,syn_CLUSTER_AWARE_GAN_r100_00144,True
timegan,0,,,-1,,120.0,240,1.0,1.0169014084507042,True,CLUSTER_AWARE_GAN,train,syn_CLUSTER_AWARE_GAN_r100_00145,True
timegan,0,,,-1,,235.0,470,1.0,1.0169014084507042,True,CLUSTER_AWARE_GAN,train,syn_CLUSTER_AWARE_GAN_r100_00146,True
timegan,0,,,-1,,220.0,440,1.0,1.0169014084507042,True,CLUSTER_AWARE_GAN,train,syn_CLUSTER_AWARE_GAN_r100_00147,True
timegan,0,,,-1,,135.0,270,1.0,1.0169014084507042,True,CLUSTER_AWARE_GAN,train,syn_CLUSTER_AWARE_GAN_r100_00148,True
timegan,0,,,-1,,215.0,430,1.0,1.0169014084507042,True,CLUSTER_AWARE_GAN,train,syn_CLUSTER_AWARE_GAN_r100_00149,True
timegan,0,,,-1,,990.0,1980,1.0,1.0169014084507042,True,CLUSTER_AWARE_GAN,train,syn_CLUSTER_AWARE_GAN_r100_00150,True
timegan,0,,,-1,,335.0,670,1.0,1.0169014084507042,True,CLUSTER_AWARE_GAN,train,syn_CLUSTER_AWARE_GAN_r100_00151,True
timegan,0,,,-1,,170.0,340,1.0,1.0169014084507042,True,CLUSTER_AWARE_GAN,train,syn_CLUSTER_AWARE_GAN_r100_00152,True
timegan,0,,,-1,,475.0,950,1.0,1.0169014084507042,True,CLUSTER_AWARE_GAN,train,syn_CLUSTER_AWARE_GAN_r100_00153,True
timegan,0,,,-1,,475.0,950,1.0,1.0169014084507042,True,CLUSTER_AWARE_GAN,train,syn_CLUSTER_AWARE_GAN_r100_00154,True
timegan,0,,,-1,,130.0,260,1.0,1.0169014084507042,True,CLUSTER_AWARE_GAN,train,syn_CLUSTER_AWARE_GAN_r100_00155,True
timegan,0,,,-1,,585.0,1170,1.0,1.0169014084507042,True,CLUSTER_AWARE_GAN,train,syn_CLUSTER_AWARE_GAN_r100_00156,True
timegan,0,,,-1,,120.0,240,1.0,1.0169014084507042,True,CLUSTER_AWARE_GAN,train,syn_CLUSTER_AWARE_GAN_r100_00157,True
timegan,0,,,-1,,360.0,720,1.0,1.0169014084507042,True,CLUSTER_AWARE_GAN,train,syn_CLUSTER_AWARE_GAN_r100_00158,True
timegan,0,,,-1,,130.0,260,1.0,1.0169014084507042,True,CLUSTER_AWARE_GAN,train,syn_CLUSTER_AWARE_GAN_r100_00159,True
timegan,0,,,-1,,370.0,740,1.0,1.0169014084507042,True,CLUSTER_AWARE_GAN,train,syn_CLUSTER_AWARE_GAN_r100_00160,True
timegan,0,,,-1,,120.0,240,1.0,1.0169014084507042,True,CLUSTER_AWARE_GAN,train,syn_CLUSTER_AWARE_GAN_r100_00161,True
timegan,0,,,-1,,335.0,670,1.0,1.0169014084507042,True,CLUSTER_AWARE_GAN,train,syn_CLUSTER_AWARE_GAN_r100_00162,True
timegan,0,,,-1,,170.0,340,1.0,1.0169014084507042,True,CLUSTER_AWARE_GAN,train,syn_CLUSTER_AWARE_GAN_r100_00163,True
timegan,0,,,-1,,795.0,1590,1.0,1.0169014084507042,True,CLUSTER_AWARE_GAN,train,syn_CLUSTER_AWARE_GAN_r100_00164,True
timegan,0,,,-1,,195.0,390,1.0,1.0169014084507042,True,CLUSTER_AWARE_GAN,train,syn_CLUSTER_AWARE_GAN_r100_00165,True
timegan,0,,,-1,,185.0,370,1.0,1.0169014084507042,True,CLUSTER_AWARE_GAN,train,syn_CLUSTER_AWARE_GAN_r100_00166,True
timegan,0,,,-1,,130.0,260,1.0,1.0169014084507042,True,CLUSTER_AWARE_GAN,train,syn_CLUSTER_AWARE_GAN_r100_00167,True
timegan,0,,,-1,,480.0,960,1.0,1.0169014084507042,True,CLUSTER_AWARE_GAN,train,syn_CLUSTER_AWARE_GAN_r100_00168,True
timegan,0,,,-1,,390.0,780,1.0,1.0169014084507042,True,CLUSTER_AWARE_GAN,train,syn_CLUSTER_AWARE_GAN_r100_00169,True
timegan,0,,,-1,,870.0,1740,1.0,1.0169014084507042,True,CLUSTER_AWARE_GAN,train,syn_CLUSTER_AWARE_GAN_r100_00170,True
timegan,0,,,-1,,120.0,240,1.0,1.0169014084507042,True,CLUSTER_AWARE_GAN,train,syn_CLUSTER_AWARE_GAN_r100_00171,True
timegan,0,,,-1,,405.0,810,1.0,1.0169014084507042,True,CLUSTER_AWARE_GAN,train,syn_CLUSTER_AWARE_GAN_r100_00172,True
timegan,0,,,-1,,230.0,460,1.0,1.0169014084507042,True,CLUSTER_AWARE_GAN,train,syn_CLUSTER_AWARE_GAN_r100_00173,True
timegan,0,,,-1,,800.0,1600,1.0,1.0169014084507042,True,CLUSTER_AWARE_GAN,train,syn_CLUSTER_AWARE_GAN_r100_00174,True
timegan,0,,,-1,,350.0,700,1.0,1.0169014084507042,True,CLUSTER_AWARE_GAN,train,syn_CLUSTER_AWARE_GAN_r100_00175,True
timegan,0,,,-1,,200.0,400,1.0,1.0169014084507042,True,CLUSTER_AWARE_GAN,train,syn_CLUSTER_AWARE_GAN_r100_00176,True
timegan,0,,,-1,,210.0,420,1.0,1.0169014084507042,True,CLUSTER_AWARE_GAN,train,syn_CLUSTER_AWARE_GAN_r100_00177,True
timegan,0,,,-1,,475.0,950,1.0,1.0169014084507042,True,CLUSTER_AWARE_GAN,train,syn_CLUSTER_AWARE_GAN_r100_00178,True
timegan,0,,,-1,,1340.0,2680,1.0,1.0169014084507042,True,CLUSTER_AWARE_GAN,train,syn_CLUSTER_AWARE_GAN_r100_00179,True
timegan,0,,,-1,,120.0,240,1.0,1.0169014084507042,True,CLUSTER_AWARE_GAN,train,syn_CLUSTER_AWARE_GAN_r100_00180,True
timegan,0,,,-1,,810.0,1620,1.0,1.0169014084507042,True,CLUSTER_AWARE_GAN,train,syn_CLUSTER_AWARE_GAN_r100_00181,True
timegan,0,,,-1,,365.0,730,1.0,1.0169014084507042,True,CLUSTER_AWARE_GAN,train,syn_CLUSTER_AWARE_GAN_r100_00182,True
timegan,0,,,-1,,550.0,1100,1.0,1.0169014084507042,True,CLUSTER_AWARE_GAN,train,syn_CLUSTER_AWARE_GAN_r100_00183,True
timegan,0,,,-1,,980.0,1960,1.0,1.0169014084507042,True,CLUSTER_AWARE_GAN,train,syn_CLUSTER_AWARE_GAN_r100_00184,True
timegan,0,,,-1,,120.0,240,1.0,1.0169014084507042,True,CLUSTER_AWARE_GAN,train,syn_CLUSTER_AWARE_GAN_r100_00185,True
timegan,0,,,-1,,165.0,330,1.0,1.0169014084507042,True,CLUSTER_AWARE_GAN,train,syn_CLUSTER_AWARE_GAN_r100_00186,True
timegan,0,,,-1,,410.0,820,1.0,1.0169014084507042,True,CLUSTER_AWARE_GAN,train,syn_CLUSTER_AWARE_GAN_r100_00187,True
timegan,0,,,-1,,460.0,920,1.0,1.0169014084507042,True,CLUSTER_AWARE_GAN,train,syn_CLUSTER_AWARE_GAN_r100_00188,True
timegan,0,,,-1,,120.0,240,1.0,1.0169014084507042,True,CLUSTER_AWARE_GAN,train,syn_CLUSTER_AWARE_GAN_r100_00189,True
timegan,0,,,-1,,230.0,460,1.0,1.0169014084507042,True,CLUSTER_AWARE_GAN,train,syn_CLUSTER_AWARE_GAN_r100_00190,True
timegan,0,,,-1,,440.0,880,1.0,1.0169014084507042,True,CLUSTER_AWARE_GAN,train,syn_CLUSTER_AWARE_GAN_r100_00191,True
timegan,0,,,-1,,380.0,760,1.0,1.0169014084507042,True,CLUSTER_AWARE_GAN,train,syn_CLUSTER_AWARE_GAN_r100_00192,True
timegan,0,,,-1,,175.0,350,1.0,1.0169014084507042,True,CLUSTER_AWARE_GAN,train,syn_CLUSTER_AWARE_GAN_r100_00193,True
timegan,0,,,-1,,130.0,260,1.0,1.0169014084507042,True,CLUSTER_AWARE_GAN,train,syn_CLUSTER_AWARE_GAN_r100_00194,True
timegan,0,,,-1,,230.0,460,1.0,1.0169014084507042,True,CLUSTER_AWARE_GAN,train,syn_CLUSTER_AWARE_GAN_r100_00195,True
timegan,0,,,-1,,795.0,1590,1.0,1.0169014084507042,True,CLUSTER_AWARE_GAN,train,syn_CLUSTER_AWARE_GAN_r100_00196,True
timegan,0,,,-1,,495.0,990,1.0,1.0169014084507042,True,CLUSTER_AWARE_GAN,train,syn_CLUSTER_AWARE_GAN_r100_00197,True
timegan,0,,,-1,,360.0,720,1.0,1.0169014084507042,True,CLUSTER_AWARE_GAN,train,syn_CLUSTER_AWARE_GAN_r100_00198,True
timegan,0,,,-1,,295.0,590,1.0,1.0169014084507042,True,CLUSTER_AWARE_GAN,train,syn_CLUSTER_AWARE_GAN_r100_00199,True
timegan,0,,,-1,,470.0,940,1.0,1.0169014084507042,True,CLUSTER_AWARE_GAN,train,syn_CLUSTER_AWARE_GAN_r100_00200,True
timegan,0,,,-1,,350.0,700,1.0,1.0169014084507042,True,CLUSTER_AWARE_GAN,train,syn_CLUSTER_AWARE_GAN_r100_00201,True
timegan,0,,,-1,,205.0,410,1.0,1.0169014084507042,True,CLUSTER_AWARE_GAN,train,syn_CLUSTER_AWARE_GAN_r100_00202,True
timegan,0,,,-1,,380.0,760,1.0,1.0169014084507042,True,CLUSTER_AWARE_GAN,train,syn_CLUSTER_AWARE_GAN_r100_00203,True
timegan,0,,,-1,,235.0,470,1.0,1.0169014084507042,True,CLUSTER_AWARE_GAN,train,syn_CLUSTER_AWARE_GAN_r100_00204,True
timegan,0,,,-1,,120.0,240,1.0,1.0169014084507042,True,CLUSTER_AWARE_GAN,train,syn_CLUSTER_AWARE_GAN_r100_00205,True
timegan,0,,,-1,,210.0,420,1.0,1.0169014084507042,True,CLUSTER_AWARE_GAN,train,syn_CLUSTER_AWARE_GAN_r100_00206,True
timegan,0,,,-1,,120.0,240,1.0,1.0169014084507042,True,CLUSTER_AWARE_GAN,train,syn_CLUSTER_AWARE_GAN_r100_00207,True
timegan,0,,,-1,,175.0,350,1.0,1.0169014084507042,True,CLUSTER_AWARE_GAN,train,syn_CLUSTER_AWARE_GAN_r100_00208,True
timegan,0,,,-1,,990.0,1980,1.0,1.0169014084507042,True,CLUSTER_AWARE_GAN,train,syn_CLUSTER_AWARE_GAN_r100_00209,True
timegan,0,,,-1,,120.0,240,1.0,1.0169014084507042,True,CLUSTER_AWARE_GAN,train,syn_CLUSTER_AWARE_GAN_r100_00210,True
timegan,0,,,-1,,360.0,720,1.0,1.0169014084507042,True,CLUSTER_AWARE_GAN,train,syn_CLUSTER_AWARE_GAN_r100_00211,True
timegan,0,,,-1,,348.0,696,1.0,1.0169014084507042,True,CLUSTER_AWARE_GAN,train,syn_CLUSTER_AWARE_GAN_r100_00212,True
timegan,0,,,-1,,220.0,440,1.0,1.0169014084507042,True,CLUSTER_AWARE_GAN,train,syn_CLUSTER_AWARE_GAN_r100_00213,True
timegan,0,,,-1,,450.0,900,1.0,1.0169014084507042,True,CLUSTER_AWARE_GAN,train,syn_CLUSTER_AWARE_GAN_r100_00214,True
timegan,0,,,-1,,425.0,850,1.0,1.0169014084507042,True,CLUSTER_AWARE_GAN,train,syn_CLUSTER_AWARE_GAN_r100_00215,True
timegan,0,,,-1,,120.0,240,1.0,1.0169014084507042,True,CLUSTER_AWARE_GAN,train,syn_CLUSTER_AWARE_GAN_r100_00216,True
timegan,0,,,-1,,355.0,710,1.0,1.0169014084507042,True,CLUSTER_AWARE_GAN,train,syn_CLUSTER_AWARE_GAN_r100_00217,True
timegan,0,,,-1,,160.0,320,1.0,1.0169014084507042,True,CLUSTER_AWARE_GAN,train,syn_CLUSTER_AWARE_GAN_r100_00218,True
timegan,0,,,-1,,220.0,440,1.0,1.0169014084507042,True,CLUSTER_AWARE_GAN,train,syn_CLUSTER_AWARE_GAN_r100_00219,True
timegan,0,,,-1,,135.0,270,1.0,1.0169014084507042,True,CLUSTER_AWARE_GAN,train,syn_CLUSTER_AWARE_GAN_r100_00220,True
timegan,0,,,-1,,810.0,1620,1.0,1.0169014084507042,True,CLUSTER_AWARE_GAN,train,syn_CLUSTER_AWARE_GAN_r100_00221,True
timegan,0,,,-1,,358.0,716,1.0,1.0169014084507042,True,CLUSTER_AWARE_GAN,train,syn_CLUSTER_AWARE_GAN_r100_00222,True
timegan,0,,,-1,,370.0,740,1.0,1.0169014084507042,True,CLUSTER_AWARE_GAN,train,syn_CLUSTER_AWARE_GAN_r100_00223,True
timegan,0,,,-1,,235.0,470,1.0,1.0169014084507042,True,CLUSTER_AWARE_GAN,train,syn_CLUSTER_AWARE_GAN_r100_00224,True
timegan,0,,,-1,,475.0,950,1.0,1.0169014084507042,True,CLUSTER_AWARE_GAN,train,syn_CLUSTER_AWARE_GAN_r100_00225,True
timegan,0,,,-1,,270.0,540,1.0,1.0169014084507042,True,CLUSTER_AWARE_GAN,train,syn_CLUSTER_AWARE_GAN_r100_00226,True
timegan,0,,,-1,,150.0,300,1.0,1.0169014084507042,True,CLUSTER_AWARE_GAN,train,syn_CLUSTER_AWARE_GAN_r100_00227,True
timegan,0,,,-1,,480.0,960,1.0,1.0169014084507042,True,CLUSTER_AWARE_GAN,train,syn_CLUSTER_AWARE_GAN_r100_00228,True
timegan,0,,,-1,,810.0,1620,1.0,1.0169014084507042,True,CLUSTER_AWARE_GAN,train,syn_CLUSTER_AWARE_GAN_r100_00229,True
timegan,0,,,-1,,205.0,410,1.0,1.0169014084507042,True,CLUSTER_AWARE_GAN,train,syn_CLUSTER_AWARE_GAN_r100_00230,True
timegan,0,,,-1,,405.0,810,1.0,1.0169014084507042,True,CLUSTER_AWARE_GAN,train,syn_CLUSTER_AWARE_GAN_r100_00231,True
timegan,0,,,-1,,165.0,330,1.0,1.0169014084507042,True,CLUSTER_AWARE_GAN,train,syn_CLUSTER_AWARE_GAN_r100_00232,True
timegan,0,,,-1,,790.0,1580,1.0,1.0169014084507042,True,CLUSTER_AWARE_GAN,train,syn_CLUSTER_AWARE_GAN_r100_00233,True
timegan,0,,,-1,,495.0,990,1.0,1.0169014084507042,True,CLUSTER_AWARE_GAN,train,syn_CLUSTER_AWARE_GAN_r100_00234,True
timegan,0,,,-1,,120.0,240,1.0,1.0169014084507042,True,CLUSTER_AWARE_GAN,train,syn_CLUSTER_AWARE_GAN_r100_00235,True
timegan,0,,,-1,,375.0,750,1.0,1.0169014084507042,True,CLUSTER_AWARE_GAN,train,syn_CLUSTER_AWARE_GAN_r100_00236,True
timegan,0,,,-1,,205.0,410,1.0,1.0169014084507042,True,CLUSTER_AWARE_GAN,train,syn_CLUSTER_AWARE_GAN_r100_00237,True
timegan,0,,,-1,,160.0,320,1.0,1.0169014084507042,True,CLUSTER_AWARE_GAN,train,syn_CLUSTER_AWARE_GAN_r100_00238,True
timegan,0,,,-1,,550.0,1100,1.0,1.0169014084507042,True,CLUSTER_AWARE_GAN,train,syn_CLUSTER_AWARE_GAN_r100_00239,True
timegan,0,,,-1,,210.0,420,1.0,1.0169014084507042,True,CLUSTER_AWARE_GAN,train,syn_CLUSTER_AWARE_GAN_r100_00240,True
timegan,0,,,-1,,240.0,480,1.0,1.0169014084507042,True,CLUSTER_AWARE_GAN,train,syn_CLUSTER_AWARE_GAN_r100_00241,True
timegan,0,,,-1,,160.0,320,1.0,1.0169014084507042,True,CLUSTER_AWARE_GAN,train,syn_CLUSTER_AWARE_GAN_r100_00242,True
timegan,0,,,-1,,135.0,270,1.0,1.0169014084507042,True,CLUSTER_AWARE_GAN,train,syn_CLUSTER_AWARE_GAN_r100_00243,True
timegan,0,,,-1,,150.0,300,1.0,1.0169014084507042,True,CLUSTER_AWARE_GAN,train,syn_CLUSTER_AWARE_GAN_r100_00244,True
timegan,0,,,-1,,3545.0,7090,1.0,1.0169014084507042,True,CLUSTER_AWARE_GAN,train,syn_CLUSTER_AWARE_GAN_r100_00245,True
timegan,0,,,-1,,165.0,330,1.0,1.0169014084507042,True,CLUSTER_AWARE_GAN,train,syn_CLUSTER_AWARE_GAN_r100_00246,True
timegan,0,,,-1,,170.0,340,1.0,1.0169014084507042,True,CLUSTER_AWARE_GAN,train,syn_CLUSTER_AWARE_GAN_r100_00247,True
timegan,0,,,-1,,130.0,260,1.0,1.0169014084507042,True,CLUSTER_AWARE_GAN,train,syn_CLUSTER_AWARE_GAN_r100_00248,True
timegan,0,,,-1,,130.0,260,1.0,1.0169014084507042,True,CLUSTER_AWARE_GAN,train,syn_CLUSTER_AWARE_GAN_r100_00249,True
timegan,0,,,-1,,155.0,310,1.0,1.0169014084507042,True,CLUSTER_AWARE_GAN,train,syn_CLUSTER_AWARE_GAN_r100_00250,True
timegan,0,,,-1,,205.0,410,1.0,1.0169014084507042,True,CLUSTER_AWARE_GAN,train,syn_CLUSTER_AWARE_GAN_r100_00251,True
timegan,0,,,-1,,530.0,1060,1.0,1.0169014084507042,True,CLUSTER_AWARE_GAN,train,syn_CLUSTER_AWARE_GAN_r100_00252,True
timegan,0,,,-1,,725.0,1450,1.0,1.0169014084507042,True,CLUSTER_AWARE_GAN,train,syn_CLUSTER_AWARE_GAN_r100_00253,True
timegan,0,,,-1,,195.0,390,1.0,1.0169014084507042,True,CLUSTER_AWARE_GAN,train,syn_CLUSTER_AWARE_GAN_r100_00254,True
timegan,0,,,-1,,210.0,420,1.0,1.0169014084507042,True,CLUSTER_AWARE_GAN,train,syn_CLUSTER_AWARE_GAN_r100_00255,True
timegan,0,,,-1,,185.0,370,1.0,1.0169014084507042,True,CLUSTER_AWARE_GAN,train,syn_CLUSTER_AWARE_GAN_r100_00256,True
timegan,0,,,-1,,405.0,810,1.0,1.0169014084507042,True,CLUSTER_AWARE_GAN,train,syn_CLUSTER_AWARE_GAN_r100_00257,True
timegan,0,,,-1,,120.0,240,1.0,1.0169014084507042,True,CLUSTER_AWARE_GAN,train,syn_CLUSTER_AWARE_GAN_r100_00258,True
timegan,0,,,-1,,180.0,360,1.0,1.0169014084507042,True,CLUSTER_AWARE_GAN,train,syn_CLUSTER_AWARE_GAN_r100_00259,True
timegan,0,,,-1,,390.0,780,1.0,1.0169014084507042,True,CLUSTER_AWARE_GAN,train,syn_CLUSTER_AWARE_GAN_r100_00260,True
timegan,0,,,-1,,355.0,710,1.0,1.0169014084507042,True,CLUSTER_AWARE_GAN,train,syn_CLUSTER_AWARE_GAN_r100_00261,True
timegan,0,,,-1,,980.0,1960,1.0,1.0169014084507042,True,CLUSTER_AWARE_GAN,train,syn_CLUSTER_AWARE_GAN_r100_00262,True
timegan,0,,,-1,,195.0,390,1.0,1.0169014084507042,True,CLUSTER_AWARE_GAN,train,syn_CLUSTER_AWARE_GAN_r100_00263,True
timegan,0,,,-1,,440.0,880,1.0,1.0169014084507042,True,CLUSTER_AWARE_GAN,train,syn_CLUSTER_AWARE_GAN_r100_00264,True
timegan,0,,,-1,,160.0,320,1.0,1.0169014084507042,True,CLUSTER_AWARE_GAN,train,syn_CLUSTER_AWARE_GAN_r100_00265,True
timegan,0,,,-1,,270.0,540,1.0,1.0169014084507042,True,CLUSTER_AWARE_GAN,train,syn_CLUSTER_AWARE_GAN_r100_00266,True
timegan,0,,,-1,,160.0,320,1.0,1.0169014084507042,True,CLUSTER_AWARE_GAN,train,syn_CLUSTER_AWARE_GAN_r100_00267,True
timegan,0,,,-1,,390.0,780,1.0,1.0169014084507042,True,CLUSTER_AWARE_GAN,train,syn_CLUSTER_AWARE_GAN_r100_00268,True
timegan,0,,,-1,,190.0,380,1.0,1.0169014084507042,True,CLUSTER_AWARE_GAN,train,syn_CLUSTER_AWARE_GAN_r100_00269,True
timegan,0,,,-1,,125.0,250,1.0,1.0169014084507042,True,CLUSTER_AWARE_GAN,train,syn_CLUSTER_AWARE_GAN_r100_00270,True
timegan,0,,,-1,,190.0,380,1.0,1.0169014084507042,True,CLUSTER_AWARE_GAN,train,syn_CLUSTER_AWARE_GAN_r100_00271,True
timegan,0,,,-1,,120.0,240,1.0,1.0169014084507042,True,CLUSTER_AWARE_GAN,train,syn_CLUSTER_AWARE_GAN_r100_00272,True
timegan,0,,,-1,,215.0,430,1.0,1.0169014084507042,True,CLUSTER_AWARE_GAN,train,syn_CLUSTER_AWARE_GAN_r100_00273,True
timegan,0,,,-1,,120.0,240,1.0,1.0169014084507042,True,CLUSTER_AWARE_GAN,train,syn_CLUSTER_AWARE_GAN_r100_00274,True
timegan,0,,,-1,,425.0,850,1.0,1.0169014084507042,True,CLUSTER_AWARE_GAN,train,syn_CLUSTER_AWARE_GAN_r100_00275,True
timegan,0,,,-1,,340.0,680,1.0,1.0169014084507042,True,CLUSTER_AWARE_GAN,train,syn_CLUSTER_AWARE_GAN_r100_00276,True
timegan,0,,,-1,,515.0,1030,1.0,1.0169014084507042,True,CLUSTER_AWARE_GAN,train,syn_CLUSTER_AWARE_GAN_r100_00277,True
timegan,0,,,-1,,365.0,730,1.0,1.0169014084507042,True,CLUSTER_AWARE_GAN,train,syn_CLUSTER_AWARE_GAN_r100_00278,True
timegan,0,,,-1,,235.0,470,1.0,1.0169014084507042,True,CLUSTER_AWARE_GAN,train,syn_CLUSTER_AWARE_GAN_r100_00279,True
timegan,0,,,-1,,685.0,1370,1.0,1.0169014084507042,True,CLUSTER_AWARE_GAN,train,syn_CLUSTER_AWARE_GAN_r100_00280,True
timegan,0,,,-1,,445.0,890,1.0,1.0169014084507042,True,CLUSTER_AWARE_GAN,train,syn_CLUSTER_AWARE_GAN_r100_00281,True
timegan,0,,,-1,,205.0,410,1.0,1.0169014084507042,True,CLUSTER_AWARE_GAN,train,syn_CLUSTER_AWARE_GAN_r100_00282,True
timegan,0,,,-1,,123.0,246,1.0,1.0169014084507042,True,CLUSTER_AWARE_GAN,train,syn_CLUSTER_AWARE_GAN_r100_00283,True
timegan,0,,,-1,,130.0,260,1.0,1.0169014084507042,True,CLUSTER_AWARE_GAN,train,syn_CLUSTER_AWARE_GAN_r100_00284,True
timegan,0,,,-1,,410.0,820,1.0,1.0169014084507042,True,CLUSTER_AWARE_GAN,train,syn_CLUSTER_AWARE_GAN_r100_00285,True
timegan,0,,,-1,,390.0,780,1.0,1.0169014084507042,True,CLUSTER_AWARE_GAN,train,syn_CLUSTER_AWARE_GAN_r100_00286,True
timegan,0,,,-1,,145.0,290,1.0,1.0169014084507042,True,CLUSTER_AWARE_GAN,train,syn_CLUSTER_AWARE_GAN_r100_00287,True
timegan,0,,,-1,,270.0,540,1.0,1.0169014084507042,True,CLUSTER_AWARE_GAN,train,syn_CLUSTER_AWARE_GAN_r100_00288,True
timegan,0,,,-1,,550.0,1100,1.0,1.0169014084507042,True,CLUSTER_AWARE_GAN,train,syn_CLUSTER_AWARE_GAN_r100_00289,True
timegan,0,,,-1,,175.0,350,1.0,1.0169014084507042,True,CLUSTER_AWARE_GAN,train,syn_CLUSTER_AWARE_GAN_r100_00290,True
timegan,0,,,-1,,480.0,960,1.0,1.0169014084507042,True,CLUSTER_AWARE_GAN,train,syn_CLUSTER_AWARE_GAN_r100_00291,True
timegan,0,,,-1,,725.0,1450,1.0,1.0169014084507042,True,CLUSTER_AWARE_GAN,train,syn_CLUSTER_AWARE_GAN_r100_00292,True
timegan,0,,,-1,,350.0,700,1.0,1.0169014084507042,True,CLUSTER_AWARE_GAN,train,syn_CLUSTER_AWARE_GAN_r100_00293,True
timegan,0,,,-1,,205.0,410,1.0,1.0169014084507042,True,CLUSTER_AWARE_GAN,train,syn_CLUSTER_AWARE_GAN_r100_00294,True
timegan,0,,,-1,,285.0,570,1.0,1.0169014084507042,True,CLUSTER_AWARE_GAN,train,syn_CLUSTER_AWARE_GAN_r100_00295,True
timegan,0,,,-1,,175.0,350,1.0,1.0169014084507042,True,CLUSTER_AWARE_GAN,train,syn_CLUSTER_AWARE_GAN_r100_00296,True
timegan,0,,,-1,,175.0,350,1.0,1.0169014084507042,True,CLUSTER_AWARE_GAN,train,syn_CLUSTER_AWARE_GAN_r100_00297,True
timegan,0,,,-1,,320.0,640,1.0,1.0169014084507042,True,CLUSTER_AWARE_GAN,train,syn_CLUSTER_AWARE_GAN_r100_00298,True
timegan,0,,,-1,,790.0,1580,1.0,1.0169014084507042,True,CLUSTER_AWARE_GAN,train,syn_CLUSTER_AWARE_GAN_r100_00299,True
timegan,0,,,-1,,160.0,320,1.0,1.0169014084507042,True,CLUSTER_AWARE_GAN,train,syn_CLUSTER_AWARE_GAN_r100_00300,True
timegan,0,,,-1,,210.0,420,1.0,1.0169014084507042,True,CLUSTER_AWARE_GAN,train,syn_CLUSTER_AWARE_GAN_r100_00301,True
timegan,0,,,-1,,365.0,730,1.0,1.0169014084507042,True,CLUSTER_AWARE_GAN,train,syn_CLUSTER_AWARE_GAN_r100_00302,True
timegan,0,,,-1,,125.0,250,1.0,1.0169014084507042,True,CLUSTER_AWARE_GAN,train,syn_CLUSTER_AWARE_GAN_r100_00303,True
timegan,0,,,-1,,425.0,850,1.0,1.0169014084507042,True,CLUSTER_AWARE_GAN,train,syn_CLUSTER_AWARE_GAN_r100_00304,True
timegan,0,,,-1,,275.0,550,1.0,1.0169014084507042,True,CLUSTER_AWARE_GAN,train,syn_CLUSTER_AWARE_GAN_r100_00305,True
timegan,0,,,-1,,210.0,420,1.0,1.0169014084507042,True,CLUSTER_AWARE_GAN,train,syn_CLUSTER_AWARE_GAN_r100_00306,True
timegan,0,,,-1,,480.0,960,1.0,1.0169014084507042,True,CLUSTER_AWARE_GAN,train,syn_CLUSTER_AWARE_GAN_r100_00307,True
timegan,0,,,-1,,205.0,410,1.0,1.0169014084507042,True,CLUSTER_AWARE_GAN,train,syn_CLUSTER_AWARE_GAN_r100_00308,True
timegan,0,,,-1,,120.0,240,1.0,1.0169014084507042,True,CLUSTER_AWARE_GAN,train,syn_CLUSTER_AWARE_GAN_r100_00309,True
timegan,0,,,-1,,330.0,660,1.0,1.0169014084507042,True,CLUSTER_AWARE_GAN,train,syn_CLUSTER_AWARE_GAN_r100_00310,True
timegan,0,,,-1,,120.0,240,1.0,1.0169014084507042,True,CLUSTER_AWARE_GAN,train,syn_CLUSTER_AWARE_GAN_r100_00311,True
timegan,0,,,-1,,3625.0,7250,1.0,1.0169014084507042,True,CLUSTER_AWARE_GAN,train,syn_CLUSTER_AWARE_GAN_r100_00312,True
timegan,0,,,-1,,455.0,910,1.0,1.0169014084507042,True,CLUSTER_AWARE_GAN,train,syn_CLUSTER_AWARE_GAN_r100_00313,True
timegan,0,,,-1,,120.0,240,1.0,1.0169014084507042,True,CLUSTER_AWARE_GAN,train,syn_CLUSTER_AWARE_GAN_r100_00314,True
timegan,0,,,-1,,130.0,260,1.0,1.0169014084507042,True,CLUSTER_AWARE_GAN,train,syn_CLUSTER_AWARE_GAN_r100_00315,True
timegan,0,,,-1,,555.0,1110,1.0,1.0169014084507042,True,CLUSTER_AWARE_GAN,train,syn_CLUSTER_AWARE_GAN_r100_00316,True
timegan,0,,,-1,,225.0,450,1.0,1.0169014084507042,True,CLUSTER_AWARE_GAN,train,syn_CLUSTER_AWARE_GAN_r100_00317,True
timegan,0,,,-1,,251.5,503,1.0,1.0169014084507042,True,CLUSTER_AWARE_GAN,train,syn_CLUSTER_AWARE_GAN_r100_00318,True
timegan,0,,,-1,,510.0,1020,1.0,1.0169014084507042,True,CLUSTER_AWARE_GAN,train,syn_CLUSTER_AWARE_GAN_r100_00319,True
timegan,0,,,-1,,535.0,1070,1.0,1.0169014084507042,True,CLUSTER_AWARE_GAN,train,syn_CLUSTER_AWARE_GAN_r100_00320,True
timegan,0,,,-1,,785.0,1570,1.0,1.0169014084507042,True,CLUSTER_AWARE_GAN,train,syn_CLUSTER_AWARE_GAN_r100_00321,True
timegan,0,,,-1,,600.0,1200,1.0,1.0169014084507042,True,CLUSTER_AWARE_GAN,train,syn_CLUSTER_AWARE_GAN_r100_00322,True
timegan,0,,,-1,,205.0,410,1.0,1.0169014084507042,True,CLUSTER_AWARE_GAN,train,syn_CLUSTER_AWARE_GAN_r100_00323,True
timegan,0,,,-1,,205.0,410,1.0,1.0169014084507042,True,CLUSTER_AWARE_GAN,train,syn_CLUSTER_AWARE_GAN_r100_00324,True
timegan,0,,,-1,,170.0,340,1.0,1.0169014084507042,True,CLUSTER_AWARE_GAN,train,syn_CLUSTER_AWARE_GAN_r100_00325,True
timegan,0,,,-1,,220.0,440,1.0,1.0169014084507042,True,CLUSTER_AWARE_GAN,train,syn_CLUSTER_AWARE_GAN_r100_00326,True
timegan,0,,,-1,,150.0,300,1.0,1.0169014084507042,True,CLUSTER_AWARE_GAN,train,syn_CLUSTER_AWARE_GAN_r100_00327,True
timegan,0,,,-1,,535.0,1070,1.0,1.0169014084507042,True,CLUSTER_AWARE_GAN,train,syn_CLUSTER_AWARE_GAN_r100_00328,True
timegan,0,,,-1,,405.0,810,1.0,1.0169014084507042,True,CLUSTER_AWARE_GAN,train,syn_CLUSTER_AWARE_GAN_r100_00329,True
timegan,0,,,-1,,405.0,810,1.0,1.0169014084507042,True,CLUSTER_AWARE_GAN,train,syn_CLUSTER_AWARE_GAN_r100_00330,True
timegan,0,,,-1,,685.0,1370,1.0,1.0169014084507042,True,CLUSTER_AWARE_GAN,train,syn_CLUSTER_AWARE_GAN_r100_00331,True
timegan,0,,,-1,,335.0,670,1.0,1.0169014084507042,True,CLUSTER_AWARE_GAN,train,syn_CLUSTER_AWARE_GAN_r100_00332,True
timegan,0,,,-1,,795.0,1590,1.0,1.0169014084507042,True,CLUSTER_AWARE_GAN,train,syn_CLUSTER_AWARE_GAN_r100_00333,True
timegan,0,,,-1,,360.0,720,1.0,1.0169014084507042,True,CLUSTER_AWARE_GAN,train,syn_CLUSTER_AWARE_GAN_r100_00334,True
timegan,0,,,-1,,135.0,270,1.0,1.0169014084507042,True,CLUSTER_AWARE_GAN,train,syn_CLUSTER_AWARE_GAN_r100_00335,True
timegan,0,,,-1,,350.0,700,1.0,1.0169014084507042,True,CLUSTER_AWARE_GAN,train,syn_CLUSTER_AWARE_GAN_r100_00336,True
timegan,0,,,-1,,180.0,360,1.0,1.0169014084507042,True,CLUSTER_AWARE_GAN,train,syn_CLUSTER_AWARE_GAN_r100_00337,True
timegan,0,,,-1,,240.0,480,1.0,1.0169014084507042,True,CLUSTER_AWARE_GAN,train,syn_CLUSTER_AWARE_GAN_r100_00338,True
timegan,0,,,-1,,205.0,410,1.0,1.0169014084507042,True,CLUSTER_AWARE_GAN,train,syn_CLUSTER_AWARE_GAN_r100_00339,True
timegan,0,,,-1,,235.0,470,1.0,1.0169014084507042,True,CLUSTER_AWARE_GAN,train,syn_CLUSTER_AWARE_GAN_r100_00340,True
timegan,0,,,-1,,410.0,820,1.0,1.0169014084507042,True,CLUSTER_AWARE_GAN,train,syn_CLUSTER_AWARE_GAN_r100_00341,True
timegan,0,,,-1,,475.0,950,1.0,1.0169014084507042,True,CLUSTER_AWARE_GAN,train,syn_CLUSTER_AWARE_GAN_r100_00342,True
timegan,0,,,-1,,375.0,750,1.0,1.0169014084507042,True,CLUSTER_AWARE_GAN,train,syn_CLUSTER_AWARE_GAN_r100_00343,True
timegan,0,,,-1,,375.0,750,1.0,1.0169014084507042,True,CLUSTER_AWARE_GAN,train,syn_CLUSTER_AWARE_GAN_r100_00344,True
timegan,0,,,-1,,455.0,910,1.0,1.0169014084507042,True,CLUSTER_AWARE_GAN,train,syn_CLUSTER_AWARE_GAN_r100_00345,True
timegan,0,,,-1,,200.0,400,1.0,1.0169014084507042,True,CLUSTER_AWARE_GAN,train,syn_CLUSTER_AWARE_GAN_r100_00346,True
timegan,0,,,-1,,210.0,420,1.0,1.0169014084507042,True,CLUSTER_AWARE_GAN,train,syn_CLUSTER_AWARE_GAN_r100_00347,True
timegan,0,,,-1,,210.0,420,1.0,1.0169014084507042,True,CLUSTER_AWARE_GAN,train,syn_CLUSTER_AWARE_GAN_r100_00348,True
timegan,0,,,-1,,160.0,320,1.0,1.0169014084507042,True,CLUSTER_AWARE_GAN,train,syn_CLUSTER_AWARE_GAN_r100_00349,True
timegan,0,,,-1,,410.0,820,1.0,1.0169014084507042,True,CLUSTER_AWARE_GAN,train,syn_CLUSTER_AWARE_GAN_r100_00350,True
timegan,0,,,-1,,180.0,360,1.0,1.0169014084507042,True,CLUSTER_AWARE_GAN,train,syn_CLUSTER_AWARE_GAN_r100_00351,True
timegan,0,,,-1,,475.0,950,1.0,1.0169014084507042,True,CLUSTER_AWARE_GAN,train,syn_CLUSTER_AWARE_GAN_r100_00352,True
timegan,0,,,-1,,980.0,1960,1.0,1.0169014084507042,True,CLUSTER_AWARE_GAN,train,syn_CLUSTER_AWARE_GAN_r100_00353,True
timegan,0,,,-1,,810.0,1620,1.0,1.0169014084507042,True,CLUSTER_AWARE_GAN,train,syn_CLUSTER_AWARE_GAN_r100_00354,True
timegan,0,,,-1,,535.0,1070,1.0,1.0169014084507042,True,CLUSTER_AWARE_GAN,train,syn_CLUSTER_AWARE_GAN_r100_00355,True
timegan,0,,,-1,,810.0,1620,1.0,1.0169014084507042,True,CLUSTER_AWARE_GAN,train,syn_CLUSTER_AWARE_GAN_r100_00356,True
timegan,0,,,-1,,215.0,430,1.0,1.0169014084507042,True,CLUSTER_AWARE_GAN,train,syn_CLUSTER_AWARE_GAN_r100_00357,True
timegan,0,,,-1,,405.0,810,1.0,1.0169014084507042,True,CLUSTER_AWARE_GAN,train,syn_CLUSTER_AWARE_GAN_r100_00358,True
timegan,0,,,-1,,120.0,240,1.0,1.0169014084507042,True,CLUSTER_AWARE_GAN,train,syn_CLUSTER_AWARE_GAN_r100_00359,True
timegan,0,,,-1,,145.0,290,1.0,1.0169014084507042,True,CLUSTER_AWARE_GAN,train,syn_CLUSTER_AWARE_GAN_r100_00360,True
timegan,1,,,-1,,250.0,500,1.0,0.9841688654353562,True,CLUSTER_AWARE_GAN,train,syn_CLUSTER_AWARE_GAN_r100_00361,True
timegan,1,,,-1,,5020.0,10040,1.0,0.9841688654353562,True,CLUSTER_AWARE_GAN,train,syn_CLUSTER_AWARE_GAN_r100_00362,True
timegan,1,,,-1,,470.0,940,1.0,0.9841688654353562,True,CLUSTER_AWARE_GAN,train,syn_CLUSTER_AWARE_GAN_r100_00363,True
timegan,1,,,-1,,325.0,650,1.0,0.9841688654353562,True,CLUSTER_AWARE_GAN,train,syn_CLUSTER_AWARE_GAN_r100_00364,True
timegan,1,,,-1,,170.0,340,1.0,0.9841688654353562,True,CLUSTER_AWARE_GAN,train,syn_CLUSTER_AWARE_GAN_r100_00365,True
timegan,1,,,-1,,145.0,290,1.0,0.9841688654353562,True,CLUSTER_AWARE_GAN,train,syn_CLUSTER_AWARE_GAN_r100_00366,True
timegan,1,,,-1,,1250.0,2500,1.0,0.9841688654353562,True,CLUSTER_AWARE_GAN,train,syn_CLUSTER_AWARE_GAN_r100_00367,True
timegan,1,,,-1,,710.0,1420,1.0,0.9841688654353562,True,CLUSTER_AWARE_GAN,train,syn_CLUSTER_AWARE_GAN_r100_00368,True
timegan,1,,,-1,,2610.0,5220,1.0,0.9841688654353562,True,CLUSTER_AWARE_GAN,train,syn_CLUSTER_AWARE_GAN_r100_00369,True
timegan,1,,,-1,,140.0,280,1.0,0.9841688654353562,True,CLUSTER_AWARE_GAN,train,syn_CLUSTER_AWARE_GAN_r100_00370,True
timegan,1,,,-1,,190.0,380,1.0,0.9841688654353562,True,CLUSTER_AWARE_GAN,train,syn_CLUSTER_AWARE_GAN_r100_00371,True
timegan,1,,,-1,,170.0,340,1.0,0.9841688654353562,True,CLUSTER_AWARE_GAN,train,syn_CLUSTER_AWARE_GAN_r100_00372,True
timegan,1,,,-1,,800.0,1600,1.0,0.9841688654353562,True,CLUSTER_AWARE_GAN,train,syn_CLUSTER_AWARE_GAN_r100_00373,True
timegan,1,,,-1,,235.0,470,1.0,0.9841688654353562,True,CLUSTER_AWARE_GAN,train,syn_CLUSTER_AWARE_GAN_r100_00374,True
timegan,1,,,-1,,730.0,1460,1.0,0.9841688654353562,True,CLUSTER_AWARE_GAN,train,syn_CLUSTER_AWARE_GAN_r100_00375,True
timegan,1,,,-1,,4395.0,8790,1.0,0.9841688654353562,True,CLUSTER_AWARE_GAN,train,syn_CLUSTER_AWARE_GAN_r100_00376,True
timegan,1,,,-1,,205.0,410,1.0,0.9841688654353562,True,CLUSTER_AWARE_GAN,train,syn_CLUSTER_AWARE_GAN_r100_00377,True
timegan,1,,,-1,,1300.5,2601,1.0,0.9841688654353562,True,CLUSTER_AWARE_GAN,train,syn_CLUSTER_AWARE_GAN_r100_00378,True
timegan,1,,,-1,,1245.0,2490,1.0,0.9841688654353562,True,CLUSTER_AWARE_GAN,train,syn_CLUSTER_AWARE_GAN_r100_00379,True
timegan,1,,,-1,,120.0,240,1.0,0.9841688654353562,True,CLUSTER_AWARE_GAN,train,syn_CLUSTER_AWARE_GAN_r100_00380,True
timegan,1,,,-1,,170.0,340,1.0,0.9841688654353562,True,CLUSTER_AWARE_GAN,train,syn_CLUSTER_AWARE_GAN_r100_00381,True
timegan,1,,,-1,,170.0,340,1.0,0.9841688654353562,True,CLUSTER_AWARE_GAN,train,syn_CLUSTER_AWARE_GAN_r100_00382,True
timegan,1,,,-1,,185.0,370,1.0,0.9841688654353562,True,CLUSTER_AWARE_GAN,train,syn_CLUSTER_AWARE_GAN_r100_00383,True
timegan,1,,,-1,,140.0,280,1.0,0.9841688654353562,True,CLUSTER_AWARE_GAN,train,syn_CLUSTER_AWARE_GAN_r100_00384,True
timegan,1,,,-1,,125.0,250,1.0,0.9841688654353562,True,CLUSTER_AWARE_GAN,train,syn_CLUSTER_AWARE_GAN_r100_00385,True
timegan,1,,,-1,,125.0,250,1.0,0.9841688654353562,True,CLUSTER_AWARE_GAN,train,syn_CLUSTER_AWARE_GAN_r100_00386,True
timegan,1,,,-1,,925.0,1850,1.0,0.9841688654353562,True,CLUSTER_AWARE_GAN,train,syn_CLUSTER_AWARE_GAN_r100_00387,True
timegan,1,,,-1,,1200.0,2400,1.0,0.9841688654353562,True,CLUSTER_AWARE_GAN,train,syn_CLUSTER_AWARE_GAN_r100_00388,True
timegan,1,,,-1,,190.0,380,1.0,0.9841688654353562,True,CLUSTER_AWARE_GAN,train,syn_CLUSTER_AWARE_GAN_r100_00389,True
timegan,1,,,-1,,415.0,830,1.0,0.9841688654353562,True,CLUSTER_AWARE_GAN,train,syn_CLUSTER_AWARE_GAN_r100_00390,True
timegan,1,,,-1,,1275.0,2550,1.0,0.9841688654353562,True,CLUSTER_AWARE_GAN,train,syn_CLUSTER_AWARE_GAN_r100_00391,True
timegan,1,,,-1,,365.0,730,1.0,0.9841688654353562,True,CLUSTER_AWARE_GAN,train,syn_CLUSTER_AWARE_GAN_r100_00392,True
timegan,1,,,-1,,205.0,410,1.0,0.9841688654353562,True,CLUSTER_AWARE_GAN,train,syn_CLUSTER_AWARE_GAN_r100_00393,True
timegan,1,,,-1,,160.0,320,1.0,0.9841688654353562,True,CLUSTER_AWARE_GAN,train,syn_CLUSTER_AWARE_GAN_r100_00394,True
timegan,1,,,-1,,135.0,270,1.0,0.9841688654353562,True,CLUSTER_AWARE_GAN,train,syn_CLUSTER_AWARE_GAN_r100_00395,True
timegan,1,,,-1,,175.0,350,1.0,0.9841688654353562,True,CLUSTER_AWARE_GAN,train,syn_CLUSTER_AWARE_GAN_r100_00396,True
timegan,1,,,-1,,945.0,1890,1.0,0.9841688654353562,True,CLUSTER_AWARE_GAN,train,syn_CLUSTER_AWARE_GAN_r100_00397,True
timegan,1,,,-1,,240.0,480,1.0,0.9841688654353562,True,CLUSTER_AWARE_GAN,train,syn_CLUSTER_AWARE_GAN_r100_00398,True
timegan,1,,,-1,,1550.0,3100,1.0,0.9841688654353562,True,CLUSTER_AWARE_GAN,train,syn_CLUSTER_AWARE_GAN_r100_00399,True
timegan,1,,,-1,,1088.0,2176,1.0,0.9841688654353562,True,CLUSTER_AWARE_GAN,train,syn_CLUSTER_AWARE_GAN_r100_00400,True
timegan,1,,,-1,,185.0,370,1.0,0.9841688654353562,True,CLUSTER_AWARE_GAN,train,syn_CLUSTER_AWARE_GAN_r100_00401,True
timegan,1,,,-1,,150.0,300,1.0,0.9841688654353562,True,CLUSTER_AWARE_GAN,train,syn_CLUSTER_AWARE_GAN_r100_00402,True
timegan,1,,,-1,,240.0,480,1.0,0.9841688654353562,True,CLUSTER_AWARE_GAN,train,syn_CLUSTER_AWARE_GAN_r100_00403,True
timegan,1,,,-1,,205.0,410,1.0,0.9841688654353562,True,CLUSTER_AWARE_GAN,train,syn_CLUSTER_AWARE_GAN_r100_00404,True
timegan,1,,,-1,,3707.0,7414,1.0,0.9841688654353562,True,CLUSTER_AWARE_GAN,train,syn_CLUSTER_AWARE_GAN_r100_00405,True
timegan,1,,,-1,,1035.0,2070,1.0,0.9841688654353562,True,CLUSTER_AWARE_GAN,train,syn_CLUSTER_AWARE_GAN_r100_00406,True
timegan,1,,,-1,,390.0,780,1.0,0.9841688654353562,True,CLUSTER_AWARE_GAN,train,syn_CLUSTER_AWARE_GAN_r100_00407,True
timegan,1,,,-1,,245.0,490,1.0,0.9841688654353562,True,CLUSTER_AWARE_GAN,train,syn_CLUSTER_AWARE_GAN_r100_00408,True
timegan,1,,,-1,,235.0,470,1.0,0.9841688654353562,True,CLUSTER_AWARE_GAN,train,syn_CLUSTER_AWARE_GAN_r100_00409,True
timegan,1,,,-1,,660.5,1321,1.0,0.9841688654353562,True,CLUSTER_AWARE_GAN,train,syn_CLUSTER_AWARE_GAN_r100_00410,True
timegan,1,,,-1,,325.0,650,1.0,0.9841688654353562,True,CLUSTER_AWARE_GAN,train,syn_CLUSTER_AWARE_GAN_r100_00411,True
timegan,1,,,-1,,155.5,311,1.0,0.9841688654353562,True,CLUSTER_AWARE_GAN,train,syn_CLUSTER_AWARE_GAN_r100_00412,True
timegan,1,,,-1,,120.0,240,1.0,0.9841688654353562,True,CLUSTER_AWARE_GAN,train,syn_CLUSTER_AWARE_GAN_r100_00413,True
timegan,1,,,-1,,4333.0,8666,1.0,0.9841688654353562,True,CLUSTER_AWARE_GAN,train,syn_CLUSTER_AWARE_GAN_r100_00414,True
timegan,1,,,-1,,220.0,440,1.0,0.9841688654353562,True,CLUSTER_AWARE_GAN,train,syn_CLUSTER_AWARE_GAN_r100_00415,True
timegan,1,,,-1,,1110.0,2220,1.0,0.9841688654353562,True,CLUSTER_AWARE_GAN,train,syn_CLUSTER_AWARE_GAN_r100_00416,True
timegan,1,,,-1,,395.0,790,1.0,0.9841688654353562,True,CLUSTER_AWARE_GAN,train,syn_CLUSTER_AWARE_GAN_r100_00417,True
timegan,1,,,-1,,785.0,1570,1.0,0.9841688654353562,True,CLUSTER_AWARE_GAN,train,syn_CLUSTER_AWARE_GAN_r100_00418,True
timegan,1,,,-1,,190.0,380,1.0,0.9841688654353562,True,CLUSTER_AWARE_GAN,train,syn_CLUSTER_AWARE_GAN_r100_00419,True
timegan,1,,,-1,,130.0,260,1.0,0.9841688654353562,True,CLUSTER_AWARE_GAN,train,syn_CLUSTER_AWARE_GAN_r100_00420,True
timegan,1,,,-1,,325.0,650,1.0,0.9841688654353562,True,CLUSTER_AWARE_GAN,train,syn_CLUSTER_AWARE_GAN_r100_00421,True
timegan,1,,,-1,,3120.0,6240,1.0,0.9841688654353562,True,CLUSTER_AWARE_GAN,train,syn_CLUSTER_AWARE_GAN_r100_00422,True
timegan,1,,,-1,,260.0,520,1.0,0.9841688654353562,True,CLUSTER_AWARE_GAN,train,syn_CLUSTER_AWARE_GAN_r100_00423,True
timegan,1,,,-1,,710.0,1420,1.0,0.9841688654353562,True,CLUSTER_AWARE_GAN,train,syn_CLUSTER_AWARE_GAN_r100_00424,True
timegan,1,,,-1,,200.0,400,1.0,0.9841688654353562,True,CLUSTER_AWARE_GAN,train,syn_CLUSTER_AWARE_GAN_r100_00425,True
timegan,1,,,-1,,255.0,510,1.0,0.9841688654353562,True,CLUSTER_AWARE_GAN,train,syn_CLUSTER_AWARE_GAN_r100_00426,True
timegan,1,,,-1,,120.0,240,1.0,0.9841688654353562,True,CLUSTER_AWARE_GAN,train,syn_CLUSTER_AWARE_GAN_r100_00427,True
timegan,1,,,-1,,120.0,240,1.0,0.9841688654353562,True,CLUSTER_AWARE_GAN,train,syn_CLUSTER_AWARE_GAN_r100_00428,True
timegan,1,,,-1,,125.0,250,1.0,0.9841688654353562,True,CLUSTER_AWARE_GAN,train,syn_CLUSTER_AWARE_GAN_r100_00429,True
timegan,1,,,-1,,325.0,650,1.0,0.9841688654353562,True,CLUSTER_AWARE_GAN,train,syn_CLUSTER_AWARE_GAN_r100_00430,True
timegan,1,,,-1,,235.0,470,1.0,0.9841688654353562,True,CLUSTER_AWARE_GAN,train,syn_CLUSTER_AWARE_GAN_r100_00431,True
timegan,1,,,-1,,340.0,680,1.0,0.9841688654353562,True,CLUSTER_AWARE_GAN,train,syn_CLUSTER_AWARE_GAN_r100_00432,True
timegan,1,,,-1,,125.0,250,1.0,0.9841688654353562,True,CLUSTER_AWARE_GAN,train,syn_CLUSTER_AWARE_GAN_r100_00433,True
timegan,1,,,-1,,4274.0,8548,1.0,0.9841688654353562,True,CLUSTER_AWARE_GAN,train,syn_CLUSTER_AWARE_GAN_r100_00434,True
timegan,1,,,-1,,195.0,390,1.0,0.9841688654353562,True,CLUSTER_AWARE_GAN,train,syn_CLUSTER_AWARE_GAN_r100_00435,True
timegan,1,,,-1,,5221.0,10442,1.0,0.9841688654353562,True,CLUSTER_AWARE_GAN,train,syn_CLUSTER_AWARE_GAN_r100_00436,True
timegan,1,,,-1,,150.0,300,1.0,0.9841688654353562,True,CLUSTER_AWARE_GAN,train,syn_CLUSTER_AWARE_GAN_r100_00437,True
timegan,1,,,-1,,198.5,397,1.0,0.9841688654353562,True,CLUSTER_AWARE_GAN,train,syn_CLUSTER_AWARE_GAN_r100_00438,True
timegan,1,,,-1,,600.0,1200,1.0,0.9841688654353562,True,CLUSTER_AWARE_GAN,train,syn_CLUSTER_AWARE_GAN_r100_00439,True
timegan,1,,,-1,,130.0,260,1.0,0.9841688654353562,True,CLUSTER_AWARE_GAN,train,syn_CLUSTER_AWARE_GAN_r100_00440,True
timegan,1,,,-1,,1180.0,2360,1.0,0.9841688654353562,True,CLUSTER_AWARE_GAN,train,syn_CLUSTER_AWARE_GAN_r100_00441,True
timegan,1,,,-1,,340.0,680,1.0,0.9841688654353562,True,CLUSTER_AWARE_GAN,train,syn_CLUSTER_AWARE_GAN_r100_00442,True
timegan,1,,,-1,,600.0,1200,1.0,0.9841688654353562,True,CLUSTER_AWARE_GAN,train,syn_CLUSTER_AWARE_GAN_r100_00443,True
timegan,1,,,-1,,240.0,480,1.0,0.9841688654353562,True,CLUSTER_AWARE_GAN,train,syn_CLUSTER_AWARE_GAN_r100_00444,True
timegan,1,,,-1,,785.0,1570,1.0,0.9841688654353562,True,CLUSTER_AWARE_GAN,train,syn_CLUSTER_AWARE_GAN_r100_00445,True
timegan,1,,,-1,,1910.0,3820,1.0,0.9841688654353562,True,CLUSTER_AWARE_GAN,train,syn_CLUSTER_AWARE_GAN_r100_00446,True
timegan,1,,,-1,,245.0,490,1.0,0.9841688654353562,True,CLUSTER_AWARE_GAN,train,syn_CLUSTER_AWARE_GAN_r100_00447,True
timegan,1,,,-1,,730.0,1460,1.0,0.9841688654353562,True,CLUSTER_AWARE_GAN,train,syn_CLUSTER_AWARE_GAN_r100_00448,True
timegan,1,,,-1,,950.0,1900,1.0,0.9841688654353562,True,CLUSTER_AWARE_GAN,train,syn_CLUSTER_AWARE_GAN_r100_00449,True
timegan,1,,,-1,,410.0,820,1.0,0.9841688654353562,True,CLUSTER_AWARE_GAN,train,syn_CLUSTER_AWARE_GAN_r100_00450,True
timegan,1,,,-1,,4007.0,8014,1.0,0.9841688654353562,True,CLUSTER_AWARE_GAN,train,syn_CLUSTER_AWARE_GAN_r100_00451,True
timegan,1,,,-1,,340.0,680,1.0,0.9841688654353562,True,CLUSTER_AWARE_GAN,train,syn_CLUSTER_AWARE_GAN_r100_00452,True
timegan,1,,,-1,,315.0,630,1.0,0.9841688654353562,True,CLUSTER_AWARE_GAN,train,syn_CLUSTER_AWARE_GAN_r100_00453,True
timegan,1,,,-1,,4007.0,8014,1.0,0.9841688654353562,True,CLUSTER_AWARE_GAN,train,syn_CLUSTER_AWARE_GAN_r100_00454,True
timegan,1,,,-1,,1230.0,2460,1.0,0.9841688654353562,True,CLUSTER_AWARE_GAN,train,syn_CLUSTER_AWARE_GAN_r100_00455,True
timegan,1,,,-1,,290.0,580,1.0,0.9841688654353562,True,CLUSTER_AWARE_GAN,train,syn_CLUSTER_AWARE_GAN_r100_00456,True
timegan,1,,,-1,,1130.0,2260,1.0,0.9841688654353562,True,CLUSTER_AWARE_GAN,train,syn_CLUSTER_AWARE_GAN_r100_00457,True
timegan,1,,,-1,,1070.0,2140,1.0,0.9841688654353562,True,CLUSTER_AWARE_GAN,train,syn_CLUSTER_AWARE_GAN_r100_00458,True
timegan,1,,,-1,,220.0,440,1.0,0.9841688654353562,True,CLUSTER_AWARE_GAN,train,syn_CLUSTER_AWARE_GAN_r100_00459,True
timegan,1,,,-1,,160.0,320,1.0,0.9841688654353562,True,CLUSTER_AWARE_GAN,train,syn_CLUSTER_AWARE_GAN_r100_00460,True
timegan,1,,,-1,,170.0,340,1.0,0.9841688654353562,True,CLUSTER_AWARE_GAN,train,syn_CLUSTER_AWARE_GAN_r100_00461,True
timegan,1,,,-1,,145.0,290,1.0,0.9841688654353562,True,CLUSTER_AWARE_GAN,train,syn_CLUSTER_AWARE_GAN_r100_00462,True
timegan,1,,,-1,,220.0,440,1.0,0.9841688654353562,True,CLUSTER_AWARE_GAN,train,syn_CLUSTER_AWARE_GAN_r100_00463,True
timegan,1,,,-1,,165.0,330,1.0,0.9841688654353562,True,CLUSTER_AWARE_GAN,train,syn_CLUSTER_AWARE_GAN_r100_00464,True
timegan,1,,,-1,,240.0,480,1.0,0.9841688654353562,True,CLUSTER_AWARE_GAN,train,syn_CLUSTER_AWARE_GAN_r100_00465,True
timegan,1,,,-1,,180.0,360,1.0,0.9841688654353562,True,CLUSTER_AWARE_GAN,train,syn_CLUSTER_AWARE_GAN_r100_00466,True
timegan,1,,,-1,,245.0,490,1.0,0.9841688654353562,True,CLUSTER_AWARE_GAN,train,syn_CLUSTER_AWARE_GAN_r100_00467,True
timegan,1,,,-1,,195.0,390,1.0,0.9841688654353562,True,CLUSTER_AWARE_GAN,train,syn_CLUSTER_AWARE_GAN_r100_00468,True
timegan,1,,,-1,,1100.0,2200,1.0,0.9841688654353562,True,CLUSTER_AWARE_GAN,train,syn_CLUSTER_AWARE_GAN_r100_00469,True
timegan,1,,,-1,,620.0,1240,1.0,0.9841688654353562,True,CLUSTER_AWARE_GAN,train,syn_CLUSTER_AWARE_GAN_r100_00470,True
timegan,1,,,-1,,245.0,490,1.0,0.9841688654353562,True,CLUSTER_AWARE_GAN,train,syn_CLUSTER_AWARE_GAN_r100_00471,True
timegan,1,,,-1,,150.0,300,1.0,0.9841688654353562,True,CLUSTER_AWARE_GAN,train,syn_CLUSTER_AWARE_GAN_r100_00472,True
timegan,1,,,-1,,855.0,1710,1.0,0.9841688654353562,True,CLUSTER_AWARE_GAN,train,syn_CLUSTER_AWARE_GAN_r100_00473,True
timegan,1,,,-1,,1200.0,2400,1.0,0.9841688654353562,True,CLUSTER_AWARE_GAN,train,syn_CLUSTER_AWARE_GAN_r100_00474,True
timegan,1,,,-1,,2043.5,4087,1.0,0.9841688654353562,True,CLUSTER_AWARE_GAN,train,syn_CLUSTER_AWARE_GAN_r100_00475,True
timegan,1,,,-1,,215.0,430,1.0,0.9841688654353562,True,CLUSTER_AWARE_GAN,train,syn_CLUSTER_AWARE_GAN_r100_00476,True
timegan,1,,,-1,,6930.0,13860,1.0,0.9841688654353562,True,CLUSTER_AWARE_GAN,train,syn_CLUSTER_AWARE_GAN_r100_00477,True
timegan,1,,,-1,,120.0,240,1.0,0.9841688654353562,True,CLUSTER_AWARE_GAN,train,syn_CLUSTER_AWARE_GAN_r100_00478,True
timegan,1,,,-1,,340.0,680,1.0,0.9841688654353562,True,CLUSTER_AWARE_GAN,train,syn_CLUSTER_AWARE_GAN_r100_00479,True
timegan,1,,,-1,,255.0,510,1.0,0.9841688654353562,True,CLUSTER_AWARE_GAN,train,syn_CLUSTER_AWARE_GAN_r100_00480,True
timegan,1,,,-1,,255.0,510,1.0,0.9841688654353562,True,CLUSTER_AWARE_GAN,train,syn_CLUSTER_AWARE_GAN_r100_00481,True
timegan,1,,,-1,,1300.5,2601,1.0,0.9841688654353562,True,CLUSTER_AWARE_GAN,train,syn_CLUSTER_AWARE_GAN_r100_00482,True
timegan,1,,,-1,,470.0,940,1.0,0.9841688654353562,True,CLUSTER_AWARE_GAN,train,syn_CLUSTER_AWARE_GAN_r100_00483,True
timegan,1,,,-1,,300.0,600,1.0,0.9841688654353562,True,CLUSTER_AWARE_GAN,train,syn_CLUSTER_AWARE_GAN_r100_00484,True
timegan,1,,,-1,,1245.0,2490,1.0,0.9841688654353562,True,CLUSTER_AWARE_GAN,train,syn_CLUSTER_AWARE_GAN_r100_00485,True
timegan,1,,,-1,,320.0,640,1.0,0.9841688654353562,True,CLUSTER_AWARE_GAN,train,syn_CLUSTER_AWARE_GAN_r100_00486,True
timegan,1,,,-1,,620.0,1240,1.0,0.9841688654353562,True,CLUSTER_AWARE_GAN,train,syn_CLUSTER_AWARE_GAN_r100_00487,True
timegan,1,,,-1,,415.0,830,1.0,0.9841688654353562,True,CLUSTER_AWARE_GAN,train,syn_CLUSTER_AWARE_GAN_r100_00488,True
timegan,1,,,-1,,1245.0,2490,1.0,0.9841688654353562,True,CLUSTER_AWARE_GAN,train,syn_CLUSTER_AWARE_GAN_r100_00489,True
timegan,1,,,-1,,120.0,240,1.0,0.9841688654353562,True,CLUSTER_AWARE_GAN,train,syn_CLUSTER_AWARE_GAN_r100_00490,True
timegan,1,,,-1,,3112.5,6225,1.0,0.9841688654353562,True,CLUSTER_AWARE_GAN,train,syn_CLUSTER_AWARE_GAN_r100_00491,True
timegan,1,,,-1,,120.0,240,1.0,0.9841688654353562,True,CLUSTER_AWARE_GAN,train,syn_CLUSTER_AWARE_GAN_r100_00492,True
timegan,1,,,-1,,235.0,470,1.0,0.9841688654353562,True,CLUSTER_AWARE_GAN,train,syn_CLUSTER_AWARE_GAN_r100_00493,True
timegan,1,,,-1,,265.0,530,1.0,0.9841688654353562,True,CLUSTER_AWARE_GAN,train,syn_CLUSTER_AWARE_GAN_r100_00494,True
timegan,1,,,-1,,255.0,510,1.0,0.9841688654353562,True,CLUSTER_AWARE_GAN,train,syn_CLUSTER_AWARE_GAN_r100_00495,True
timegan,1,,,-1,,220.0,440,1.0,0.9841688654353562,True,CLUSTER_AWARE_GAN,train,syn_CLUSTER_AWARE_GAN_r100_00496,True
timegan,1,,,-1,,215.0,430,1.0,0.9841688654353562,True,CLUSTER_AWARE_GAN,train,syn_CLUSTER_AWARE_GAN_r100_00497,True
timegan,1,,,-1,,1675.0,3350,1.0,0.9841688654353562,True,CLUSTER_AWARE_GAN,train,syn_CLUSTER_AWARE_GAN_r100_00498,True
timegan,1,,,-1,,1195.0,2390,1.0,0.9841688654353562,True,CLUSTER_AWARE_GAN,train,syn_CLUSTER_AWARE_GAN_r100_00499,True
timegan,1,,,-1,,750.0,1500,1.0,0.9841688654353562,True,CLUSTER_AWARE_GAN,train,syn_CLUSTER_AWARE_GAN_r100_00500,True
timegan,1,,,-1,,1160.0,2320,1.0,0.9841688654353562,True,CLUSTER_AWARE_GAN,train,syn_CLUSTER_AWARE_GAN_r100_00501,True
timegan,1,,,-1,,160.0,320,1.0,0.9841688654353562,True,CLUSTER_AWARE_GAN,train,syn_CLUSTER_AWARE_GAN_r100_00502,True
timegan,1,,,-1,,140.0,280,1.0,0.9841688654353562,True,CLUSTER_AWARE_GAN,train,syn_CLUSTER_AWARE_GAN_r100_00503,True
timegan,1,,,-1,,855.0,1710,1.0,0.9841688654353562,True,CLUSTER_AWARE_GAN,train,syn_CLUSTER_AWARE_GAN_r100_00504,True
timegan,1,,,-1,,150.0,300,1.0,0.9841688654353562,True,CLUSTER_AWARE_GAN,train,syn_CLUSTER_AWARE_GAN_r100_00505,True
timegan,1,,,-1,,125.0,250,1.0,0.9841688654353562,True,CLUSTER_AWARE_GAN,train,syn_CLUSTER_AWARE_GAN_r100_00506,True
timegan,1,,,-1,,4333.0,8666,1.0,0.9841688654353562,True,CLUSTER_AWARE_GAN,train,syn_CLUSTER_AWARE_GAN_r100_00507,True
timegan,1,,,-1,,335.0,670,1.0,0.9841688654353562,True,CLUSTER_AWARE_GAN,train,syn_CLUSTER_AWARE_GAN_r100_00508,True
timegan,1,,,-1,,120.0,240,1.0,0.9841688654353562,True,CLUSTER_AWARE_GAN,train,syn_CLUSTER_AWARE_GAN_r100_00509,True
timegan,1,,,-1,,4007.0,8014,1.0,0.9841688654353562,True,CLUSTER_AWARE_GAN,train,syn_CLUSTER_AWARE_GAN_r100_00510,True
timegan,1,,,-1,,365.0,730,1.0,0.9841688654353562,True,CLUSTER_AWARE_GAN,train,syn_CLUSTER_AWARE_GAN_r100_00511,True
timegan,1,,,-1,,235.0,470,1.0,0.9841688654353562,True,CLUSTER_AWARE_GAN,train,syn_CLUSTER_AWARE_GAN_r100_00512,True
timegan,1,,,-1,,235.0,470,1.0,0.9841688654353562,True,CLUSTER_AWARE_GAN,train,syn_CLUSTER_AWARE_GAN_r100_00513,True
timegan,1,,,-1,,3392.5,6785,1.0,0.9841688654353562,True,CLUSTER_AWARE_GAN,train,syn_CLUSTER_AWARE_GAN_r100_00514,True
timegan,1,,,-1,,415.0,830,1.0,0.9841688654353562,True,CLUSTER_AWARE_GAN,train,syn_CLUSTER_AWARE_GAN_r100_00515,True
timegan,1,,,-1,,190.0,380,1.0,0.9841688654353562,True,CLUSTER_AWARE_GAN,train,syn_CLUSTER_AWARE_GAN_r100_00516,True
timegan,1,,,-1,,1980.0,3960,1.0,0.9841688654353562,True,CLUSTER_AWARE_GAN,train,syn_CLUSTER_AWARE_GAN_r100_00517,True
timegan,1,,,-1,,240.0,480,1.0,0.9841688654353562,True,CLUSTER_AWARE_GAN,train,syn_CLUSTER_AWARE_GAN_r100_00518,True
timegan,1,,,-1,,6025.0,12050,1.0,0.9841688654353562,True,CLUSTER_AWARE_GAN,train,syn_CLUSTER_AWARE_GAN_r100_00519,True
timegan,1,,,-1,,180.0,360,1.0,0.9841688654353562,True,CLUSTER_AWARE_GAN,train,syn_CLUSTER_AWARE_GAN_r100_00520,True
timegan,1,,,-1,,125.0,250,1.0,0.9841688654353562,True,CLUSTER_AWARE_GAN,train,syn_CLUSTER_AWARE_GAN_r100_00521,True
timegan,1,,,-1,,300.0,600,1.0,0.9841688654353562,True,CLUSTER_AWARE_GAN,train,syn_CLUSTER_AWARE_GAN_r100_00522,True
timegan,1,,,-1,,135.0,270,1.0,0.9841688654353562,True,CLUSTER_AWARE_GAN,train,syn_CLUSTER_AWARE_GAN_r100_00523,True
timegan,1,,,-1,,1776.5,3553,1.0,0.9841688654353562,True,CLUSTER_AWARE_GAN,train,syn_CLUSTER_AWARE_GAN_r100_00524,True
timegan,1,,,-1,,1230.0,2460,1.0,0.9841688654353562,True,CLUSTER_AWARE_GAN,train,syn_CLUSTER_AWARE_GAN_r100_00525,True
timegan,1,,,-1,,200.0,400,1.0,0.9841688654353562,True,CLUSTER_AWARE_GAN,train,syn_CLUSTER_AWARE_GAN_r100_00526,True
timegan,1,,,-1,,226.5,453,1.0,0.9841688654353562,True,CLUSTER_AWARE_GAN,train,syn_CLUSTER_AWARE_GAN_r100_00527,True
timegan,1,,,-1,,245.0,490,1.0,0.9841688654353562,True,CLUSTER_AWARE_GAN,train,syn_CLUSTER_AWARE_GAN_r100_00528,True
timegan,1,,,-1,,265.0,530,1.0,0.9841688654353562,True,CLUSTER_AWARE_GAN,train,syn_CLUSTER_AWARE_GAN_r100_00529,True
timegan,1,,,-1,,120.0,240,1.0,0.9841688654353562,True,CLUSTER_AWARE_GAN,train,syn_CLUSTER_AWARE_GAN_r100_00530,True
timegan,1,,,-1,,1160.0,2320,1.0,0.9841688654353562,True,CLUSTER_AWARE_GAN,train,syn_CLUSTER_AWARE_GAN_r100_00531,True
timegan,1,,,-1,,1580.0,3160,1.0,0.9841688654353562,True,CLUSTER_AWARE_GAN,train,syn_CLUSTER_AWARE_GAN_r100_00532,True
timegan,1,,,-1,,185.0,370,1.0,0.9841688654353562,True,CLUSTER_AWARE_GAN,train,syn_CLUSTER_AWARE_GAN_r100_00533,True
timegan,1,,,-1,,249.5,499,1.0,0.9841688654353562,True,CLUSTER_AWARE_GAN,train,syn_CLUSTER_AWARE_GAN_r100_00534,True
timegan,1,,,-1,,325.0,650,1.0,0.9841688654353562,True,CLUSTER_AWARE_GAN,train,syn_CLUSTER_AWARE_GAN_r100_00535,True
timegan,1,,,-1,,120.0,240,1.0,0.9841688654353562,True,CLUSTER_AWARE_GAN,train,syn_CLUSTER_AWARE_GAN_r100_00536,True
timegan,1,,,-1,,175.0,350,1.0,0.9841688654353562,True,CLUSTER_AWARE_GAN,train,syn_CLUSTER_AWARE_GAN_r100_00537,True
timegan,1,,,-1,,170.0,340,1.0,0.9841688654353562,True,CLUSTER_AWARE_GAN,train,syn_CLUSTER_AWARE_GAN_r100_00538,True
timegan,1,,,-1,,190.0,380,1.0,0.9841688654353562,True,CLUSTER_AWARE_GAN,train,syn_CLUSTER_AWARE_GAN_r100_00539,True
timegan,1,,,-1,,600.0,1200,1.0,0.9841688654353562,True,CLUSTER_AWARE_GAN,train,syn_CLUSTER_AWARE_GAN_r100_00540,True
timegan,1,,,-1,,195.0,390,1.0,0.9841688654353562,True,CLUSTER_AWARE_GAN,train,syn_CLUSTER_AWARE_GAN_r100_00541,True
timegan,1,,,-1,,195.0,390,1.0,0.9841688654353562,True,CLUSTER_AWARE_GAN,train,syn_CLUSTER_AWARE_GAN_r100_00542,True
timegan,1,,,-1,,160.0,320,1.0,0.9841688654353562,True,CLUSTER_AWARE_GAN,train,syn_CLUSTER_AWARE_GAN_r100_00543,True
timegan,1,,,-1,,165.0,330,1.0,0.9841688654353562,True,CLUSTER_AWARE_GAN,train,syn_CLUSTER_AWARE_GAN_r100_00544,True
timegan,1,,,-1,,1540.0,3080,1.0,0.9841688654353562,True,CLUSTER_AWARE_GAN,train,syn_CLUSTER_AWARE_GAN_r100_00545,True
timegan,1,,,-1,,380.0,760,1.0,0.9841688654353562,True,CLUSTER_AWARE_GAN,train,syn_CLUSTER_AWARE_GAN_r100_00546,True
timegan,1,,,-1,,145.0,290,1.0,0.9841688654353562,True,CLUSTER_AWARE_GAN,train,syn_CLUSTER_AWARE_GAN_r100_00547,True
timegan,1,,,-1,,135.0,270,1.0,0.9841688654353562,True,CLUSTER_AWARE_GAN,train,syn_CLUSTER_AWARE_GAN_r100_00548,True
timegan,1,,,-1,,1035.0,2070,1.0,0.9841688654353562,True,CLUSTER_AWARE_GAN,train,syn_CLUSTER_AWARE_GAN_r100_00549,True
timegan,1,,,-1,,195.0,390,1.0,0.9841688654353562,True,CLUSTER_AWARE_GAN,train,syn_CLUSTER_AWARE_GAN_r100_00550,True
timegan,1,,,-1,,160.0,320,1.0,0.9841688654353562,True,CLUSTER_AWARE_GAN,train,syn_CLUSTER_AWARE_GAN_r100_00551,True
timegan,1,,,-1,,325.0,650,1.0,0.9841688654353562,True,CLUSTER_AWARE_GAN,train,syn_CLUSTER_AWARE_GAN_r100_00552,True
timegan,1,,,-1,,170.0,340,1.0,0.9841688654353562,True,CLUSTER_AWARE_GAN,train,syn_CLUSTER_AWARE_GAN_r100_00553,True
timegan,1,,,-1,,140.0,280,1.0,0.9841688654353562,True,CLUSTER_AWARE_GAN,train,syn_CLUSTER_AWARE_GAN_r100_00554,True
timegan,1,,,-1,,1183.0,2366,1.0,0.9841688654353562,True,CLUSTER_AWARE_GAN,train,syn_CLUSTER_AWARE_GAN_r100_00555,True
timegan,1,,,-1,,340.0,680,1.0,0.9841688654353562,True,CLUSTER_AWARE_GAN,train,syn_CLUSTER_AWARE_GAN_r100_00556,True
timegan,1,,,-1,,260.0,520,1.0,0.9841688654353562,True,CLUSTER_AWARE_GAN,train,syn_CLUSTER_AWARE_GAN_r100_00557,True
timegan,1,,,-1,,965.0,1930,1.0,0.9841688654353562,True,CLUSTER_AWARE_GAN,train,syn_CLUSTER_AWARE_GAN_r100_00558,True
timegan,1,,,-1,,160.0,320,1.0,0.9841688654353562,True,CLUSTER_AWARE_GAN,train,syn_CLUSTER_AWARE_GAN_r100_00559,True
timegan,1,,,-1,,185.0,370,1.0,0.9841688654353562,True,CLUSTER_AWARE_GAN,train,syn_CLUSTER_AWARE_GAN_r100_00560,True
timegan,1,,,-1,,170.0,340,1.0,0.9841688654353562,True,CLUSTER_AWARE_GAN,train,syn_CLUSTER_AWARE_GAN_r100_00561,True
timegan,1,,,-1,,290.0,580,1.0,0.9841688654353562,True,CLUSTER_AWARE_GAN,train,syn_CLUSTER_AWARE_GAN_r100_00562,True
timegan,1,,,-1,,145.0,290,1.0,0.9841688654353562,True,CLUSTER_AWARE_GAN,train,syn_CLUSTER_AWARE_GAN_r100_00563,True
timegan,1,,,-1,,950.0,1900,1.0,0.9841688654353562,True,CLUSTER_AWARE_GAN,train,syn_CLUSTER_AWARE_GAN_r100_00564,True
timegan,1,,,-1,,300.0,600,1.0,0.9841688654353562,True,CLUSTER_AWARE_GAN,train,syn_CLUSTER_AWARE_GAN_r100_00565,True
timegan,1,,,-1,,160.0,320,1.0,0.9841688654353562,True,CLUSTER_AWARE_GAN,train,syn_CLUSTER_AWARE_GAN_r100_00566,True
timegan,1,,,-1,,175.0,350,1.0,0.9841688654353562,True,CLUSTER_AWARE_GAN,train,syn_CLUSTER_AWARE_GAN_r100_00567,True
timegan,1,,,-1,,198.5,397,1.0,0.9841688654353562,True,CLUSTER_AWARE_GAN,train,syn_CLUSTER_AWARE_GAN_r100_00568,True
timegan,1,,,-1,,5315.5,10631,1.0,0.9841688654353562,True,CLUSTER_AWARE_GAN,train,syn_CLUSTER_AWARE_GAN_r100_00569,True
timegan,1,,,-1,,200.0,400,1.0,0.9841688654353562,True,CLUSTER_AWARE_GAN,train,syn_CLUSTER_AWARE_GAN_r100_00570,True
timegan,1,,,-1,,865.0,1730,1.0,0.9841688654353562,True,CLUSTER_AWARE_GAN,train,syn_CLUSTER_AWARE_GAN_r100_00571,True
timegan,1,,,-1,,195.0,390,1.0,0.9841688654353562,True,CLUSTER_AWARE_GAN,train,syn_CLUSTER_AWARE_GAN_r100_00572,True
timegan,1,,,-1,,160.0,320,1.0,0.9841688654353562,True,CLUSTER_AWARE_GAN,train,syn_CLUSTER_AWARE_GAN_r100_00573,True
timegan,1,,,-1,,120.0,240,1.0,0.9841688654353562,True,CLUSTER_AWARE_GAN,train,syn_CLUSTER_AWARE_GAN_r100_00574,True
timegan,1,,,-1,,190.0,380,1.0,0.9841688654353562,True,CLUSTER_AWARE_GAN,train,syn_CLUSTER_AWARE_GAN_r100_00575,True
timegan,1,,,-1,,1088.0,2176,1.0,0.9841688654353562,True,CLUSTER_AWARE_GAN,train,syn_CLUSTER_AWARE_GAN_r100_00576,True
timegan,1,,,-1,,865.0,1730,1.0,0.9841688654353562,True,CLUSTER_AWARE_GAN,train,syn_CLUSTER_AWARE_GAN_r100_00577,True
timegan,1,,,-1,,240.0,480,1.0,0.9841688654353562,True,CLUSTER_AWARE_GAN,train,syn_CLUSTER_AWARE_GAN_r100_00578,True
timegan,1,,,-1,,1245.0,2490,1.0,0.9841688654353562,True,CLUSTER_AWARE_GAN,train,syn_CLUSTER_AWARE_GAN_r100_00579,True
timegan,1,,,-1,,1100.0,2200,1.0,0.9841688654353562,True,CLUSTER_AWARE_GAN,train,syn_CLUSTER_AWARE_GAN_r100_00580,True
timegan,1,,,-1,,305.0,610,1.0,0.9841688654353562,True,CLUSTER_AWARE_GAN,train,syn_CLUSTER_AWARE_GAN_r100_00581,True
timegan,1,,,-1,,2818.0,5636,1.0,0.9841688654353562,True,CLUSTER_AWARE_GAN,train,syn_CLUSTER_AWARE_GAN_r100_00582,True
timegan,1,,,-1,,315.0,630,1.0,0.9841688654353562,True,CLUSTER_AWARE_GAN,train,syn_CLUSTER_AWARE_GAN_r100_00583,True
timegan,1,,,-1,,635.0,1270,1.0,0.9841688654353562,True,CLUSTER_AWARE_GAN,train,syn_CLUSTER_AWARE_GAN_r100_00584,True
timegan,1,,,-1,,990.0,1980,1.0,0.9841688654353562,True,CLUSTER_AWARE_GAN,train,syn_CLUSTER_AWARE_GAN_r100_00585,True
timegan,1,,,-1,,2135.0,4270,1.0,0.9841688654353562,True,CLUSTER_AWARE_GAN,train,syn_CLUSTER_AWARE_GAN_r100_00586,True
timegan,1,,,-1,,125.0,250,1.0,0.9841688654353562,True,CLUSTER_AWARE_GAN,train,syn_CLUSTER_AWARE_GAN_r100_00587,True
timegan,1,,,-1,,249.5,499,1.0,0.9841688654353562,True,CLUSTER_AWARE_GAN,train,syn_CLUSTER_AWARE_GAN_r100_00588,True
timegan,1,,,-1,,180.0,360,1.0,0.9841688654353562,True,CLUSTER_AWARE_GAN,train,syn_CLUSTER_AWARE_GAN_r100_00589,True
timegan,1,,,-1,,1230.0,2460,1.0,0.9841688654353562,True,CLUSTER_AWARE_GAN,train,syn_CLUSTER_AWARE_GAN_r100_00590,True
timegan,1,,,-1,,1350.0,2700,1.0,0.9841688654353562,True,CLUSTER_AWARE_GAN,train,syn_CLUSTER_AWARE_GAN_r100_00591,True
timegan,1,,,-1,,3707.0,7414,1.0,0.9841688654353562,True,CLUSTER_AWARE_GAN,train,syn_CLUSTER_AWARE_GAN_r100_00592,True
timegan,1,,,-1,,150.0,300,1.0,0.9841688654353562,True,CLUSTER_AWARE_GAN,train,syn_CLUSTER_AWARE_GAN_r100_00593,True
timegan,1,,,-1,,325.0,650,1.0,0.9841688654353562,True,CLUSTER_AWARE_GAN,train,syn_CLUSTER_AWARE_GAN_r100_00594,True
timegan,1,,,-1,,225.0,450,1.0,0.9841688654353562,True,CLUSTER_AWARE_GAN,train,syn_CLUSTER_AWARE_GAN_r100_00595,True
timegan,1,,,-1,,160.0,320,1.0,0.9841688654353562,True,CLUSTER_AWARE_GAN,train,syn_CLUSTER_AWARE_GAN_r100_00596,True
timegan,1,,,-1,,245.0,490,1.0,0.9841688654353562,True,CLUSTER_AWARE_GAN,train,syn_CLUSTER_AWARE_GAN_r100_00597,True
timegan,1,,,-1,,120.0,240,1.0,0.9841688654353562,True,CLUSTER_AWARE_GAN,train,syn_CLUSTER_AWARE_GAN_r100_00598,True
timegan,1,,,-1,,120.0,240,1.0,0.9841688654353562,True,CLUSTER_AWARE_GAN,train,syn_CLUSTER_AWARE_GAN_r100_00599,True
timegan,1,,,-1,,160.0,320,1.0,0.9841688654353562,True,CLUSTER_AWARE_GAN,train,syn_CLUSTER_AWARE_GAN_r100_00600,True
timegan,1,,,-1,,2010.5,4021,1.0,0.9841688654353562,True,CLUSTER_AWARE_GAN,train,syn_CLUSTER_AWARE_GAN_r100_00601,True
timegan,1,,,-1,,325.0,650,1.0,0.9841688654353562,True,CLUSTER_AWARE_GAN,train,syn_CLUSTER_AWARE_GAN_r100_00602,True
timegan,1,,,-1,,170.0,340,1.0,0.9841688654353562,True,CLUSTER_AWARE_GAN,train,syn_CLUSTER_AWARE_GAN_r100_00603,True
timegan,1,,,-1,,365.0,730,1.0,0.9841688654353562,True,CLUSTER_AWARE_GAN,train,syn_CLUSTER_AWARE_GAN_r100_00604,True
timegan,1,,,-1,,365.0,730,1.0,0.9841688654353562,True,CLUSTER_AWARE_GAN,train,syn_CLUSTER_AWARE_GAN_r100_00605,True
timegan,1,,,-1,,370.0,740,1.0,0.9841688654353562,True,CLUSTER_AWARE_GAN,train,syn_CLUSTER_AWARE_GAN_r100_00606,True
timegan,1,,,-1,,140.0,280,1.0,0.9841688654353562,True,CLUSTER_AWARE_GAN,train,syn_CLUSTER_AWARE_GAN_r100_00607,True
timegan,1,,,-1,,1115.0,2230,1.0,0.9841688654353562,True,CLUSTER_AWARE_GAN,train,syn_CLUSTER_AWARE_GAN_r100_00608,True
timegan,1,,,-1,,160.0,320,1.0,0.9841688654353562,True,CLUSTER_AWARE_GAN,train,syn_CLUSTER_AWARE_GAN_r100_00609,True
timegan,1,,,-1,,925.0,1850,1.0,0.9841688654353562,True,CLUSTER_AWARE_GAN,train,syn_CLUSTER_AWARE_GAN_r100_00610,True
timegan,1,,,-1,,1230.0,2460,1.0,0.9841688654353562,True,CLUSTER_AWARE_GAN,train,syn_CLUSTER_AWARE_GAN_r100_00611,True
timegan,1,,,-1,,435.0,870,1.0,0.9841688654353562,True,CLUSTER_AWARE_GAN,train,syn_CLUSTER_AWARE_GAN_r100_00612,True
timegan,1,,,-1,,4007.0,8014,1.0,0.9841688654353562,True,CLUSTER_AWARE_GAN,train,syn_CLUSTER_AWARE_GAN_r100_00613,True
timegan,1,,,-1,,325.0,650,1.0,0.9841688654353562,True,CLUSTER_AWARE_GAN,train,syn_CLUSTER_AWARE_GAN_r100_00614,True
timegan,1,,,-1,,225.0,450,1.0,0.9841688654353562,True,CLUSTER_AWARE_GAN,train,syn_CLUSTER_AWARE_GAN_r100_00615,True
timegan,1,,,-1,,950.0,1900,1.0,0.9841688654353562,True,CLUSTER_AWARE_GAN,train,syn_CLUSTER_AWARE_GAN_r100_00616,True
timegan,1,,,-1,,1230.0,2460,1.0,0.9841688654353562,True,CLUSTER_AWARE_GAN,train,syn_CLUSTER_AWARE_GAN_r100_00617,True
timegan,1,,,-1,,155.0,310,1.0,0.9841688654353562,True,CLUSTER_AWARE_GAN,train,syn_CLUSTER_AWARE_GAN_r100_00618,True
timegan,1,,,-1,,120.0,240,1.0,0.9841688654353562,True,CLUSTER_AWARE_GAN,train,syn_CLUSTER_AWARE_GAN_r100_00619,True
timegan,1,,,-1,,1035.0,2070,1.0,0.9841688654353562,True,CLUSTER_AWARE_GAN,train,syn_CLUSTER_AWARE_GAN_r100_00620,True
timegan,1,,,-1,,140.0,280,1.0,0.9841688654353562,True,CLUSTER_AWARE_GAN,train,syn_CLUSTER_AWARE_GAN_r100_00621,True
timegan,1,,,-1,,4395.0,8790,1.0,0.9841688654353562,True,CLUSTER_AWARE_GAN,train,syn_CLUSTER_AWARE_GAN_r100_00622,True
timegan,1,,,-1,,290.0,580,1.0,0.9841688654353562,True,CLUSTER_AWARE_GAN,train,syn_CLUSTER_AWARE_GAN_r100_00623,True
timegan,1,,,-1,,150.0,300,1.0,0.9841688654353562,True,CLUSTER_AWARE_GAN,train,syn_CLUSTER_AWARE_GAN_r100_00624,True
timegan,1,,,-1,,125.0,250,1.0,0.9841688654353562,True,CLUSTER_AWARE_GAN,train,syn_CLUSTER_AWARE_GAN_r100_00625,True
timegan,1,,,-1,,135.0,270,1.0,0.9841688654353562,True,CLUSTER_AWARE_GAN,train,syn_CLUSTER_AWARE_GAN_r100_00626,True
timegan,1,,,-1,,340.0,680,1.0,0.9841688654353562,True,CLUSTER_AWARE_GAN,train,syn_CLUSTER_AWARE_GAN_r100_00627,True
timegan,1,,,-1,,120.0,240,1.0,0.9841688654353562,True,CLUSTER_AWARE_GAN,train,syn_CLUSTER_AWARE_GAN_r100_00628,True
timegan,1,,,-1,,470.0,940,1.0,0.9841688654353562,True,CLUSTER_AWARE_GAN,train,syn_CLUSTER_AWARE_GAN_r100_00629,True
timegan,1,,,-1,,3110.0,6220,1.0,0.9841688654353562,True,CLUSTER_AWARE_GAN,train,syn_CLUSTER_AWARE_GAN_r100_00630,True
timegan,1,,,-1,,200.0,400,1.0,0.9841688654353562,True,CLUSTER_AWARE_GAN,train,syn_CLUSTER_AWARE_GAN_r100_00631,True
timegan,1,,,-1,,150.0,300,1.0,0.9841688654353562,True,CLUSTER_AWARE_GAN,train,syn_CLUSTER_AWARE_GAN_r100_00632,True
timegan,1,,,-1,,1510.0,3020,1.0,0.9841688654353562,True,CLUSTER_AWARE_GAN,train,syn_CLUSTER_AWARE_GAN_r100_00633,True
timegan,1,,,-1,,450.0,900,1.0,0.9841688654353562,True,CLUSTER_AWARE_GAN,train,syn_CLUSTER_AWARE_GAN_r100_00634,True
timegan,1,,,-1,,290.0,580,1.0,0.9841688654353562,True,CLUSTER_AWARE_GAN,train,syn_CLUSTER_AWARE_GAN_r100_00635,True
timegan,1,,,-1,,235.0,470,1.0,0.9841688654353562,True,CLUSTER_AWARE_GAN,train,syn_CLUSTER_AWARE_GAN_r100_00636,True
timegan,1,,,-1,,155.0,310,1.0,0.9841688654353562,True,CLUSTER_AWARE_GAN,train,syn_CLUSTER_AWARE_GAN_r100_00637,True
timegan,1,,,-1,,170.0,340,1.0,0.9841688654353562,True,CLUSTER_AWARE_GAN,train,syn_CLUSTER_AWARE_GAN_r100_00638,True
timegan,1,,,-1,,1340.0,2680,1.0,0.9841688654353562,True,CLUSTER_AWARE_GAN,train,syn_CLUSTER_AWARE_GAN_r100_00639,True
timegan,1,,,-1,,249.5,499,1.0,0.9841688654353562,True,CLUSTER_AWARE_GAN,train,syn_CLUSTER_AWARE_GAN_r100_00640,True
timegan,1,,,-1,,300.0,600,1.0,0.9841688654353562,True,CLUSTER_AWARE_GAN,train,syn_CLUSTER_AWARE_GAN_r100_00641,True
timegan,1,,,-1,,230.0,460,1.0,0.9841688654353562,True,CLUSTER_AWARE_GAN,train,syn_CLUSTER_AWARE_GAN_r100_00642,True
timegan,1,,,-1,,1510.0,3020,1.0,0.9841688654353562,True,CLUSTER_AWARE_GAN,train,syn_CLUSTER_AWARE_GAN_r100_00643,True
timegan,1,,,-1,,150.0,300,1.0,0.9841688654353562,True,CLUSTER_AWARE_GAN,train,syn_CLUSTER_AWARE_GAN_r100_00644,True
timegan,1,,,-1,,1840.0,3680,1.0,0.9841688654353562,True,CLUSTER_AWARE_GAN,train,syn_CLUSTER_AWARE_GAN_r100_00645,True
timegan,1,,,-1,,175.0,350,1.0,0.9841688654353562,True,CLUSTER_AWARE_GAN,train,syn_CLUSTER_AWARE_GAN_r100_00646,True
timegan,1,,,-1,,160.0,320,1.0,0.9841688654353562,True,CLUSTER_AWARE_GAN,train,syn_CLUSTER_AWARE_GAN_r100_00647,True
timegan,1,,,-1,,220.0,440,1.0,0.9841688654353562,True,CLUSTER_AWARE_GAN,train,syn_CLUSTER_AWARE_GAN_r100_00648,True
timegan,1,,,-1,,340.0,680,1.0,0.9841688654353562,True,CLUSTER_AWARE_GAN,train,syn_CLUSTER_AWARE_GAN_r100_00649,True
timegan,1,,,-1,,740.0,1480,1.0,0.9841688654353562,True,CLUSTER_AWARE_GAN,train,syn_CLUSTER_AWARE_GAN_r100_00650,True
timegan,1,,,-1,,185.0,370,1.0,0.9841688654353562,True,CLUSTER_AWARE_GAN,train,syn_CLUSTER_AWARE_GAN_r100_00651,True
timegan,1,,,-1,,125.0,250,1.0,0.9841688654353562,True,CLUSTER_AWARE_GAN,train,syn_CLUSTER_AWARE_GAN_r100_00652,True
timegan,1,,,-1,,160.0,320,1.0,0.9841688654353562,True,CLUSTER_AWARE_GAN,train,syn_CLUSTER_AWARE_GAN_r100_00653,True
timegan,1,,,-1,,330.0,660,1.0,0.9841688654353562,True,CLUSTER_AWARE_GAN,train,syn_CLUSTER_AWARE_GAN_r100_00654,True
timegan,1,,,-1,,1088.0,2176,1.0,0.9841688654353562,True,CLUSTER_AWARE_GAN,train,syn_CLUSTER_AWARE_GAN_r100_00655,True
timegan,1,,,-1,,865.0,1730,1.0,0.9841688654353562,True,CLUSTER_AWARE_GAN,train,syn_CLUSTER_AWARE_GAN_r100_00656,True
timegan,1,,,-1,,340.0,680,1.0,0.9841688654353562,True,CLUSTER_AWARE_GAN,train,syn_CLUSTER_AWARE_GAN_r100_00657,True
timegan,1,,,-1,,410.0,820,1.0,0.9841688654353562,True,CLUSTER_AWARE_GAN,train,syn_CLUSTER_AWARE_GAN_r100_00658,True
timegan,1,,,-1,,200.0,400,1.0,0.9841688654353562,True,CLUSTER_AWARE_GAN,train,syn_CLUSTER_AWARE_GAN_r100_00659,True
timegan,1,,,-1,,235.0,470,1.0,0.9841688654353562,True,CLUSTER_AWARE_GAN,train,syn_CLUSTER_AWARE_GAN_r100_00660,True
timegan,1,,,-1,,185.0,370,1.0,0.9841688654353562,True,CLUSTER_AWARE_GAN,train,syn_CLUSTER_AWARE_GAN_r100_00661,True
timegan,1,,,-1,,340.0,680,1.0,0.9841688654353562,True,CLUSTER_AWARE_GAN,train,syn_CLUSTER_AWARE_GAN_r100_00662,True
timegan,1,,,-1,,325.0,650,1.0,0.9841688654353562,True,CLUSTER_AWARE_GAN,train,syn_CLUSTER_AWARE_GAN_r100_00663,True
timegan,1,,,-1,,1300.5,2601,1.0,0.9841688654353562,True,CLUSTER_AWARE_GAN,train,syn_CLUSTER_AWARE_GAN_r100_00664,True
timegan,1,,,-1,,150.0,300,1.0,0.9841688654353562,True,CLUSTER_AWARE_GAN,train,syn_CLUSTER_AWARE_GAN_r100_00665,True
timegan,1,,,-1,,900.0,1800,1.0,0.9841688654353562,True,CLUSTER_AWARE_GAN,train,syn_CLUSTER_AWARE_GAN_r100_00666,True
timegan,1,,,-1,,365.0,730,1.0,0.9841688654353562,True,CLUSTER_AWARE_GAN,train,syn_CLUSTER_AWARE_GAN_r100_00667,True
timegan,1,,,-1,,120.0,240,1.0,0.9841688654353562,True,CLUSTER_AWARE_GAN,train,syn_CLUSTER_AWARE_GAN_r100_00668,True
timegan,1,,,-1,,330.0,660,1.0,0.9841688654353562,True,CLUSTER_AWARE_GAN,train,syn_CLUSTER_AWARE_GAN_r100_00669,True
timegan,1,,,-1,,605.0,1210,1.0,0.9841688654353562,True,CLUSTER_AWARE_GAN,train,syn_CLUSTER_AWARE_GAN_r100_00670,True
timegan,1,,,-1,,160.0,320,1.0,0.9841688654353562,True,CLUSTER_AWARE_GAN,train,syn_CLUSTER_AWARE_GAN_r100_00671,True
timegan,1,,,-1,,730.0,1460,1.0,0.9841688654353562,True,CLUSTER_AWARE_GAN,train,syn_CLUSTER_AWARE_GAN_r100_00672,True
timegan,1,,,-1,,1550.0,3100,1.0,0.9841688654353562,True,CLUSTER_AWARE_GAN,train,syn_CLUSTER_AWARE_GAN_r100_00673,True
timegan,1,,,-1,,130.0,260,1.0,0.9841688654353562,True,CLUSTER_AWARE_GAN,train,syn_CLUSTER_AWARE_GAN_r100_00674,True
timegan,1,,,-1,,190.0,380,1.0,0.9841688654353562,True,CLUSTER_AWARE_GAN,train,syn_CLUSTER_AWARE_GAN_r100_00675,True
timegan,1,,,-1,,290.0,580,1.0,0.9841688654353562,True,CLUSTER_AWARE_GAN,train,syn_CLUSTER_AWARE_GAN_r100_00676,True
timegan,1,,,-1,,340.0,680,1.0,0.9841688654353562,True,CLUSTER_AWARE_GAN,train,syn_CLUSTER_AWARE_GAN_r100_00677,True
timegan,1,,,-1,,5055.0,10110,1.0,0.9841688654353562,True,CLUSTER_AWARE_GAN,train,syn_CLUSTER_AWARE_GAN_r100_00678,True
timegan,1,,,-1,,140.0,280,1.0,0.9841688654353562,True,CLUSTER_AWARE_GAN,train,syn_CLUSTER_AWARE_GAN_r100_00679,True
timegan,1,,,-1,,435.0,870,1.0,0.9841688654353562,True,CLUSTER_AWARE_GAN,train,syn_CLUSTER_AWARE_GAN_r100_00680,True
timegan,1,,,-1,,225.0,450,1.0,0.9841688654353562,True,CLUSTER_AWARE_GAN,train,syn_CLUSTER_AWARE_GAN_r100_00681,True
timegan,1,,,-1,,325.0,650,1.0,0.9841688654353562,True,CLUSTER_AWARE_GAN,train,syn_CLUSTER_AWARE_GAN_r100_00682,True
timegan,1,,,-1,,145.0,290,1.0,0.9841688654353562,True,CLUSTER_AWARE_GAN,train,syn_CLUSTER_AWARE_GAN_r100_00683,True
timegan,1,,,-1,,4007.0,8014,1.0,0.9841688654353562,True,CLUSTER_AWARE_GAN,train,syn_CLUSTER_AWARE_GAN_r100_00684,True
timegan,1,,,-1,,620.0,1240,1.0,0.9841688654353562,True,CLUSTER_AWARE_GAN,train,syn_CLUSTER_AWARE_GAN_r100_00685,True
timegan,1,,,-1,,175.0,350,1.0,0.9841688654353562,True,CLUSTER_AWARE_GAN,train,syn_CLUSTER_AWARE_GAN_r100_00686,True
timegan,1,,,-1,,1350.0,2700,1.0,0.9841688654353562,True,CLUSTER_AWARE_GAN,train,syn_CLUSTER_AWARE_GAN_r100_00687,True
timegan,1,,,-1,,340.0,680,1.0,0.9841688654353562,True,CLUSTER_AWARE_GAN,train,syn_CLUSTER_AWARE_GAN_r100_00688,True
timegan,1,,,-1,,235.0,470,1.0,0.9841688654353562,True,CLUSTER_AWARE_GAN,train,syn_CLUSTER_AWARE_GAN_r100_00689,True
timegan,1,,,-1,,120.0,240,1.0,0.9841688654353562,True,CLUSTER_AWARE_GAN,train,syn_CLUSTER_AWARE_GAN_r100_00690,True
timegan,1,,,-1,,170.0,340,1.0,0.9841688654353562,True,CLUSTER_AWARE_GAN,train,syn_CLUSTER_AWARE_GAN_r100_00691,True
timegan,1,,,-1,,2690.0,5380,1.0,0.9841688654353562,True,CLUSTER_AWARE_GAN,train,syn_CLUSTER_AWARE_GAN_r100_00692,True
timegan,1,,,-1,,140.0,280,1.0,0.9841688654353562,True,CLUSTER_AWARE_GAN,train,syn_CLUSTER_AWARE_GAN_r100_00693,True
timegan,1,,,-1,,1275.0,2550,1.0,0.9841688654353562,True,CLUSTER_AWARE_GAN,train,syn_CLUSTER_AWARE_GAN_r100_00694,True
timegan,1,,,-1,,380.0,760,1.0,0.9841688654353562,True,CLUSTER_AWARE_GAN,train,syn_CLUSTER_AWARE_GAN_r100_00695,True
timegan,1,,,-1,,1325.0,2650,1.0,0.9841688654353562,True,CLUSTER_AWARE_GAN,train,syn_CLUSTER_AWARE_GAN_r100_00696,True
timegan,1,,,-1,,220.0,440,1.0,0.9841688654353562,True,CLUSTER_AWARE_GAN,train,syn_CLUSTER_AWARE_GAN_r100_00697,True
timegan,1,,,-1,,275.0,550,1.0,0.9841688654353562,True,CLUSTER_AWARE_GAN,train,syn_CLUSTER_AWARE_GAN_r100_00698,True
timegan,1,,,-1,,198.5,397,1.0,0.9841688654353562,True,CLUSTER_AWARE_GAN,train,syn_CLUSTER_AWARE_GAN_r100_00699,True
timegan,1,,,-1,,335.0,670,1.0,0.9841688654353562,True,CLUSTER_AWARE_GAN,train,syn_CLUSTER_AWARE_GAN_r100_00700,True
timegan,1,,,-1,,135.0,270,1.0,0.9841688654353562,True,CLUSTER_AWARE_GAN,train,syn_CLUSTER_AWARE_GAN_r100_00701,True
timegan,1,,,-1,,320.0,640,1.0,0.9841688654353562,True,CLUSTER_AWARE_GAN,train,syn_CLUSTER_AWARE_GAN_r100_00702,True
timegan,1,,,-1,,1435.0,2870,1.0,0.9841688654353562,True,CLUSTER_AWARE_GAN,train,syn_CLUSTER_AWARE_GAN_r100_00703,True
timegan,1,,,-1,,300.0,600,1.0,0.9841688654353562,True,CLUSTER_AWARE_GAN,train,syn_CLUSTER_AWARE_GAN_r100_00704,True
timegan,1,,,-1,,205.0,410,1.0,0.9841688654353562,True,CLUSTER_AWARE_GAN,train,syn_CLUSTER_AWARE_GAN_r100_00705,True
timegan,1,,,-1,,855.0,1710,1.0,0.9841688654353562,True,CLUSTER_AWARE_GAN,train,syn_CLUSTER_AWARE_GAN_r100_00706,True
timegan,1,,,-1,,1115.0,2230,1.0,0.9841688654353562,True,CLUSTER_AWARE_GAN,train,syn_CLUSTER_AWARE_GAN_r100_00707,True
timegan,1,,,-1,,305.0,610,1.0,0.9841688654353562,True,CLUSTER_AWARE_GAN,train,syn_CLUSTER_AWARE_GAN_r100_00708,True
timegan,1,,,-1,,150.0,300,1.0,0.9841688654353562,True,CLUSTER_AWARE_GAN,train,syn_CLUSTER_AWARE_GAN_r100_00709,True
timegan,1,,,-1,,125.0,250,1.0,0.9841688654353562,True,CLUSTER_AWARE_GAN,train,syn_CLUSTER_AWARE_GAN_r100_00710,True
timegan,1,,,-1,,3542.0,7084,1.0,0.9841688654353562,True,CLUSTER_AWARE_GAN,train,syn_CLUSTER_AWARE_GAN_r100_00711,True
timegan,1,,,-1,,245.0,490,1.0,0.9841688654353562,True,CLUSTER_AWARE_GAN,train,syn_CLUSTER_AWARE_GAN_r100_00712,True
timegan,1,,,-1,,1540.0,3080,1.0,0.9841688654353562,True,CLUSTER_AWARE_GAN,train,syn_CLUSTER_AWARE_GAN_r100_00713,True
timegan,1,,,-1,,1910.0,3820,1.0,0.9841688654353562,True,CLUSTER_AWARE_GAN,train,syn_CLUSTER_AWARE_GAN_r100_00714,True
timegan,1,,,-1,,189.0,378,1.0,0.9841688654353562,True,CLUSTER_AWARE_GAN,train,syn_CLUSTER_AWARE_GAN_r100_00715,True
timegan,1,,,-1,,810.5,1621,1.0,0.9841688654353562,True,CLUSTER_AWARE_GAN,train,syn_CLUSTER_AWARE_GAN_r100_00716,True
timegan,1,,,-1,,415.0,830,1.0,0.9841688654353562,True,CLUSTER_AWARE_GAN,train,syn_CLUSTER_AWARE_GAN_r100_00717,True
timegan,1,,,-1,,340.0,680,1.0,0.9841688654353562,True,CLUSTER_AWARE_GAN,train,syn_CLUSTER_AWARE_GAN_r100_00718,True
timegan,1,,,-1,,135.0,270,1.0,0.9841688654353562,True,CLUSTER_AWARE_GAN,train,syn_CLUSTER_AWARE_GAN_r100_00719,True
timegan,1,,,-1,,125.0,250,1.0,0.9841688654353562,True,CLUSTER_AWARE_GAN,train,syn_CLUSTER_AWARE_GAN_r100_00720,True
timegan,1,,,-1,,140.0,280,1.0,0.9841688654353562,True,CLUSTER_AWARE_GAN,train,syn_CLUSTER_AWARE_GAN_r100_00721,True
timegan,1,,,-1,,325.0,650,1.0,0.9841688654353562,True,CLUSTER_AWARE_GAN,train,syn_CLUSTER_AWARE_GAN_r100_00722,True
timegan,1,,,-1,,3707.0,7414,1.0,0.9841688654353562,True,CLUSTER_AWARE_GAN,train,syn_CLUSTER_AWARE_GAN_r100_00723,True
timegan,1,,,-1,,385.0,770,1.0,0.9841688654353562,True,CLUSTER_AWARE_GAN,train,syn_CLUSTER_AWARE_GAN_r100_00724,True
timegan,1,,,-1,,200.0,400,1.0,0.9841688654353562,True,CLUSTER_AWARE_GAN,train,syn_CLUSTER_AWARE_GAN_r100_00725,True
timegan,1,,,-1,,125.0,250,1.0,0.9841688654353562,True,CLUSTER_AWARE_GAN,train,syn_CLUSTER_AWARE_GAN_r100_00726,True
timegan,1,,,-1,,155.0,310,1.0,0.9841688654353562,True,CLUSTER_AWARE_GAN,train,syn_CLUSTER_AWARE_GAN_r100_00727,True
timegan,1,,,-1,,175.0,350,1.0,0.9841688654353562,True,CLUSTER_AWARE_GAN,train,syn_CLUSTER_AWARE_GAN_r100_00728,True
timegan,1,,,-1,,415.0,830,1.0,0.9841688654353562,True,CLUSTER_AWARE_GAN,train,syn_CLUSTER_AWARE_GAN_r100_00729,True
timegan,1,,,-1,,600.0,1200,1.0,0.9841688654353562,True,CLUSTER_AWARE_GAN,train,syn_CLUSTER_AWARE_GAN_r100_00730,True
timegan,1,,,-1,,125.0,250,1.0,0.9841688654353562,True,CLUSTER_AWARE_GAN,train,syn_CLUSTER_AWARE_GAN_r100_00731,True
timegan,1,,,-1,,1015.0,2030,1.0,0.9841688654353562,True,CLUSTER_AWARE_GAN,train,syn_CLUSTER_AWARE_GAN_r100_00732,True
timegan,1,,,-1,,340.0,680,1.0,0.9841688654353562,True,CLUSTER_AWARE_GAN,train,syn_CLUSTER_AWARE_GAN_r100_00733,True
jitter,0,73_943,,73,,445.0,890,0.25,0.24931880108991825,True,GLOBAL_AUG,train,syn_GLOBAL_AUG_r25_00000,False
jitter,0,55_407,,55,,550.0,1100,0.25,0.24931880108991825,True,GLOBAL_AUG,train,syn_GLOBAL_AUG_r25_00001,False
jitter,0,63_675,,63,,210.0,420,0.25,0.24931880108991825,True,GLOBAL_AUG,train,syn_GLOBAL_AUG_r25_00002,False
jitter,1,32_137,,32,,730.0,1460,0.25,0.24931880108991825,True,GLOBAL_AUG,train,syn_GLOBAL_AUG_r25_00003,False
jitter,1,57_499,,57,,305.0,610,0.25,0.24931880108991825,True,GLOBAL_AUG,train,syn_GLOBAL_AUG_r25_00004,False
jitter,0,61_642,,61,,135.0,270,0.25,0.24931880108991825,True,GLOBAL_AUG,train,syn_GLOBAL_AUG_r25_00005,False
jitter,1,66_765,,66,,300.0,600,0.25,0.24931880108991825,True,GLOBAL_AUG,train,syn_GLOBAL_AUG_r25_00006,False
jitter,1,50_304,,50,,175.0,350,0.25,0.24931880108991825,True,GLOBAL_AUG,train,syn_GLOBAL_AUG_r25_00007,False
jitter,0,70_883,,70,,175.0,350,0.25,0.24931880108991825,True,GLOBAL_AUG,train,syn_GLOBAL_AUG_r25_00008,False
jitter,0,64_703,,64,,620.0,1240,0.25,0.24931880108991825,True,GLOBAL_AUG,train,syn_GLOBAL_AUG_r25_00009,False
jitter,0,68_827,,68,,410.0,820,0.25,0.24931880108991825,True,GLOBAL_AUG,train,syn_GLOBAL_AUG_r25_00010,False
jitter,0,55_419,,55,,310.0,620,0.25,0.24931880108991825,True,GLOBAL_AUG,train,syn_GLOBAL_AUG_r25_00011,False
jitter,1,76_1014,,76,,1115.0,2230,0.25,0.24931880108991825,True,GLOBAL_AUG,train,syn_GLOBAL_AUG_r25_00012,False
jitter,1,50_312,,50,,340.0,680,0.25,0.24931880108991825,True,GLOBAL_AUG,train,syn_GLOBAL_AUG_r25_00013,False
jitter,1,30_120,,30,,800.0,1600,0.25,0.24931880108991825,True,GLOBAL_AUG,train,syn_GLOBAL_AUG_r25_00014,False
jitter,0,53_346,,53,,135.0,270,0.25,0.24931880108991825,True,GLOBAL_AUG,train,syn_GLOBAL_AUG_r25_00015,False
jitter,0,55_422,,55,,318.5,637,0.25,0.24931880108991825,True,GLOBAL_AUG,train,syn_GLOBAL_AUG_r25_00016,False
jitter,1,29_108,,29,,1580.0,3160,0.25,0.24931880108991825,True,GLOBAL_AUG,train,syn_GLOBAL_AUG_r25_00017,False
jitter,1,41_165,,41,,410.0,820,0.25,0.24931880108991825,True,GLOBAL_AUG,train,syn_GLOBAL_AUG_r25_00018,False
jitter,1,79_1053,,79,,1090.0,2180,0.25,0.24931880108991825,True,GLOBAL_AUG,train,syn_GLOBAL_AUG_r25_00019,False
jitter,0,62_660,,62,,555.0,1110,0.25,0.24931880108991825,True,GLOBAL_AUG,train,syn_GLOBAL_AUG_r25_00020,False
jitter,1,48_249,,48,,245.0,490,0.25,0.24931880108991825,True,GLOBAL_AUG,train,syn_GLOBAL_AUG_r25_00021,False
jitter,0,52_344,,52,,300.0,600,0.25,0.24931880108991825,True,GLOBAL_AUG,train,syn_GLOBAL_AUG_r25_00022,False
jitter,1,5_12,,5,,3120.0,6240,0.25,0.24931880108991825,True,GLOBAL_AUG,train,syn_GLOBAL_AUG_r25_00023,False
jitter,0,72_922,,72,,2305.0,4610,0.25,0.24931880108991825,True,GLOBAL_AUG,train,syn_GLOBAL_AUG_r25_00024,False
jitter,0,74_968,,74,,255.0,510,0.25,0.24931880108991825,True,GLOBAL_AUG,train,syn_GLOBAL_AUG_r25_00025,False
jitter,0,73_927,,73,,205.0,410,0.25,0.24931880108991825,True,GLOBAL_AUG,train,syn_GLOBAL_AUG_r25_00026,False
jitter,1,76_1010,,76,,1200.0,2400,0.25,0.24931880108991825,True,GLOBAL_AUG,train,syn_GLOBAL_AUG_r25_00027,False
jitter,1,68_823,,68,,150.0,300,0.25,0.24931880108991825,True,GLOBAL_AUG,train,syn_GLOBAL_AUG_r25_00028,False
jitter,0,80_1094,,80,,220.0,440,0.25,0.24931880108991825,True,GLOBAL_AUG,train,syn_GLOBAL_AUG_r25_00029,False
jitter,1,57_493,,57,,470.0,940,0.25,0.24931880108991825,True,GLOBAL_AUG,train,syn_GLOBAL_AUG_r25_00030,False
jitter,1,70_875,,70,,290.0,580,0.25,0.24931880108991825,True,GLOBAL_AUG,train,syn_GLOBAL_AUG_r25_00031,False
jitter,1,57_504,,57,,125.0,250,0.25,0.24931880108991825,True,GLOBAL_AUG,train,syn_GLOBAL_AUG_r25_00032,False
jitter,0,51_334,,51,,320.0,640,0.25,0.24931880108991825,True,GLOBAL_AUG,train,syn_GLOBAL_AUG_r25_00033,False
jitter,0,74_975,,74,,240.0,480,0.25,0.24931880108991825,True,GLOBAL_AUG,train,syn_GLOBAL_AUG_r25_00034,False
jitter,0,53_362,,53,,685.0,1370,0.25,0.24931880108991825,True,GLOBAL_AUG,train,syn_GLOBAL_AUG_r25_00035,False
jitter,0,74_954,,74,,125.0,250,0.25,0.24931880108991825,True,GLOBAL_AUG,train,syn_GLOBAL_AUG_r25_00036,False
jitter,1,48_253,,48,,120.0,240,0.25,0.24931880108991825,True,GLOBAL_AUG,train,syn_GLOBAL_AUG_r25_00037,False
jitter,1,55_410,,55,,165.0,330,0.25,0.24931880108991825,True,GLOBAL_AUG,train,syn_GLOBAL_AUG_r25_00038,False
jitter,0,51_332,,51,,320.0,640,0.25,0.24931880108991825,True,GLOBAL_AUG,train,syn_GLOBAL_AUG_r25_00039,False
jitter,1,57_495,,57,,125.0,250,0.25,0.24931880108991825,True,GLOBAL_AUG,train,syn_GLOBAL_AUG_r25_00040,False
jitter,0,70_868,,70,,225.0,450,0.25,0.24931880108991825,True,GLOBAL_AUG,train,syn_GLOBAL_AUG_r25_00041,False
jitter,0,68_826,,68,,205.0,410,0.25,0.24931880108991825,True,GLOBAL_AUG,train,syn_GLOBAL_AUG_r25_00042,False
jitter,1,49_296,,49,,290.0,580,0.25,0.24931880108991825,True,GLOBAL_AUG,train,syn_GLOBAL_AUG_r25_00043,False
jitter,0,76_1005,,76,,220.0,440,0.25,0.24931880108991825,True,GLOBAL_AUG,train,syn_GLOBAL_AUG_r25_00044,False
jitter,1,50_309,,50,,180.0,360,0.25,0.24931880108991825,True,GLOBAL_AUG,train,syn_GLOBAL_AUG_r25_00045,False
jitter,0,70_872,,70,,680.0,1360,0.25,0.24931880108991825,True,GLOBAL_AUG,train,syn_GLOBAL_AUG_r25_00046,False
jitter,1,66_779,,66,,240.0,480,0.25,0.24931880108991825,True,GLOBAL_AUG,train,syn_GLOBAL_AUG_r25_00047,False
jitter,0,53_386,,53,,470.0,940,0.25,0.24931880108991825,True,GLOBAL_AUG,train,syn_GLOBAL_AUG_r25_00048,False
jitter,1,42_170,,42,,440.0,880,0.25,0.24931880108991825,True,GLOBAL_AUG,train,syn_GLOBAL_AUG_r25_00049,False
jitter,0,72_915,,72,,445.0,890,0.25,0.24931880108991825,True,GLOBAL_AUG,train,syn_GLOBAL_AUG_r25_00050,False
jitter,1,62_671,,62,,180.0,360,0.25,0.24931880108991825,True,GLOBAL_AUG,train,syn_GLOBAL_AUG_r25_00051,False
jitter,1,32_129,,32,,710.0,1420,0.25,0.24931880108991825,True,GLOBAL_AUG,train,syn_GLOBAL_AUG_r25_00052,False
jitter,0,74_957,,74,,235.0,470,0.25,0.24931880108991825,True,GLOBAL_AUG,train,syn_GLOBAL_AUG_r25_00053,False
jitter,1,48_248,,48,,250.0,500,0.25,0.24931880108991825,True,GLOBAL_AUG,train,syn_GLOBAL_AUG_r25_00054,False
jitter,1,30_119,,30,,1660.0,3320,0.25,0.24931880108991825,True,GLOBAL_AUG,train,syn_GLOBAL_AUG_r25_00055,False
jitter,0,68_822,,68,,760.0,1520,0.25,0.24931880108991825,True,GLOBAL_AUG,train,syn_GLOBAL_AUG_r25_00056,False
jitter,1,30_116,,30,,1895.0,3790,0.25,0.24931880108991825,True,GLOBAL_AUG,train,syn_GLOBAL_AUG_r25_00057,False
jitter,0,76_1020,,76,,205.0,410,0.25,0.24931880108991825,True,GLOBAL_AUG,train,syn_GLOBAL_AUG_r25_00058,False
jitter,0,62_668,,62,,330.0,660,0.25,0.24931880108991825,True,GLOBAL_AUG,train,syn_GLOBAL_AUG_r25_00059,False
jitter,1,48_274,,48,,135.0,270,0.25,0.24931880108991825,True,GLOBAL_AUG,train,syn_GLOBAL_AUG_r25_00060,False
jitter,0,51_326,,51,,275.0,550,0.25,0.24931880108991825,True,GLOBAL_AUG,train,syn_GLOBAL_AUG_r25_00061,False
jitter,0,68_831,,68,,240.0,480,0.25,0.24931880108991825,True,GLOBAL_AUG,train,syn_GLOBAL_AUG_r25_00062,False
jitter,0,76_1015,,76,,200.0,400,0.25,0.24931880108991825,True,GLOBAL_AUG,train,syn_GLOBAL_AUG_r25_00063,False
jitter,1,79_1056,,79,,120.0,240,0.25,0.24931880108991825,True,GLOBAL_AUG,train,syn_GLOBAL_AUG_r25_00064,False
jitter,1,41_166,,41,,740.0,1480,0.25,0.24931880108991825,True,GLOBAL_AUG,train,syn_GLOBAL_AUG_r25_00065,False
jitter,0,74_972,,74,,325.0,650,0.25,0.24931880108991825,True,GLOBAL_AUG,train,syn_GLOBAL_AUG_r25_00066,False
jitter,0,47_227,,47,,350.0,700,0.25,0.24931880108991825,True,GLOBAL_AUG,train,syn_GLOBAL_AUG_r25_00067,False
jitter,0,64_699,,64,,210.0,420,0.25,0.24931880108991825,True,GLOBAL_AUG,train,syn_GLOBAL_AUG_r25_00068,False
jitter,0,53_381,,53,,165.0,330,0.25,0.24931880108991825,True,GLOBAL_AUG,train,syn_GLOBAL_AUG_r25_00069,False
jitter,0,79_1066,,79,,300.0,600,0.25,0.24931880108991825,True,GLOBAL_AUG,train,syn_GLOBAL_AUG_r25_00070,False
jitter,0,53_361,,53,,1110.0,2220,0.25,0.24931880108991825,True,GLOBAL_AUG,train,syn_GLOBAL_AUG_r25_00071,False
jitter,0,60_631,,60,,475.0,950,0.25,0.24931880108991825,True,GLOBAL_AUG,train,syn_GLOBAL_AUG_r25_00072,False
jitter,0,68_833,,68,,120.0,240,0.25,0.24931880108991825,True,GLOBAL_AUG,train,syn_GLOBAL_AUG_r25_00073,False
jitter,1,41_159,,41,,525.0,1050,0.25,0.24931880108991825,True,GLOBAL_AUG,train,syn_GLOBAL_AUG_r25_00074,False
jitter,0,68_821,,68,,270.0,540,0.25,0.24931880108991825,True,GLOBAL_AUG,train,syn_GLOBAL_AUG_r25_00075,False
jitter,1,32_137,,32,,730.0,1460,0.25,0.24931880108991825,True,GLOBAL_AUG,train,syn_GLOBAL_AUG_r25_00076,False
jitter,0,70_882,,70,,685.0,1370,0.25,0.24931880108991825,True,GLOBAL_AUG,train,syn_GLOBAL_AUG_r25_00077,False
jitter,0,66_756,,66,,700.0,1400,0.25,0.24931880108991825,True,GLOBAL_AUG,train,syn_GLOBAL_AUG_r25_00078,False
jitter,1,21_80,,21,,5315.5,10631,0.25,0.24931880108991825,True,GLOBAL_AUG,train,syn_GLOBAL_AUG_r25_00079,False
jitter,1,8_26,,8,,4880.0,9760,0.25,0.24931880108991825,True,GLOBAL_AUG,train,syn_GLOBAL_AUG_r25_00080,False
jitter,1,51_327,,51,,125.0,250,0.25,0.24931880108991825,True,GLOBAL_AUG,train,syn_GLOBAL_AUG_r25_00081,False
jitter,0,60_633,,60,,405.0,810,0.25,0.24931880108991825,True,GLOBAL_AUG,train,syn_GLOBAL_AUG_r25_00082,False
jitter,1,50_317,,50,,160.0,320,0.25,0.24931880108991825,True,GLOBAL_AUG,train,syn_GLOBAL_AUG_r25_00083,False
jitter,0,66_762,,66,,835.0,1670,0.25,0.24931880108991825,True,GLOBAL_AUG,train,syn_GLOBAL_AUG_r25_00084,False
jitter,1,66_775,,66,,365.0,730,0.25,0.24931880108991825,True,GLOBAL_AUG,train,syn_GLOBAL_AUG_r25_00085,False
jitter,0,53_382,,53,,205.0,410,0.25,0.24931880108991825,True,GLOBAL_AUG,train,syn_GLOBAL_AUG_r25_00086,False
jitter,0,80_1083,,80,,450.0,900,0.25,0.24931880108991825,True,GLOBAL_AUG,train,syn_GLOBAL_AUG_r25_00087,False
jitter,0,68_842,,68,,1095.0,2190,0.25,0.24931880108991825,True,GLOBAL_AUG,train,syn_GLOBAL_AUG_r25_00088,False
jitter,0,53_380,,53,,215.0,430,0.25,0.24931880108991825,True,GLOBAL_AUG,train,syn_GLOBAL_AUG_r25_00089,False
jitter,1,63_684,,63,,125.0,250,0.25,0.24931880108991825,True,GLOBAL_AUG,train,syn_GLOBAL_AUG_r25_00090,False
interpolation,1,50_318,53_359,50,0.2911970615386963,176.5915298461914,580,0.25,0.24931880108991825,True,GLOBAL_AUG,train,syn_GLOBAL_AUG_r25_00091,False
interpolation,1,31_127,24_84,31,0.25492724776268005,2481.809896275401,1277,0.25,0.24931880108991825,True,GLOBAL_AUG,train,syn_GLOBAL_AUG_r25_00092,False
interpolation,1,57_498,55_418,57,0.569061279296875,160.60775756835938,360,0.25,0.24931880108991825,True,GLOBAL_AUG,train,syn_GLOBAL_AUG_r25_00093,False
interpolation,0,62_667,48_253,62,0.40990322828292847,134.3466129899025,310,0.25,0.24931880108991825,True,GLOBAL_AUG,train,syn_GLOBAL_AUG_r25_00094,False
interpolation,0,53_367,63_690,53,0.35570526123046875,147.11410522460938,320,0.25,0.24931880108991825,True,GLOBAL_AUG,train,syn_GLOBAL_AUG_r25_00095,False
interpolation,1,41_160,63_697,41,0.2818245589733124,263.1824488937855,670,0.25,0.24931880108991825,True,GLOBAL_AUG,train,syn_GLOBAL_AUG_r25_00096,False
interpolation,1,66_783,66_784,66,0.6065889000892639,216.96705549955368,430,0.25,0.24931880108991825,True,GLOBAL_AUG,train,syn_GLOBAL_AUG_r25_00097,False
interpolation,1,15_52,42_170,15,0.6222172975540161,2659.4491003751755,8014,0.25,0.24931880108991825,True,GLOBAL_AUG,train,syn_GLOBAL_AUG_r25_00098,False
interpolation,0,55_415,50_307,55,0.29594042897224426,408.0663087964058,1140,0.25,0.24931880108991825,True,GLOBAL_AUG,train,syn_GLOBAL_AUG_r25_00099,False
interpolation,1,48_243,48_239,48,0.6582152843475342,256.0800325870514,290,0.25,0.24931880108991825,True,GLOBAL_AUG,train,syn_GLOBAL_AUG_r25_00100,False
interpolation,0,66_776,66_759,66,0.47965767979621887,140.20342752337456,270,0.25,0.24931880108991825,True,GLOBAL_AUG,train,syn_GLOBAL_AUG_r25_00101,False
interpolation,1,16_53,13_47,16,0.46107959747314453,8374.306678771973,13860,0.25,0.24931880108991825,True,GLOBAL_AUG,train,syn_GLOBAL_AUG_r25_00102,False
interpolation,0,53_382,51_332,53,0.7401902079582214,234.87812608480453,410,0.25,0.24931880108991825,True,GLOBAL_AUG,train,syn_GLOBAL_AUG_r25_00103,False
interpolation,0,70_885,48_280,70,0.5041195750236511,560.9833380281925,1780,0.25,0.24931880108991825,True,GLOBAL_AUG,train,syn_GLOBAL_AUG_r25_00104,False
interpolation,1,41_156,48_250,41,0.7160467505455017,381.0488826036453,870,0.25,0.24931880108991825,True,GLOBAL_AUG,train,syn_GLOBAL_AUG_r25_00105,False
interpolation,1,41_167,29_111,41,0.6207472085952759,1056.7261523008347,2140,0.25,0.24931880108991825,True,GLOBAL_AUG,train,syn_GLOBAL_AUG_r25_00106,False
interpolation,1,66_787,57_513,66,0.4593427777290344,271.64787501096725,300,0.25,0.24931880108991825,True,GLOBAL_AUG,train,syn_GLOBAL_AUG_r25_00107,False
interpolation,0,51_335,48_254,51,0.43402227759361267,168.2114438712597,410,0.25,0.24931880108991825,True,GLOBAL_AUG,train,syn_GLOBAL_AUG_r25_00108,False
interpolation,1,13_47,27_88,13,0.6602097749710083,6665.717700123787,19220,0.25,0.24931880108991825,True,GLOBAL_AUG,train,syn_GLOBAL_AUG_r25_00109,False
interpolation,0,74_965,50_308,74,0.2511369585990906,199.0399244427681,780,0.25,0.24931880108991825,True,GLOBAL_AUG,train,syn_GLOBAL_AUG_r25_00110,False
interpolation,0,47_230,41_161,47,0.5698599815368652,239.99808502197266,246,0.25,0.24931880108991825,True,GLOBAL_AUG,train,syn_GLOBAL_AUG_r25_00111,False
interpolation,1,36_140,36_144,36,0.5163018703460693,368.3966028690338,790,0.25,0.24931880108991825,True,GLOBAL_AUG,train,syn_GLOBAL_AUG_r25_00112,False
interpolation,1,4_6,27_100,4,0.49882009625434875,1048.6858494579792,1090,0.25,0.24931880108991825,True,GLOBAL_AUG,train,syn_GLOBAL_AUG_r25_00113,False
interpolation,1,48_257,49_286,48,0.3237232267856598,156.0420137643814,400,0.25,0.24931880108991825,True,GLOBAL_AUG,train,syn_GLOBAL_AUG_r25_00114,False
interpolation,1,79_1064,27_101,79,0.44699227809906006,1536.4646890759468,1900,0.25,0.24931880108991825,True,GLOBAL_AUG,train,syn_GLOBAL_AUG_r25_00115,False
interpolation,0,76_1015,49_286,76,0.6037506461143494,174.2437919974327,400,0.25,0.24931880108991825,True,GLOBAL_AUG,train,syn_GLOBAL_AUG_r25_00116,False
interpolation,0,73_931,79_1046,73,0.25361600518226624,279.38280791044235,820,0.25,0.24931880108991825,True,GLOBAL_AUG,train,syn_GLOBAL_AUG_r25_00117,False
interpolation,1,57_502,48_280,57,0.7238985896110535,178.36074379086494,320,0.25,0.24931880108991825,True,GLOBAL_AUG,train,syn_GLOBAL_AUG_r25_00118,False
interpolation,1,57_521,79_1050,57,0.2572830319404602,216.69886648654938,270,0.25,0.24931880108991825,True,GLOBAL_AUG,train,syn_GLOBAL_AUG_r25_00119,False
interpolation,1,36_139,36_145,36,0.6960954070091248,1388.318904042244,2260,0.25,0.24931880108991825,True,GLOBAL_AUG,train,syn_GLOBAL_AUG_r25_00120,False
interpolation,1,49_302,48_271,49,0.3689368665218353,202.22391429543495,566,0.25,0.24931880108991825,True,GLOBAL_AUG,train,syn_GLOBAL_AUG_r25_00121,False
interpolation,1,66_768,66_769,66,0.56003338098526,156.8010014295578,340,0.25,0.24931880108991825,True,GLOBAL_AUG,train,syn_GLOBAL_AUG_r25_00122,False
interpolation,1,13_48,16_54,13,0.29979586601257324,4876.639434695244,16686,0.25,0.24931880108991825,True,GLOBAL_AUG,train,syn_GLOBAL_AUG_r25_00123,False
interpolation,1,50_313,48_239,50,0.4218968451023102,425.70084527134895,730,0.25,0.24931880108991825,True,GLOBAL_AUG,train,syn_GLOBAL_AUG_r25_00124,False
interpolation,1,50_312,49_290,50,0.7266944646835327,340.0,680,0.25,0.24931880108991825,True,GLOBAL_AUG,train,syn_GLOBAL_AUG_r25_00125,False
interpolation,1,42_179,48_266,42,0.5312699675559998,390.3222841024399,1240,0.25,0.24931880108991825,True,GLOBAL_AUG,train,syn_GLOBAL_AUG_r25_00126,False
interpolation,0,68_827,66_781,68,0.6020256280899048,410.0,820,0.25,0.24931880108991825,True,GLOBAL_AUG,train,syn_GLOBAL_AUG_r25_00127,False
interpolation,1,50_310,50_313,50,0.6423454284667969,348.9413642883301,680,0.25,0.24931880108991825,True,GLOBAL_AUG,train,syn_GLOBAL_AUG_r25_00128,False
interpolation,0,80_1097,73_951,80,0.43821635842323303,223.20380464196205,570,0.25,0.24931880108991825,True,GLOBAL_AUG,train,syn_GLOBAL_AUG_r25_00129,False
interpolation,0,79_1070,42_174,79,0.6483919620513916,334.15929555892944,380,0.25,0.24931880108991825,True,GLOBAL_AUG,train,syn_GLOBAL_AUG_r25_00130,False
interpolation,1,48_262,48_266,48,0.2619413137435913,152.26501166820526,430,0.25,0.24931880108991825,True,GLOBAL_AUG,train,syn_GLOBAL_AUG_r25_00131,False
interpolation,1,27_99,23_81,27,0.601524829864502,2391.17782831192,3830,0.25,0.24931880108991825,True,GLOBAL_AUG,train,syn_GLOBAL_AUG_r25_00132,False
interpolation,1,50_323,50_324,50,0.4066088795661926,233.02437633275986,650,0.25,0.24931880108991825,True,GLOBAL_AUG,train,syn_GLOBAL_AUG_r25_00133,False
interpolation,0,70_874,72_913,70,0.5952997207641602,213.6944818496704,480,0.25,0.24931880108991825,True,GLOBAL_AUG,train,syn_GLOBAL_AUG_r25_00134,False
interpolation,0,80_1084,49_296,80,0.443949431180954,547.4906614422798,1740,0.25,0.24931880108991825,True,GLOBAL_AUG,train,syn_GLOBAL_AUG_r25_00135,False
interpolation,0,53_383,49_292,53,0.7453291416168213,348.9724111557007,810,0.25,0.24931880108991825,True,GLOBAL_AUG,train,syn_GLOBAL_AUG_r25_00136,False
interpolation,0,53_378,48_238,53,0.4589075744152069,723.1546288728714,2680,0.25,0.24931880108991825,True,GLOBAL_AUG,train,syn_GLOBAL_AUG_r25_00137,False
interpolation,0,60_623,49_292,60,0.2639830410480499,170.4809382557869,260,0.25,0.24931880108991825,True,GLOBAL_AUG,train,syn_GLOBAL_AUG_r25_00138,False
interpolation,0,80_1078,48_246,80,0.501237690448761,147.53094226121902,320,0.25,0.24931880108991825,True,GLOBAL_AUG,train,syn_GLOBAL_AUG_r25_00139,False
interpolation,0,79_1051,57_519,79,0.3754112422466278,151.90995201468468,410,0.25,0.24931880108991825,True,GLOBAL_AUG,train,syn_GLOBAL_AUG_r25_00140,False
interpolation,0,79_1042,60_618,79,0.5376656651496887,220.1551952958107,260,0.25,0.24931880108991825,True,GLOBAL_AUG,train,syn_GLOBAL_AUG_r25_00141,False
interpolation,1,50_308,48_250,50,0.2974157929420471,212.28426277637482,270,0.25,0.24931880108991825,True,GLOBAL_AUG,train,syn_GLOBAL_AUG_r25_00142,False
interpolation,1,57_516,48_256,57,0.4627583622932434,146.86208188533783,240,0.25,0.24931880108991825,True,GLOBAL_AUG,train,syn_GLOBAL_AUG_r25_00143,False
interpolation,0,63_677,64_701,63,0.6510587334632874,510.0,1020,0.25,0.24931880108991825,True,GLOBAL_AUG,train,syn_GLOBAL_AUG_r25_00144,False
interpolation,1,10_30,30_116,10,0.4126138687133789,1174.9887990951538,300,0.25,0.24931880108991825,True,GLOBAL_AUG,train,syn_GLOBAL_AUG_r25_00145,False
interpolation,0,55_409,53_372,55,0.6819700002670288,164.32805001735687,370,0.25,0.24931880108991825,True,GLOBAL_AUG,train,syn_GLOBAL_AUG_r25_00146,False
interpolation,0,61_642,66_788,61,0.2909019887447357,163.36391523480415,270,0.25,0.24931880108991825,True,GLOBAL_AUG,train,syn_GLOBAL_AUG_r25_00147,False
interpolation,0,76_1003,32_135,76,0.4149720370769501,728.5999940335751,410,0.25,0.24931880108991825,True,GLOBAL_AUG,train,syn_GLOBAL_AUG_r25_00148,False
interpolation,1,49_299,49_298,49,0.4098305404186249,250.90168699622154,490,0.25,0.24931880108991825,True,GLOBAL_AUG,train,syn_GLOBAL_AUG_r25_00149,False
interpolation,1,49_298,48_279,49,0.7355260252952576,231.19734227657318,510,0.25,0.24931880108991825,True,GLOBAL_AUG,train,syn_GLOBAL_AUG_r25_00150,False
interpolation,0,61_642,66_791,61,0.4022115170955658,383.0822040140629,270,0.25,0.24931880108991825,True,GLOBAL_AUG,train,syn_GLOBAL_AUG_r25_00151,False
interpolation,0,55_408,55_410,55,0.6790518760681152,209.1383719444275,460,0.25,0.24931880108991825,True,GLOBAL_AUG,train,syn_GLOBAL_AUG_r25_00152,False
interpolation,0,80_1078,48_237,80,0.447238564491272,176.58284306526184,320,0.25,0.24931880108991825,True,GLOBAL_AUG,train,syn_GLOBAL_AUG_r25_00153,False
interpolation,0,70_881,68_820,70,0.47277548909187317,196.18857234716415,540,0.25,0.24931880108991825,True,GLOBAL_AUG,train,syn_GLOBAL_AUG_r25_00154,False
interpolation,0,73_933,42_172,73,0.28278571367263794,479.91857171058655,300,0.25,0.24931880108991825,True,GLOBAL_AUG,train,syn_GLOBAL_AUG_r25_00155,False
interpolation,0,60_625,60_634,60,0.5350857377052307,213.241369754076,360,0.25,0.24931880108991825,True,GLOBAL_AUG,train,syn_GLOBAL_AUG_r25_00156,False
interpolation,1,15_52,42_170,15,0.47869619727134705,2147.509322553873,8014,0.25,0.24931880108991825,True,GLOBAL_AUG,train,syn_GLOBAL_AUG_r25_00157,False
interpolation,0,76_1003,42_171,76,0.7058922052383423,181.47137641906738,410,0.25,0.24931880108991825,True,GLOBAL_AUG,train,syn_GLOBAL_AUG_r25_00158,False
interpolation,0,66_761,46_224,66,0.5089299082756042,284.5084807276726,240,0.25,0.24931880108991825,True,GLOBAL_AUG,train,syn_GLOBAL_AUG_r25_00159,False
interpolation,0,66_756,57_516,66,0.4864846467971802,402.1610951423645,1400,0.25,0.24931880108991825,True,GLOBAL_AUG,train,syn_GLOBAL_AUG_r25_00160,False
interpolation,1,8_27,4_7,8,0.5206245183944702,4748.494313657284,8997,0.25,0.24931880108991825,True,GLOBAL_AUG,train,syn_GLOBAL_AUG_r25_00161,False
interpolation,1,57_515,50_312,57,0.6569569110870361,195.46947956085205,240,0.25,0.24931880108991825,True,GLOBAL_AUG,train,syn_GLOBAL_AUG_r25_00162,False
interpolation,1,48_280,48_261,48,0.4563983678817749,220.2485812306404,453,0.25,0.24931880108991825,True,GLOBAL_AUG,train,syn_GLOBAL_AUG_r25_00163,False
interpolation,1,76_1018,79_1060,76,0.41972899436950684,1004.2552840709686,2200,0.25,0.24931880108991825,True,GLOBAL_AUG,train,syn_GLOBAL_AUG_r25_00164,False
interpolation,1,29_103,24_84,29,0.571487545967102,1762.3606726527214,1500,0.25,0.24931880108991825,True,GLOBAL_AUG,train,syn_GLOBAL_AUG_r25_00165,False
interpolation,1,66_771,74_960,66,0.6183813214302063,239.08093392848969,440,0.25,0.24931880108991825,True,GLOBAL_AUG,train,syn_GLOBAL_AUG_r25_00166,False
interpolation,0,53_379,48_279,53,0.5257455110549927,320.09492576122284,920,0.25,0.24931880108991825,True,GLOBAL_AUG,train,syn_GLOBAL_AUG_r25_00167,False
interpolation,1,48_249,48_245,48,0.7007367014884949,207.59208768606186,490,0.25,0.24931880108991825,True,GLOBAL_AUG,train,syn_GLOBAL_AUG_r25_00168,False
interpolation,1,4_9,63_685,4,0.5490173101425171,503.1358188390732,1570,0.25,0.24931880108991825,True,GLOBAL_AUG,train,syn_GLOBAL_AUG_r25_00169,False
interpolation,1,48_235,48_258,48,0.7388237118721008,204.9647268652916,470,0.25,0.24931880108991825,True,GLOBAL_AUG,train,syn_GLOBAL_AUG_r25_00170,False
interpolation,0,61_650,66_778,61,0.7474161982536316,328.42702478170395,720,0.25,0.24931880108991825,True,GLOBAL_AUG,train,syn_GLOBAL_AUG_r25_00171,False
interpolation,1,76_1010,66_792,76,0.5597019791603088,1150.6866216659546,2400,0.25,0.24931880108991825,True,GLOBAL_AUG,train,syn_GLOBAL_AUG_r25_00172,False
interpolation,1,66_763,79_1069,66,0.35950595140457153,3235.114666521549,14470,0.25,0.24931880108991825,True,GLOBAL_AUG,train,syn_GLOBAL_AUG_r25_00173,False
interpolation,1,48_271,49_302,48,0.35988593101501465,236.93460083007812,310,0.25,0.24931880108991825,True,GLOBAL_AUG,train,syn_GLOBAL_AUG_r25_00174,False
interpolation,1,4_8,8_26,4,0.433796226978302,3895.2825647592545,5220,0.25,0.24931880108991825,True,GLOBAL_AUG,train,syn_GLOBAL_AUG_r25_00175,False
interpolation,0,53_362,50_317,53,0.7283803820610046,542.3997005820274,1370,0.25,0.24931880108991825,True,GLOBAL_AUG,train,syn_GLOBAL_AUG_r25_00176,False
interpolation,1,49_290,50_312,49,0.5926618576049805,340.0,680,0.25,0.24931880108991825,True,GLOBAL_AUG,train,syn_GLOBAL_AUG_r25_00177,False
interpolation,0,61_642,74_956,61,0.39878126978874207,240.2132685482502,270,0.25,0.24931880108991825,True,GLOBAL_AUG,train,syn_GLOBAL_AUG_r25_00178,False
interpolation,1,27_97,57_509,27,0.4762134552001953,1178.3783721923828,4410,0.25,0.24931880108991825,True,GLOBAL_AUG,train,syn_GLOBAL_AUG_r25_00179,False
interpolation,0,68_817,66_757,68,0.7265843152999878,413.48147094249725,950,0.25,0.24931880108991825,True,GLOBAL_AUG,train,syn_GLOBAL_AUG_r25_00180,False
interpolation,0,79_1065,4_10,79,0.5962758660316467,727.543443441391,470,0.25,0.24931880108991825,True,GLOBAL_AUG,train,syn_GLOBAL_AUG_r25_00181,False
interpolation,0,63_679,66_758,63,0.3424226939678192,478.62086713314056,1240,0.25,0.24931880108991825,True,GLOBAL_AUG,train,syn_GLOBAL_AUG_r25_00182,False
jitter,1,57_502,,57,,160.0,320,0.5,0.4986376021798365,True,GLOBAL_AUG,train,syn_GLOBAL_AUG_r50_00000,False
jitter,0,64_706,,64,,180.0,360,0.5,0.4986376021798365,True,GLOBAL_AUG,train,syn_GLOBAL_AUG_r50_00001,False
jitter,0,80_1088,,80,,600.0,1200,0.5,0.4986376021798365,True,GLOBAL_AUG,train,syn_GLOBAL_AUG_r50_00002,False
jitter,1,27_99,,27,,1915.0,3830,0.5,0.4986376021798365,True,GLOBAL_AUG,train,syn_GLOBAL_AUG_r50_00003,False
jitter,0,60_624,,60,,405.0,810,0.5,0.4986376021798365,True,GLOBAL_AUG,train,syn_GLOBAL_AUG_r50_00004,False
jitter,0,52_343,,52,,225.0,450,0.5,0.4986376021798365,True,GLOBAL_AUG,train,syn_GLOBAL_AUG_r50_00005,False
jitter,0,53_382,,53,,205.0,410,0.5,0.4986376021798365,True,GLOBAL_AUG,train,syn_GLOBAL_AUG_r50_00006,False
jitter,0,51_330,,51,,185.0,370,0.5,0.4986376021798365,True,GLOBAL_AUG,train,syn_GLOBAL_AUG_r50_00007,False
jitter,0,66_777,,66,,395.0,790,0.5,0.4986376021798365,True,GLOBAL_AUG,train,syn_GLOBAL_AUG_r50_00008,False
jitter,0,11_43,,11,,3545.0,7090,0.5,0.4986376021798365,True,GLOBAL_AUG,train,syn_GLOBAL_AUG_r50_00009,False
jitter,0,68_838,,68,,230.0,460,0.5,0.4986376021798365,True,GLOBAL_AUG,train,syn_GLOBAL_AUG_r50_00010,False
jitter,0,76_1013,,76,,440.0,880,0.5,0.4986376021798365,True,GLOBAL_AUG,train,syn_GLOBAL_AUG_r50_00011,False
jitter,1,48_270,,48,,225.0,450,0.5,0.4986376021798365,True,GLOBAL_AUG,train,syn_GLOBAL_AUG_r50_00012,False
jitter,1,10_41,,10,,4333.0,8666,0.5,0.4986376021798365,True,GLOBAL_AUG,train,syn_GLOBAL_AUG_r50_00013,False
jitter,1,66_781,,66,,410.0,820,0.5,0.4986376021798365,True,GLOBAL_AUG,train,syn_GLOBAL_AUG_r50_00014,False
jitter,1,4_6,,4,,545.0,1090,0.5,0.4986376021798365,True,GLOBAL_AUG,train,syn_GLOBAL_AUG_r50_00015,False
jitter,0,60_634,,60,,251.5,503,0.5,0.4986376021798365,True,GLOBAL_AUG,train,syn_GLOBAL_AUG_r50_00016,False
jitter,1,66_780,,66,,180.0,360,0.5,0.4986376021798365,True,GLOBAL_AUG,train,syn_GLOBAL_AUG_r50_00017,False
jitter,1,7_24,,7,,6025.0,12050,0.5,0.4986376021798365,True,GLOBAL_AUG,train,syn_GLOBAL_AUG_r50_00018,False
jitter,1,13_48,,13,,8343.0,16686,0.5,0.4986376021798365,True,GLOBAL_AUG,train,syn_GLOBAL_AUG_r50_00019,False
jitter,1,49_286,,49,,135.0,270,0.5,0.4986376021798365,True,GLOBAL_AUG,train,syn_GLOBAL_AUG_r50_00020,False
jitter,1,41_155,,41,,430.0,860,0.5,0.4986376021798365,True,GLOBAL_AUG,train,syn_GLOBAL_AUG_r50_00021,False
jitter,0,53_346,,53,,135.0,270,0.5,0.4986376021798365,True,GLOBAL_AUG,train,syn_GLOBAL_AUG_r50_00022,False
jitter,1,48_233,,48,,445.0,890,0.5,0.4986376021798365,True,GLOBAL_AUG,train,syn_GLOBAL_AUG_r50_00023,False
jitter,0,74_954,,74,,125.0,250,0.5,0.4986376021798365,True,GLOBAL_AUG,train,syn_GLOBAL_AUG_r50_00024,False
jitter,1,60_629,,60,,120.0,240,0.5,0.4986376021798365,True,GLOBAL_AUG,train,syn_GLOBAL_AUG_r50_00025,False
jitter,1,63_693,,63,,135.0,270,0.5,0.4986376021798365,True,GLOBAL_AUG,train,syn_GLOBAL_AUG_r50_00026,False
jitter,0,55_415,,55,,570.0,1140,0.5,0.4986376021798365,True,GLOBAL_AUG,train,syn_GLOBAL_AUG_r50_00027,False
jitter,0,73_932,,73,,265.0,530,0.5,0.4986376021798365,True,GLOBAL_AUG,train,syn_GLOBAL_AUG_r50_00028,False
jitter,1,57_510,,57,,220.0,440,0.5,0.4986376021798365,True,GLOBAL_AUG,train,syn_GLOBAL_AUG_r50_00029,False
jitter,0,79_1041,,79,,445.0,890,0.5,0.4986376021798365,True,GLOBAL_AUG,train,syn_GLOBAL_AUG_r50_00030,False
jitter,0,68_830,,68,,350.0,700,0.5,0.4986376021798365,True,GLOBAL_AUG,train,syn_GLOBAL_AUG_r50_00031,False
jitter,1,48_244,,48,,395.0,790,0.5,0.4986376021798365,True,GLOBAL_AUG,train,syn_GLOBAL_AUG_r50_00032,False
jitter,1,50_324,,50,,170.0,340,0.5,0.4986376021798365,True,GLOBAL_AUG,train,syn_GLOBAL_AUG_r50_00033,False
jitter,0,81_1115,,81,,210.0,420,0.5,0.4986376021798365,True,GLOBAL_AUG,train,syn_GLOBAL_AUG_r50_00034,False
jitter,1,10_36,,10,,855.0,1710,0.5,0.4986376021798365,True,GLOBAL_AUG,train,syn_GLOBAL_AUG_r50_00035,False
jitter,1,36_151,,36,,249.5,499,0.5,0.4986376021798365,True,GLOBAL_AUG,train,syn_GLOBAL_AUG_r50_00036,False
jitter,0,60_634,,60,,251.5,503,0.5,0.4986376021798365,True,GLOBAL_AUG,train,syn_GLOBAL_AUG_r50_00037,False
jitter,1,66_783,,66,,215.0,430,0.5,0.4986376021798365,True,GLOBAL_AUG,train,syn_GLOBAL_AUG_r50_00038,False
jitter,0,53_380,,53,,215.0,430,0.5,0.4986376021798365,True,GLOBAL_AUG,train,syn_GLOBAL_AUG_r50_00039,False
jitter,1,10_34,,10,,275.0,550,0.5,0.4986376021798365,True,GLOBAL_AUG,train,syn_GLOBAL_AUG_r50_00040,False
jitter,0,74_957,,74,,235.0,470,0.5,0.4986376021798365,True,GLOBAL_AUG,train,syn_GLOBAL_AUG_r50_00041,False
jitter,1,27_98,,27,,1645.0,3290,0.5,0.4986376021798365,True,GLOBAL_AUG,train,syn_GLOBAL_AUG_r50_00042,False
jitter,0,81_1112,,81,,170.0,340,0.5,0.4986376021798365,True,GLOBAL_AUG,train,syn_GLOBAL_AUG_r50_00043,False
jitter,0,72_922,,72,,2305.0,4610,0.5,0.4986376021798365,True,GLOBAL_AUG,train,syn_GLOBAL_AUG_r50_00044,False
jitter,1,73_944,,73,,120.0,240,0.5,0.4986376021798365,True,GLOBAL_AUG,train,syn_GLOBAL_AUG_r50_00045,False
jitter,1,48_280,,48,,226.5,453,0.5,0.4986376021798365,True,GLOBAL_AUG,train,syn_GLOBAL_AUG_r50_00046,False
jitter,0,62_668,,62,,330.0,660,0.5,0.4986376021798365,True,GLOBAL_AUG,train,syn_GLOBAL_AUG_r50_00047,False
jitter,1,57_512,,57,,260.0,520,0.5,0.4986376021798365,True,GLOBAL_AUG,train,syn_GLOBAL_AUG_r50_00048,False
jitter,1,49_283,,49,,325.0,650,0.5,0.4986376021798365,True,GLOBAL_AUG,train,syn_GLOBAL_AUG_r50_00049,False
jitter,0,72_914,,72,,135.0,270,0.5,0.4986376021798365,True,GLOBAL_AUG,train,syn_GLOBAL_AUG_r50_00050,False
jitter,1,48_268,,48,,210.0,420,0.5,0.4986376021798365,True,GLOBAL_AUG,train,syn_GLOBAL_AUG_r50_00051,False
jitter,1,48_267,,48,,140.0,280,0.5,0.4986376021798365,True,GLOBAL_AUG,train,syn_GLOBAL_AUG_r50_00052,False
jitter,0,78_1033,,78,,480.0,960,0.5,0.4986376021798365,True,GLOBAL_AUG,train,syn_GLOBAL_AUG_r50_00053,False
jitter,1,50_323,,50,,325.0,650,0.5,0.4986376021798365,True,GLOBAL_AUG,train,syn_GLOBAL_AUG_r50_00054,False
jitter,0,81_1112,,81,,170.0,340,0.5,0.4986376021798365,True,GLOBAL_AUG,train,syn_GLOBAL_AUG_r50_00055,False
jitter,0,62_659,,62,,225.0,450,0.5,0.4986376021798365,True,GLOBAL_AUG,train,syn_GLOBAL_AUG_r50_00056,False
jitter,1,78_1038,,78,,607.5,1215,0.5,0.4986376021798365,True,GLOBAL_AUG,train,syn_GLOBAL_AUG_r50_00057,False
jitter,0,62_667,,62,,155.0,310,0.5,0.4986376021798365,True,GLOBAL_AUG,train,syn_GLOBAL_AUG_r50_00058,False
jitter,0,78_1033,,78,,480.0,960,0.5,0.4986376021798365,True,GLOBAL_AUG,train,syn_GLOBAL_AUG_r50_00059,False
jitter,1,27_97,,27,,2205.0,4410,0.5,0.4986376021798365,True,GLOBAL_AUG,train,syn_GLOBAL_AUG_r50_00060,False
jitter,0,80_1079,,80,,980.0,1960,0.5,0.4986376021798365,True,GLOBAL_AUG,train,syn_GLOBAL_AUG_r50_00061,False
jitter,0,72_919,,72,,835.0,1670,0.5,0.4986376021798365,True,GLOBAL_AUG,train,syn_GLOBAL_AUG_r50_00062,False
jitter,0,63_689,,63,,495.0,990,0.5,0.4986376021798365,True,GLOBAL_AUG,train,syn_GLOBAL_AUG_r50_00063,False
jitter,1,81_1114,,81,,170.0,340,0.5,0.4986376021798365,True,GLOBAL_AUG,train,syn_GLOBAL_AUG_r50_00064,False
jitter,1,66_789,,66,,180.0,360,0.5,0.4986376021798365,True,GLOBAL_AUG,train,syn_GLOBAL_AUG_r50_00065,False
jitter,1,66_790,,66,,190.0,380,0.5,0.4986376021798365,True,GLOBAL_AUG,train,syn_GLOBAL_AUG_r50_00066,False
jitter,1,23_82,,23,,2818.0,5636,0.5,0.4986376021798365,True,GLOBAL_AUG,train,syn_GLOBAL_AUG_r50_00067,False
jitter,1,31_124,,31,,1195.0,2390,0.5,0.4986376021798365,True,GLOBAL_AUG,train,syn_GLOBAL_AUG_r50_00068,False
jitter,1,4_4,,4,,1675.0,3350,0.5,0.4986376021798365,True,GLOBAL_AUG,train,syn_GLOBAL_AUG_r50_00069,False
jitter,1,27_101,,27,,2010.5,4021,0.5,0.4986376021798365,True,GLOBAL_AUG,train,syn_GLOBAL_AUG_r50_00070,False
jitter,1,31_126,,31,,1350.0,2700,0.5,0.4986376021798365,True,GLOBAL_AUG,train,syn_GLOBAL_AUG_r50_00071,False
jitter,1,80_1103,,80,,1142.0,2284,0.5,0.4986376021798365,True,GLOBAL_AUG,train,syn_GLOBAL_AUG_r50_00072,False
jitter,1,63_683,,63,,2690.0,5380,0.5,0.4986376021798365,True,GLOBAL_AUG,train,syn_GLOBAL_AUG_r50_00073,False
jitter,0,80_1101,,80,,410.0,820,0.5,0.4986376021798365,True,GLOBAL_AUG,train,syn_GLOBAL_AUG_r50_00074,False
jitter,0,80_1076,,80,,245.0,490,0.5,0.4986376021798365,True,GLOBAL_AUG,train,syn_GLOBAL_AUG_r50_00075,False
jitter,1,73_953,,73,,1183.0,2366,0.5,0.4986376021798365,True,GLOBAL_AUG,train,syn_GLOBAL_AUG_r50_00076,False
jitter,0,76_1016,,76,,375.0,750,0.5,0.4986376021798365,True,GLOBAL_AUG,train,syn_GLOBAL_AUG_r50_00077,False
jitter,0,55_408,,55,,230.0,460,0.5,0.4986376021798365,True,GLOBAL_AUG,train,syn_GLOBAL_AUG_r50_00078,False
jitter,1,41_162,,41,,265.0,530,0.5,0.4986376021798365,True,GLOBAL_AUG,train,syn_GLOBAL_AUG_r50_00079,False
jitter,0,80_1081,,80,,1545.0,3090,0.5,0.4986376021798365,True,GLOBAL_AUG,train,syn_GLOBAL_AUG_r50_00080,False
jitter,1,81_1114,,81,,170.0,340,0.5,0.4986376021798365,True,GLOBAL_AUG,train,syn_GLOBAL_AUG_r50_00081,False
jitter,1,32_132,,32,,1160.0,2320,0.5,0.4986376021798365,True,GLOBAL_AUG,train,syn_GLOBAL_AUG_r50_00082,False
jitter,0,81_1115,,81,,210.0,420,0.5,0.4986376021798365,True,GLOBAL_AUG,train,syn_GLOBAL_AUG_r50_00083,False
jitter,0,80_1079,,80,,980.0,1960,0.5,0.4986376021798365,True,GLOBAL_AUG,train,syn_GLOBAL_AUG_r50_00084,False
jitter,1,48_250,,48,,245.0,490,0.5,0.4986376021798365,True,GLOBAL_AUG,train,syn_GLOBAL_AUG_r50_00085,False
jitter,0,60_633,,60,,405.0,810,0.5,0.4986376021798365,True,GLOBAL_AUG,train,syn_GLOBAL_AUG_r50_00086,False
jitter,1,70_866,,70,,190.0,380,0.5,0.4986376021798365,True,GLOBAL_AUG,train,syn_GLOBAL_AUG_r50_00087,False
jitter,1,21_80,,21,,5315.5,10631,0.5,0.4986376021798365,True,GLOBAL_AUG,train,syn_GLOBAL_AUG_r50_00088,False
jitter,1,31_122,,31,,1510.0,3020,0.5,0.4986376021798365,True,GLOBAL_AUG,train,syn_GLOBAL_AUG_r50_00089,False
jitter,1,79_1043,,79,,170.0,340,0.5,0.4986376021798365,True,GLOBAL_AUG,train,syn_GLOBAL_AUG_r50_00090,False
jitter,1,30_116,,30,,1895.0,3790,0.5,0.4986376021798365,True,GLOBAL_AUG,train,syn_GLOBAL_AUG_r50_00091,False
jitter,0,80_1085,,80,,180.0,360,0.5,0.4986376021798365,True,GLOBAL_AUG,train,syn_GLOBAL_AUG_r50_00092,False
jitter,1,63_686,,63,,140.0,280,0.5,0.4986376021798365,True,GLOBAL_AUG,train,syn_GLOBAL_AUG_r50_00093,False
jitter,1,78_1030,,78,,160.0,320,0.5,0.4986376021798365,True,GLOBAL_AUG,train,syn_GLOBAL_AUG_r50_00094,False
jitter,1,21_79,,21,,3345.0,6690,0.5,0.4986376021798365,True,GLOBAL_AUG,train,syn_GLOBAL_AUG_r50_00095,False
jitter,1,70_875,,70,,290.0,580,0.5,0.4986376021798365,True,GLOBAL_AUG,train,syn_GLOBAL_AUG_r50_00096,False
jitter,0,62_669,,62,,220.0,440,0.5,0.4986376021798365,True,GLOBAL_AUG,train,syn_GLOBAL_AUG_r50_00097,False
jitter,1,49_282,,49,,175.0,350,0.5,0.4986376021798365,True,GLOBAL_AUG,train,syn_GLOBAL_AUG_r50_00098,False
jitter,1,48_277,,48,,150.0,300,0.5,0.4986376021798365,True,GLOBAL_AUG,train,syn_GLOBAL_AUG_r50_00099,False
jitter,1,51_336,,51,,120.0,240,0.5,0.4986376021798365,True,GLOBAL_AUG,train,syn_GLOBAL_AUG_r50_00100,False
jitter,1,50_306,,50,,195.0,390,0.5,0.4986376021798365,True,GLOBAL_AUG,train,syn_GLOBAL_AUG_r50_00101,False
jitter,0,80_1076,,80,,245.0,490,0.5,0.4986376021798365,True,GLOBAL_AUG,train,syn_GLOBAL_AUG_r50_00102,False
jitter,1,24_83,,24,,4395.0,8790,0.5,0.4986376021798365,True,GLOBAL_AUG,train,syn_GLOBAL_AUG_r50_00103,False
jitter,0,52_342,,52,,375.0,750,0.5,0.4986376021798365,True,GLOBAL_AUG,train,syn_GLOBAL_AUG_r50_00104,False
jitter,1,70_880,,70,,185.0,370,0.5,0.4986376021798365,True,GLOBAL_AUG,train,syn_GLOBAL_AUG_r50_00105,False
jitter,1,32_137,,32,,730.0,1460,0.5,0.4986376021798365,True,GLOBAL_AUG,train,syn_GLOBAL_AUG_r50_00106,False
jitter,0,55_412,,55,,270.0,540,0.5,0.4986376021798365,True,GLOBAL_AUG,train,syn_GLOBAL_AUG_r50_00107,False
jitter,0,55_411,,55,,195.0,390,0.5,0.4986376021798365,True,GLOBAL_AUG,train,syn_GLOBAL_AUG_r50_00108,False
jitter,0,74_959,,74,,215.0,430,0.5,0.4986376021798365,True,GLOBAL_AUG,train,syn_GLOBAL_AUG_r50_00109,False
jitter,0,76_1022,,76,,165.0,330,0.5,0.4986376021798365,True,GLOBAL_AUG,train,syn_GLOBAL_AUG_r50_00110,False
jitter,0,53_383,,53,,405.0,810,0.5,0.4986376021798365,True,GLOBAL_AUG,train,syn_GLOBAL_AUG_r50_00111,False
jitter,0,73_951,,73,,175.0,350,0.5,0.4986376021798365,True,GLOBAL_AUG,train,syn_GLOBAL_AUG_r50_00112,False
jitter,0,68_810,,68,,120.0,240,0.5,0.4986376021798365,True,GLOBAL_AUG,train,syn_GLOBAL_AUG_r50_00113,False
jitter,0,76_1007,,76,,795.0,1590,0.5,0.4986376021798365,True,GLOBAL_AUG,train,syn_GLOBAL_AUG_r50_00114,False
jitter,0,53_369,,53,,275.0,550,0.5,0.4986376021798365,True,GLOBAL_AUG,train,syn_GLOBAL_AUG_r50_00115,False
jitter,0,68_831,,68,,240.0,480,0.5,0.4986376021798365,True,GLOBAL_AUG,train,syn_GLOBAL_AUG_r50_00116,False
jitter,0,63_676,,63,,535.0,1070,0.5,0.4986376021798365,True,GLOBAL_AUG,train,syn_GLOBAL_AUG_r50_00117,False
jitter,0,80_1098,,80,,800.0,1600,0.5,0.4986376021798365,True,GLOBAL_AUG,train,syn_GLOBAL_AUG_r50_00118,False
jitter,0,70_884,,70,,480.0,960,0.5,0.4986376021798365,True,GLOBAL_AUG,train,syn_GLOBAL_AUG_r50_00119,False
jitter,1,48_255,,48,,325.0,650,0.5,0.4986376021798365,True,GLOBAL_AUG,train,syn_GLOBAL_AUG_r50_00120,False
jitter,0,73_925,,73,,155.0,310,0.5,0.4986376021798365,True,GLOBAL_AUG,train,syn_GLOBAL_AUG_r50_00121,False
jitter,0,55_419,,55,,310.0,620,0.5,0.4986376021798365,True,GLOBAL_AUG,train,syn_GLOBAL_AUG_r50_00122,False
jitter,0,68_827,,68,,410.0,820,0.5,0.4986376021798365,True,GLOBAL_AUG,train,syn_GLOBAL_AUG_r50_00123,False
jitter,1,49_285,,49,,340.0,680,0.5,0.4986376021798365,True,GLOBAL_AUG,train,syn_GLOBAL_AUG_r50_00124,False
jitter,1,57_511,,57,,180.0,360,0.5,0.4986376021798365,True,GLOBAL_AUG,train,syn_GLOBAL_AUG_r50_00125,False
jitter,0,74_976,,74,,145.0,290,0.5,0.4986376021798365,True,GLOBAL_AUG,train,syn_GLOBAL_AUG_r50_00126,False
jitter,0,62_667,,62,,155.0,310,0.5,0.4986376021798365,True,GLOBAL_AUG,train,syn_GLOBAL_AUG_r50_00127,False
jitter,1,36_149,,36,,1435.0,2870,0.5,0.4986376021798365,True,GLOBAL_AUG,train,syn_GLOBAL_AUG_r50_00128,False
jitter,1,70_869,,70,,305.0,610,0.5,0.4986376021798365,True,GLOBAL_AUG,train,syn_GLOBAL_AUG_r50_00129,False
jitter,0,79_1073,,79,,275.0,550,0.5,0.4986376021798365,True,GLOBAL_AUG,train,syn_GLOBAL_AUG_r50_00130,False
jitter,0,81_1115,,81,,210.0,420,0.5,0.4986376021798365,True,GLOBAL_AUG,train,syn_GLOBAL_AUG_r50_00131,False
jitter,1,50_317,,50,,160.0,320,0.5,0.4986376021798365,True,GLOBAL_AUG,train,syn_GLOBAL_AUG_r50_00132,False
jitter,1,27_96,,27,,1325.0,2650,0.5,0.4986376021798365,True,GLOBAL_AUG,train,syn_GLOBAL_AUG_r50_00133,False
jitter,1,78_1030,,78,,160.0,320,0.5,0.4986376021798365,True,GLOBAL_AUG,train,syn_GLOBAL_AUG_r50_00134,False
jitter,1,10_34,,10,,275.0,550,0.5,0.4986376021798365,True,GLOBAL_AUG,train,syn_GLOBAL_AUG_r50_00135,False
jitter,0,80_1081,,80,,1545.0,3090,0.5,0.4986376021798365,True,GLOBAL_AUG,train,syn_GLOBAL_AUG_r50_00136,False
jitter,0,53_347,,53,,360.0,720,0.5,0.4986376021798365,True,GLOBAL_AUG,train,syn_GLOBAL_AUG_r50_00137,False
jitter,1,79_1039,,79,,175.0,350,0.5,0.4986376021798365,True,GLOBAL_AUG,train,syn_GLOBAL_AUG_r50_00138,False
jitter,1,48_267,,48,,140.0,280,0.5,0.4986376021798365,True,GLOBAL_AUG,train,syn_GLOBAL_AUG_r50_00139,False
jitter,1,79_1060,,79,,935.0,1870,0.5,0.4986376021798365,True,GLOBAL_AUG,train,syn_GLOBAL_AUG_r50_00140,False
jitter,1,27_88,,27,,945.0,1890,0.5,0.4986376021798365,True,GLOBAL_AUG,train,syn_GLOBAL_AUG_r50_00141,False
jitter,0,72_921,,72,,795.0,1590,0.5,0.4986376021798365,True,GLOBAL_AUG,train,syn_GLOBAL_AUG_r50_00142,False
jitter,1,57_506,,57,,295.0,590,0.5,0.4986376021798365,True,GLOBAL_AUG,train,syn_GLOBAL_AUG_r50_00143,False
jitter,1,5_13,,5,,4274.0,8548,0.5,0.4986376021798365,True,GLOBAL_AUG,train,syn_GLOBAL_AUG_r50_00144,False
jitter,1,57_511,,57,,180.0,360,0.5,0.4986376021798365,True,GLOBAL_AUG,train,syn_GLOBAL_AUG_r50_00145,False
jitter,1,66_768,,66,,170.0,340,0.5,0.4986376021798365,True,GLOBAL_AUG,train,syn_GLOBAL_AUG_r50_00146,False
jitter,1,78_1038,,78,,607.5,1215,0.5,0.4986376021798365,True,GLOBAL_AUG,train,syn_GLOBAL_AUG_r50_00147,False
jitter,1,68_814,,68,,135.0,270,0.5,0.4986376021798365,True,GLOBAL_AUG,train,syn_GLOBAL_AUG_r50_00148,False
jitter,1,70_866,,70,,190.0,380,0.5,0.4986376021798365,True,GLOBAL_AUG,train,syn_GLOBAL_AUG_r50_00149,False
jitter,0,80_1085,,80,,180.0,360,0.5,0.4986376021798365,True,GLOBAL_AUG,train,syn_GLOBAL_AUG_r50_00150,False
jitter,0,73_927,,73,,205.0,410,0.5,0.4986376021798365,True,GLOBAL_AUG,train,syn_GLOBAL_AUG_r50_00151,False
jitter,1,63_697,,63,,235.0,470,0.5,0.4986376021798365,True,GLOBAL_AUG,train,syn_GLOBAL_AUG_r50_00152,False
jitter,1,66_763,,66,,7235.0,14470,0.5,0.4986376021798365,True,GLOBAL_AUG,train,syn_GLOBAL_AUG_r50_00153,False
jitter,1,10_41,,10,,4333.0,8666,0.5,0.4986376021798365,True,GLOBAL_AUG,train,syn_GLOBAL_AUG_r50_00154,False
jitter,0,79_1061,,79,,190.0,380,0.5,0.4986376021798365,True,GLOBAL_AUG,train,syn_GLOBAL_AUG_r50_00155,False
jitter,0,53_374,,53,,785.0,1570,0.5,0.4986376021798365,True,GLOBAL_AUG,train,syn_GLOBAL_AUG_r50_00156,False
jitter,0,61_644,,61,,380.0,760,0.5,0.4986376021798365,True,GLOBAL_AUG,train,syn_GLOBAL_AUG_r50_00157,False
jitter,1,42_169,,42,,635.0,1270,0.5,0.4986376021798365,True,GLOBAL_AUG,train,syn_GLOBAL_AUG_r50_00158,False
jitter,1,27_97,,27,,2205.0,4410,0.5,0.4986376021798365,True,GLOBAL_AUG,train,syn_GLOBAL_AUG_r50_00159,False
jitter,0,51_326,,51,,275.0,550,0.5,0.4986376021798365,True,GLOBAL_AUG,train,syn_GLOBAL_AUG_r50_00160,False
jitter,0,51_326,,51,,275.0,550,0.5,0.4986376021798365,True,GLOBAL_AUG,train,syn_GLOBAL_AUG_r50_00161,False
jitter,0,60_630,,60,,795.0,1590,0.5,0.4986376021798365,True,GLOBAL_AUG,train,syn_GLOBAL_AUG_r50_00162,False
jitter,0,63_691,,63,,210.0,420,0.5,0.4986376021798365,True,GLOBAL_AUG,train,syn_GLOBAL_AUG_r50_00163,False
jitter,0,73_942,,73,,120.0,240,0.5,0.4986376021798365,True,GLOBAL_AUG,train,syn_GLOBAL_AUG_r50_00164,False
jitter,1,66_781,,66,,410.0,820,0.5,0.4986376021798365,True,GLOBAL_AUG,train,syn_GLOBAL_AUG_r50_00165,False
jitter,0,78_1033,,78,,480.0,960,0.5,0.4986376021798365,True,GLOBAL_AUG,train,syn_GLOBAL_AUG_r50_00166,False
jitter,1,63_685,,63,,160.0,320,0.5,0.4986376021798365,True,GLOBAL_AUG,train,syn_GLOBAL_AUG_r50_00167,False
jitter,1,72_913,,72,,175.0,350,0.5,0.4986376021798365,True,GLOBAL_AUG,train,syn_GLOBAL_AUG_r50_00168,False
jitter,1,80_1103,,80,,1142.0,2284,0.5,0.4986376021798365,True,GLOBAL_AUG,train,syn_GLOBAL_AUG_r50_00169,False
jitter,0,47_228,,47,,455.0,910,0.5,0.4986376021798365,True,GLOBAL_AUG,train,syn_GLOBAL_AUG_r50_00170,False
jitter,0,70_865,,70,,120.0,240,0.5,0.4986376021798365,True,GLOBAL_AUG,train,syn_GLOBAL_AUG_r50_00171,False
jitter,0,53_384,,53,,340.0,680,0.5,0.4986376021798365,True,GLOBAL_AUG,train,syn_GLOBAL_AUG_r50_00172,False
jitter,1,23_81,,23,,3110.0,6220,0.5,0.4986376021798365,True,GLOBAL_AUG,train,syn_GLOBAL_AUG_r50_00173,False
jitter,0,76_1020,,76,,205.0,410,0.5,0.4986376021798365,True,GLOBAL_AUG,train,syn_GLOBAL_AUG_r50_00174,False
jitter,0,79_1074,,79,,425.0,850,0.5,0.4986376021798365,True,GLOBAL_AUG,train,syn_GLOBAL_AUG_r50_00175,False
jitter,1,74_969,,74,,160.0,320,0.5,0.4986376021798365,True,GLOBAL_AUG,train,syn_GLOBAL_AUG_r50_00176,False
jitter,0,74_978,,74,,160.0,320,0.5,0.4986376021798365,True,GLOBAL_AUG,train,syn_GLOBAL_AUG_r50_00177,False
jitter,1,8_27,,8,,4498.5,8997,0.5,0.4986376021798365,True,GLOBAL_AUG,train,syn_GLOBAL_AUG_r50_00178,False
jitter,0,81_1113,,81,,120.0,240,0.5,0.4986376021798365,True,GLOBAL_AUG,train,syn_GLOBAL_AUG_r50_00179,False
jitter,0,74_970,,74,,845.0,1690,0.5,0.4986376021798365,True,GLOBAL_AUG,train,syn_GLOBAL_AUG_r50_00180,False
jitter,1,57_520,,57,,130.0,260,0.5,0.4986376021798365,True,GLOBAL_AUG,train,syn_GLOBAL_AUG_r50_00181,False
jitter,0,79_1045,,79,,120.0,240,0.5,0.4986376021798365,True,GLOBAL_AUG,train,syn_GLOBAL_AUG_r50_00182,False
interpolation,1,48_256,48_253,48,0.5205897092819214,146.02948546409607,340,0.5,0.4986376021798365,True,GLOBAL_AUG,train,syn_GLOBAL_AUG_r50_00183,False
interpolation,1,48_248,47_230,48,0.5322892069816589,190.60072928667068,500,0.5,0.4986376021798365,True,GLOBAL_AUG,train,syn_GLOBAL_AUG_r50_00184,False
interpolation,1,70_869,70_880,70,0.6349114775657654,261.18937730789185,610,0.5,0.4986376021798365,True,GLOBAL_AUG,train,syn_GLOBAL_AUG_r50_00185,False
interpolation,1,48_251,57_517,48,0.265367716550827,197.45883002877235,630,0.5,0.4986376021798365,True,GLOBAL_AUG,train,syn_GLOBAL_AUG_r50_00186,False
interpolation,0,76_1022,50_317,76,0.7389868497848511,163.69493424892426,330,0.5,0.4986376021798365,True,GLOBAL_AUG,train,syn_GLOBAL_AUG_r50_00187,False
interpolation,1,79_1046,57_508,79,0.6969581842422485,224.3935364484787,470,0.5,0.4986376021798365,True,GLOBAL_AUG,train,syn_GLOBAL_AUG_r50_00188,False
interpolation,1,50_310,50_311,50,0.5461766123771667,242.42797166109085,680,0.5,0.4986376021798365,True,GLOBAL_AUG,train,syn_GLOBAL_AUG_r50_00189,False
interpolation,1,68_809,57_495,68,0.7486155033111572,136.22923254966736,280,0.5,0.4986376021798365,True,GLOBAL_AUG,train,syn_GLOBAL_AUG_r50_00190,False
interpolation,0,73_945,72_923,73,0.3411104083061218,252.4778550863266,360,0.5,0.4986376021798365,True,GLOBAL_AUG,train,syn_GLOBAL_AUG_r50_00191,False
interpolation,0,79_1061,57_501,79,0.6192492246627808,193.8075077533722,380,0.5,0.4986376021798365,True,GLOBAL_AUG,train,syn_GLOBAL_AUG_r50_00192,False
interpolation,1,23_82,21_80,23,0.37435874342918396,4380.538879871368,5636,0.5,0.4986376021798365,True,GLOBAL_AUG,train,syn_GLOBAL_AUG_r50_00193,False
interpolation,1,76_1018,61_647,76,0.6852626204490662,1332.905660867691,2200,0.5,0.4986376021798365,True,GLOBAL_AUG,train,syn_GLOBAL_AUG_r50_00194,False
interpolation,0,61_639,57_506,61,0.3079282343387604,268.8261088728905,420,0.5,0.4986376021798365,True,GLOBAL_AUG,train,syn_GLOBAL_AUG_r50_00195,False
interpolation,0,62_667,48_251,62,0.4448573589324951,243.82282257080078,310,0.5,0.4986376021798365,True,GLOBAL_AUG,train,syn_GLOBAL_AUG_r50_00196,False
interpolation,0,79_1070,48_250,79,0.26540327072143555,230.40282011032104,380,0.5,0.4986376021798365,True,GLOBAL_AUG,train,syn_GLOBAL_AUG_r50_00197,False
interpolation,0,55_413,42_179,55,0.45491763949394226,435.7583375275135,430,0.5,0.4986376021798365,True,GLOBAL_AUG,train,syn_GLOBAL_AUG_r50_00198,False
interpolation,0,78_1028,53_346,78,0.5913947820663452,265.10685205459595,710,0.5,0.4986376021798365,True,GLOBAL_AUG,train,syn_GLOBAL_AUG_r50_00199,False
interpolation,1,36_147,36_149,36,0.487369179725647,1420.3789246082306,2810,0.5,0.4986376021798365,True,GLOBAL_AUG,train,syn_GLOBAL_AUG_r50_00200,False
interpolation,0,53_373,74_978,53,0.7245721220970154,221.5886303782463,490,0.5,0.4986376021798365,True,GLOBAL_AUG,train,syn_GLOBAL_AUG_r50_00201,False
interpolation,1,61_641,57_505,61,0.6119372248649597,158.80627751350403,240,0.5,0.4986376021798365,True,GLOBAL_AUG,train,syn_GLOBAL_AUG_r50_00202,False
interpolation,0,11_43,4_8,11,0.3366340696811676,2924.752932935953,7090,0.5,0.4986376021798365,True,GLOBAL_AUG,train,syn_GLOBAL_AUG_r50_00203,False
interpolation,1,17_55,27_89,17,0.6581013798713684,3233.918701708317,8550,0.5,0.4986376021798365,True,GLOBAL_AUG,train,syn_GLOBAL_AUG_r50_00204,False
interpolation,1,80_1103,66_792,80,0.5028516054153442,1115.1539866924286,2284,0.5,0.4986376021798365,True,GLOBAL_AUG,train,syn_GLOBAL_AUG_r50_00205,False
interpolation,1,36_139,36_141,36,0.2683715522289276,1283.6419340968132,2260,0.5,0.4986376021798365,True,GLOBAL_AUG,train,syn_GLOBAL_AUG_r50_00206,False
interpolation,0,66_758,57_519,66,0.3798072338104248,228.24506163597107,810,0.5,0.4986376021798365,True,GLOBAL_AUG,train,syn_GLOBAL_AUG_r50_00207,False
interpolation,0,78_1034,48_237,78,0.4948180615901947,269.1708841919899,700,0.5,0.4986376021798365,True,GLOBAL_AUG,train,syn_GLOBAL_AUG_r50_00208,False
interpolation,0,76_1012,66_767,76,0.3054634630680084,275.56293189525604,440,0.5,0.4986376021798365,True,GLOBAL_AUG,train,syn_GLOBAL_AUG_r50_00209,False
interpolation,0,53_381,50_314,53,0.7163586020469666,170.67282795906067,330,0.5,0.4986376021798365,True,GLOBAL_AUG,train,syn_GLOBAL_AUG_r50_00210,False
interpolation,0,73_929,32_136,73,0.4540785253047943,634.4153966009617,510,0.5,0.4986376021798365,True,GLOBAL_AUG,train,syn_GLOBAL_AUG_r50_00211,False
interpolation,1,57_495,78_1030,57,0.3098391592502594,149.1556341946125,250,0.5,0.4986376021798365,True,GLOBAL_AUG,train,syn_GLOBAL_AUG_r50_00212,False
interpolation,0,61_655,74_961,61,0.2602843940258026,127.60284021496773,270,0.5,0.4986376021798365,True,GLOBAL_AUG,train,syn_GLOBAL_AUG_r50_00213,False
interpolation,0,61_657,4_10,61,0.6050688028335571,756.1455327272415,600,0.5,0.4986376021798365,True,GLOBAL_AUG,train,syn_GLOBAL_AUG_r50_00214,False
interpolation,1,4_4,24_84,4,0.3772326707839966,2570.228035748005,3350,0.5,0.4986376021798365,True,GLOBAL_AUG,train,syn_GLOBAL_AUG_r50_00215,False
interpolation,0,53_352,63_691,53,0.3274063169956207,326.22924879193306,1130,0.5,0.4986376021798365,True,GLOBAL_AUG,train,syn_GLOBAL_AUG_r50_00216,False
interpolation,0,74_967,76_1014,74,0.4436359405517578,1228.1271648406982,2740,0.5,0.4986376021798365,True,GLOBAL_AUG,train,syn_GLOBAL_AUG_r50_00217,False
interpolation,0,74_983,73_951,74,0.37185198068618774,167.56296038627625,310,0.5,0.4986376021798365,True,GLOBAL_AUG,train,syn_GLOBAL_AUG_r50_00218,False
interpolation,1,73_936,72_924,73,0.45006757974624634,139.52260091900826,240,0.5,0.4986376021798365,True,GLOBAL_AUG,train,syn_GLOBAL_AUG_r50_00219,False
interpolation,1,4_11,57_493,4,0.5959534645080566,2300.76904296875,7084,0.5,0.4986376021798365,True,GLOBAL_AUG,train,syn_GLOBAL_AUG_r50_00220,False
interpolation,0,63_681,55_408,63,0.550007700920105,194.24949944019318,330,0.5,0.4986376021798365,True,GLOBAL_AUG,train,syn_GLOBAL_AUG_r50_00221,False
interpolation,1,48_261,49_295,48,0.7300901412963867,200.15495777130127,430,0.5,0.4986376021798365,True,GLOBAL_AUG,train,syn_GLOBAL_AUG_r50_00222,False
interpolation,1,41_155,32_137,41,0.4176119863986969,604.7164258360863,860,0.5,0.4986376021798365,True,GLOBAL_AUG,train,syn_GLOBAL_AUG_r50_00223,False
interpolation,0,64_704,49_294,64,0.28260502219200134,249.1302441060543,570,0.5,0.4986376021798365,True,GLOBAL_AUG,train,syn_GLOBAL_AUG_r50_00224,False
interpolation,1,50_315,50_313,50,0.44545677304267883,309.3179142475128,480,0.5,0.4986376021798365,True,GLOBAL_AUG,train,syn_GLOBAL_AUG_r50_00225,False
interpolation,1,50_306,48_250,50,0.57961106300354,216.019446849823,390,0.5,0.4986376021798365,True,GLOBAL_AUG,train,syn_GLOBAL_AUG_r50_00226,False
interpolation,0,74_970,57_519,74,0.3979504406452179,408.51407304406166,1690,0.5,0.4986376021798365,True,GLOBAL_AUG,train,syn_GLOBAL_AUG_r50_00227,False
interpolation,0,74_959,68_818,74,0.6977314949035645,224.06805515289307,430,0.5,0.4986376021798365,True,GLOBAL_AUG,train,syn_GLOBAL_AUG_r50_00228,False
interpolation,0,78_1034,48_238,78,0.6925176382064819,303.8776457309723,700,0.5,0.4986376021798365,True,GLOBAL_AUG,train,syn_GLOBAL_AUG_r50_00229,False
interpolation,0,53_388,79_1057,53,0.6562457084655762,600.9675011634827,1402,0.5,0.4986376021798365,True,GLOBAL_AUG,train,syn_GLOBAL_AUG_r50_00230,False
interpolation,1,48_275,48_278,48,0.2928617596626282,260.250161588192,570,0.5,0.4986376021798365,True,GLOBAL_AUG,train,syn_GLOBAL_AUG_r50_00231,False
interpolation,1,10_37,30_121,10,0.718633770942688,661.5397043824196,450,0.5,0.4986376021798365,True,GLOBAL_AUG,train,syn_GLOBAL_AUG_r50_00232,False
interpolation,0,76_1022,55_417,76,0.5539636015892029,147.15854406356812,330,0.5,0.4986376021798365,True,GLOBAL_AUG,train,syn_GLOBAL_AUG_r50_00233,False
interpolation,0,53_352,63_691,53,0.4260733127593994,361.2560260295868,1130,0.5,0.4986376021798365,True,GLOBAL_AUG,train,syn_GLOBAL_AUG_r50_00234,False
interpolation,0,55_415,49_287,55,0.3333611786365509,310.0108650326729,1140,0.5,0.4986376021798365,True,GLOBAL_AUG,train,syn_GLOBAL_AUG_r50_00235,False
interpolation,0,68_831,48_275,68,0.6478986740112305,255.84455966949463,480,0.5,0.4986376021798365,True,GLOBAL_AUG,train,syn_GLOBAL_AUG_r50_00236,False
interpolation,0,60_623,60_632,60,0.45386186242103577,130.0000038743019,260,0.5,0.4986376021798365,True,GLOBAL_AUG,train,syn_GLOBAL_AUG_r50_00237,False
interpolation,1,50_319,53_359,50,0.6115180850028992,154.46072340011597,340,0.5,0.4986376021798365,True,GLOBAL_AUG,train,syn_GLOBAL_AUG_r50_00238,False
interpolation,0,53_354,51_327,53,0.4371001124382019,157.78250843286514,400,0.5,0.4986376021798365,True,GLOBAL_AUG,train,syn_GLOBAL_AUG_r50_00239,False
interpolation,0,68_817,47_228,68,0.38598188757896423,462.7196241915226,950,0.5,0.4986376021798365,True,GLOBAL_AUG,train,syn_GLOBAL_AUG_r50_00240,False
interpolation,0,53_383,51_334,53,0.268652081489563,342.83542692661285,810,0.5,0.4986376021798365,True,GLOBAL_AUG,train,syn_GLOBAL_AUG_r50_00241,False
interpolation,0,66_757,51_328,66,0.719183087348938,276.6776067018509,500,0.5,0.4986376021798365,True,GLOBAL_AUG,train,syn_GLOBAL_AUG_r50_00242,False
interpolation,1,68_844,73_953,68,0.5006715059280396,996.4998640418053,1621,0.5,0.4986376021798365,True,GLOBAL_AUG,train,syn_GLOBAL_AUG_r50_00243,False
interpolation,1,57_501,57_500,57,0.6585440039634705,225.60919970273972,400,0.5,0.4986376021798365,True,GLOBAL_AUG,train,syn_GLOBAL_AUG_r50_00244,False
interpolation,0,74_962,50_317,74,0.5514439940452576,137.9422402381897,240,0.5,0.4986376021798365,True,GLOBAL_AUG,train,syn_GLOBAL_AUG_r50_00245,False
interpolation,1,55_410,48_271,55,0.548807680606842,160.48807680606842,330,0.5,0.4986376021798365,True,GLOBAL_AUG,train,syn_GLOBAL_AUG_r50_00246,False
interpolation,0,72_919,70_869,72,0.6069970726966858,626.7084485292435,1670,0.5,0.4986376021798365,True,GLOBAL_AUG,train,syn_GLOBAL_AUG_r50_00247,False
interpolation,1,42_169,63_687,42,0.3805925250053406,449.1777575016022,1270,0.5,0.4986376021798365,True,GLOBAL_AUG,train,syn_GLOBAL_AUG_r50_00248,False
interpolation,0,68_840,79_1062,68,0.6730518937110901,173.36525946855545,350,0.5,0.4986376021798365,True,GLOBAL_AUG,train,syn_GLOBAL_AUG_r50_00249,False
interpolation,1,27_89,10_34,27,0.7085952162742615,951.7084315419197,2460,0.5,0.4986376021798365,True,GLOBAL_AUG,train,syn_GLOBAL_AUG_r50_00250,False
interpolation,0,79_1067,63_691,79,0.3665410280227661,356.61641120910645,1220,0.5,0.4986376021798365,True,GLOBAL_AUG,train,syn_GLOBAL_AUG_r50_00251,False
interpolation,0,63_680,48_242,63,0.5323241949081421,275.64648389816284,570,0.5,0.4986376021798365,True,GLOBAL_AUG,train,syn_GLOBAL_AUG_r50_00252,False
interpolation,0,72_915,70_875,72,0.4627614915370941,361.7280225455761,890,0.5,0.4986376021798365,True,GLOBAL_AUG,train,syn_GLOBAL_AUG_r50_00253,False
interpolation,1,74_987,79_1060,74,0.43883946537971497,814.5385946184397,1321,0.5,0.4986376021798365,True,GLOBAL_AUG,train,syn_GLOBAL_AUG_r50_00254,False
interpolation,1,10_30,7_24,10,0.512296736240387,3015.2566745877266,300,0.5,0.4986376021798365,True,GLOBAL_AUG,train,syn_GLOBAL_AUG_r50_00255,False
interpolation,0,62_660,79_1041,62,0.71913081407547,524.1043895483017,1110,0.5,0.4986376021798365,True,GLOBAL_AUG,train,syn_GLOBAL_AUG_r50_00256,False
interpolation,1,50_325,48_271,50,0.2898004353046417,160.7960133254528,350,0.5,0.4986376021798365,True,GLOBAL_AUG,train,syn_GLOBAL_AUG_r50_00257,False
interpolation,1,30_116,5_12,30,0.7211809754371643,2236.5533050894737,3790,0.5,0.4986376021798365,True,GLOBAL_AUG,train,syn_GLOBAL_AUG_r50_00258,False
interpolation,1,42_177,48_274,42,0.3720127046108246,542.3539075255394,2460,0.5,0.4986376021798365,True,GLOBAL_AUG,train,syn_GLOBAL_AUG_r50_00259,False
interpolation,0,74_971,55_417,74,0.35006508231163025,214.26659226417542,760,0.5,0.4986376021798365,True,GLOBAL_AUG,train,syn_GLOBAL_AUG_r50_00260,False
interpolation,0,63_689,53_368,63,0.7110492587089539,401.09100908041,990,0.5,0.4986376021798365,True,GLOBAL_AUG,train,syn_GLOBAL_AUG_r50_00261,False
interpolation,1,66_775,42_178,66,0.3495875895023346,891.8340875208378,730,0.5,0.4986376021798365,True,GLOBAL_AUG,train,syn_GLOBAL_AUG_r50_00262,False
interpolation,1,50_312,50_314,50,0.5923370122909546,276.81223690509796,680,0.5,0.4986376021798365,True,GLOBAL_AUG,train,syn_GLOBAL_AUG_r50_00263,False
interpolation,0,73_945,63_694,73,0.6917594075202942,170.75278222560883,360,0.5,0.4986376021798365,True,GLOBAL_AUG,train,syn_GLOBAL_AUG_r50_00264,False
interpolation,1,48_267,48_268,48,0.702326238155365,160.83716332912445,280,0.5,0.4986376021798365,True,GLOBAL_AUG,train,syn_GLOBAL_AUG_r50_00265,False
interpolation,0,73_932,62_664,73,0.6858947277069092,219.45473551750183,530,0.5,0.4986376021798365,True,GLOBAL_AUG,train,syn_GLOBAL_AUG_r50_00266,False
interpolation,1,79_1043,4_9,79,0.49385184049606323,481.2811180949211,340,0.5,0.4986376021798365,True,GLOBAL_AUG,train,syn_GLOBAL_AUG_r50_00267,False
interpolation,0,80_1087,47_229,80,0.7407257556915283,134.0745985507965,250,0.5,0.4986376021798365,True,GLOBAL_AUG,train,syn_GLOBAL_AUG_r50_00268,False
interpolation,0,61_658,48_258,61,0.40666720271110535,212.72011864185333,696,0.5,0.4986376021798365,True,GLOBAL_AUG,train,syn_GLOBAL_AUG_r50_00269,False
interpolation,1,66_769,50_308,66,0.2987546920776367,136.49377346038818,280,0.5,0.4986376021798365,True,GLOBAL_AUG,train,syn_GLOBAL_AUG_r50_00270,False
interpolation,0,63_688,66_781,63,0.31129929423332214,336.8446536362171,350,0.5,0.4986376021798365,True,GLOBAL_AUG,train,syn_GLOBAL_AUG_r50_00271,False
interpolation,0,68_837,61_636,68,0.6733424663543701,324.9689042568207,810,0.5,0.4986376021798365,True,GLOBAL_AUG,train,syn_GLOBAL_AUG_r50_00272,False
interpolation,0,47_229,48_239,47,0.6175097823143005,278.57196748256683,320,0.5,0.4986376021798365,True,GLOBAL_AUG,train,syn_GLOBAL_AUG_r50_00273,False
interpolation,0,63_679,66_756,63,0.581096351146698,653.5122919082642,1240,0.5,0.4986376021798365,True,GLOBAL_AUG,train,syn_GLOBAL_AUG_r50_00274,False
interpolation,0,53_375,48_263,53,0.559537947177887,292.32376128435135,730,0.5,0.4986376021798365,True,GLOBAL_AUG,train,syn_GLOBAL_AUG_r50_00275,False
interpolation,1,63_698,72_912,63,0.6534165143966675,177.2161614894867,378,0.5,0.4986376021798365,True,GLOBAL_AUG,train,syn_GLOBAL_AUG_r50_00276,False
interpolation,1,36_139,36_141,36,0.34153327345848083,1268.277972638607,2260,0.5,0.4986376021798365,True,GLOBAL_AUG,train,syn_GLOBAL_AUG_r50_00277,False
interpolation,1,30_118,5_12,30,0.4766068160533905,2645.7761250436306,4250,0.5,0.4986376021798365,True,GLOBAL_AUG,train,syn_GLOBAL_AUG_r50_00278,False
interpolation,0,53_372,50_317,53,0.3652409315109253,145.390362739563,240,0.5,0.4986376021798365,True,GLOBAL_AUG,train,syn_GLOBAL_AUG_r50_00279,False
interpolation,1,48_235,48_259,48,0.6890987157821655,214.79141652584076,470,0.5,0.4986376021798365,True,GLOBAL_AUG,train,syn_GLOBAL_AUG_r50_00280,False
interpolation,1,55_417,78_1030,55,0.34138402342796326,148.0515544116497,250,0.5,0.4986376021798365,True,GLOBAL_AUG,train,syn_GLOBAL_AUG_r50_00281,False
interpolation,1,7_25,10_37,7,0.5698465704917908,837.869986563921,2601,0.5,0.4986376021798365,True,GLOBAL_AUG,train,syn_GLOBAL_AUG_r50_00282,False
interpolation,1,27_96,32_137,27,0.2501688003540039,878.8504362106323,2650,0.5,0.4986376021798365,True,GLOBAL_AUG,train,syn_GLOBAL_AUG_r50_00283,False
interpolation,1,50_317,49_295,50,0.3204139471054077,160.0,320,0.5,0.4986376021798365,True,GLOBAL_AUG,train,syn_GLOBAL_AUG_r50_00284,False
interpolation,0,53_363,53_347,53,0.5097228288650513,283.5415756702423,420,0.5,0.4986376021798365,True,GLOBAL_AUG,train,syn_GLOBAL_AUG_r50_00285,False
interpolation,0,80_1088,79_1075,80,0.39946675300598145,955.515682220459,1200,0.5,0.4986376021798365,True,GLOBAL_AUG,train,syn_GLOBAL_AUG_r50_00286,False
interpolation,1,50_313,48_239,50,0.36156442761421204,432.03574910759926,730,0.5,0.4986376021798365,True,GLOBAL_AUG,train,syn_GLOBAL_AUG_r50_00287,False
interpolation,0,70_864,57_495,70,0.6466884613037109,567.981595993042,1620,0.5,0.4986376021798365,True,GLOBAL_AUG,train,syn_GLOBAL_AUG_r50_00288,False
interpolation,0,76_1020,66_771,76,0.6303337216377258,210.5449941754341,410,0.5,0.4986376021798365,True,GLOBAL_AUG,train,syn_GLOBAL_AUG_r50_00289,False
interpolation,0,74_970,57_520,74,0.551382303237915,524.2383468151093,1690,0.5,0.4986376021798365,True,GLOBAL_AUG,train,syn_GLOBAL_AUG_r50_00290,False
interpolation,0,74_958,53_373,74,0.40146592259407043,240.98534807562828,470,0.5,0.4986376021798365,True,GLOBAL_AUG,train,syn_GLOBAL_AUG_r50_00291,False
interpolation,0,81_1109,41_161,81,0.7467657327651978,831.8579536676407,1960,0.5,0.4986376021798365,True,GLOBAL_AUG,train,syn_GLOBAL_AUG_r50_00292,False
interpolation,0,76_1021,42_178,76,0.4375270903110504,881.856884509325,1010,0.5,0.4986376021798365,True,GLOBAL_AUG,train,syn_GLOBAL_AUG_r50_00293,False
interpolation,0,53_387,49_292,53,0.40710684657096863,158.5380494594574,240,0.5,0.4986376021798365,True,GLOBAL_AUG,train,syn_GLOBAL_AUG_r50_00294,False
interpolation,1,49_292,50_314,49,0.6184816360473633,185.0,370,0.5,0.4986376021798365,True,GLOBAL_AUG,train,syn_GLOBAL_AUG_r50_00295,False
interpolation,0,80_1092,49_283,80,0.5879669785499573,210.34643918275833,260,0.5,0.4986376021798365,True,GLOBAL_AUG,train,syn_GLOBAL_AUG_r50_00296,False
interpolation,1,29_114,11_44,29,0.37004974484443665,296.7482131719589,928,0.5,0.4986376021798365,True,GLOBAL_AUG,train,syn_GLOBAL_AUG_r50_00297,False
interpolation,0,81_1111,48_254,81,0.4742904007434845,168.4574282169342,400,0.5,0.4986376021798365,True,GLOBAL_AUG,train,syn_GLOBAL_AUG_r50_00298,False
interpolation,0,74_967,79_1060,74,0.44863995909690857,1130.1583543419838,2740,0.5,0.4986376021798365,True,GLOBAL_AUG,train,syn_GLOBAL_AUG_r50_00299,False
interpolation,1,63_695,66_767,63,0.7161887884140015,178.24790596961975,260,0.5,0.4986376021798365,True,GLOBAL_AUG,train,syn_GLOBAL_AUG_r50_00300,False
interpolation,1,11_44,29_114,11,0.3407950699329376,373.51892276108265,397,0.5,0.4986376021798365,True,GLOBAL_AUG,train,syn_GLOBAL_AUG_r50_00301,False
interpolation,1,48_278,48_279,48,0.42041918635368347,200.7356259226799,500,0.5,0.4986376021798365,True,GLOBAL_AUG,train,syn_GLOBAL_AUG_r50_00302,False
interpolation,0,68_833,63_693,68,0.5282625555992126,127.07606166601181,240,0.5,0.4986376021798365,True,GLOBAL_AUG,train,syn_GLOBAL_AUG_r50_00303,False
interpolation,0,80_1089,49_292,80,0.6604166626930237,369.91666555404663,930,0.5,0.4986376021798365,True,GLOBAL_AUG,train,syn_GLOBAL_AUG_r50_00304,False
interpolation,0,81_1106,73_930,81,0.39745593070983887,171.86007618904114,410,0.5,0.4986376021798365,True,GLOBAL_AUG,train,syn_GLOBAL_AUG_r50_00305,False
interpolation,1,49_302,48_277,49,0.7475861310958862,249.42895543575287,566,0.5,0.4986376021798365,True,GLOBAL_AUG,train,syn_GLOBAL_AUG_r50_00306,False
interpolation,1,30_117,13_48,30,0.7276288866996765,3825.879871368408,4270,0.5,0.4986376021798365,True,GLOBAL_AUG,train,syn_GLOBAL_AUG_r50_00307,False
interpolation,1,57_506,57_505,57,0.7491334676742554,276.18501007556915,590,0.5,0.4986376021798365,True,GLOBAL_AUG,train,syn_GLOBAL_AUG_r50_00308,False
interpolation,1,63_697,57_504,63,0.36589959263801575,165.24895891547203,470,0.5,0.4986376021798365,True,GLOBAL_AUG,train,syn_GLOBAL_AUG_r50_00309,False
interpolation,1,60_620,79_1045,60,0.7401747107505798,120.0,240,0.5,0.4986376021798365,True,GLOBAL_AUG,train,syn_GLOBAL_AUG_r50_00310,False
interpolation,0,53_361,79_1044,53,0.5148178935050964,673.3361041545868,2220,0.5,0.4986376021798365,True,GLOBAL_AUG,train,syn_GLOBAL_AUG_r50_00311,False
interpolation,1,41_163,49_301,41,0.274889200925827,750.1048415899277,3400,0.5,0.4986376021798365,True,GLOBAL_AUG,train,syn_GLOBAL_AUG_r50_00312,False
interpolation,1,10_32,27_89,10,0.47435638308525085,860.0019845366478,900,0.5,0.4986376021798365,True,GLOBAL_AUG,train,syn_GLOBAL_AUG_r50_00313,False
interpolation,1,49_297,48_266,49,0.5276546478271484,151.10618591308594,340,0.5,0.4986376021798365,True,GLOBAL_AUG,train,syn_GLOBAL_AUG_r50_00314,False
interpolation,1,36_143,36_141,36,0.6525819301605225,1369.3661868572235,2770,0.5,0.4986376021798365,True,GLOBAL_AUG,train,syn_GLOBAL_AUG_r50_00315,False
interpolation,0,74_954,49_285,74,0.5124478340148926,229.8237156867981,250,0.5,0.4986376021798365,True,GLOBAL_AUG,train,syn_GLOBAL_AUG_r50_00316,False
interpolation,0,53_380,74_983,53,0.30537644028663635,173.32259103655815,430,0.5,0.4986376021798365,True,GLOBAL_AUG,train,syn_GLOBAL_AUG_r50_00317,False
interpolation,0,62_666,79_1047,62,0.4038875699043274,565.9611243009567,1120,0.5,0.4986376021798365,True,GLOBAL_AUG,train,syn_GLOBAL_AUG_r50_00318,False
interpolation,0,68_833,47_229,68,0.30986183881759644,147.60552644729614,240,0.5,0.4986376021798365,True,GLOBAL_AUG,train,syn_GLOBAL_AUG_r50_00319,False
interpolation,1,36_148,36_144,36,0.2907520532608032,328.36991786956787,600,0.5,0.4986376021798365,True,GLOBAL_AUG,train,syn_GLOBAL_AUG_r50_00320,False
interpolation,1,76_1010,78_1038,76,0.5444164276123047,930.0667333602905,2400,0.5,0.4986376021798365,True,GLOBAL_AUG,train,syn_GLOBAL_AUG_r50_00321,False
interpolation,0,52_338,74_974,52,0.45418277382850647,167.74903938174248,270,0.5,0.4986376021798365,True,GLOBAL_AUG,train,syn_GLOBAL_AUG_r50_00322,False
interpolation,1,76_1014,64_707,76,0.574420690536499,817.0944833755493,2230,0.5,0.4986376021798365,True,GLOBAL_AUG,train,syn_GLOBAL_AUG_r50_00323,False
interpolation,0,66_762,76_1025,66,0.6800175905227661,607.8124892711639,1670,0.5,0.4986376021798365,True,GLOBAL_AUG,train,syn_GLOBAL_AUG_r50_00324,False
interpolation,1,5_13,7_25,5,0.39326292276382446,2469.867300838232,8548,0.5,0.4986376021798365,True,GLOBAL_AUG,train,syn_GLOBAL_AUG_r50_00325,False
interpolation,1,41_166,27_94,41,0.42948344349861145,548.8769656419754,1480,0.5,0.4986376021798365,True,GLOBAL_AUG,train,syn_GLOBAL_AUG_r50_00326,False
interpolation,1,48_275,48_274,48,0.7424827218055725,246.37240827083588,570,0.5,0.4986376021798365,True,GLOBAL_AUG,train,syn_GLOBAL_AUG_r50_00327,False
interpolation,0,60_632,66_766,60,0.7408028841018677,168.87956738471985,260,0.5,0.4986376021798365,True,GLOBAL_AUG,train,syn_GLOBAL_AUG_r50_00328,False
interpolation,0,70_868,17_56,70,0.7493570446968079,1097.738770365715,450,0.5,0.4986376021798365,True,GLOBAL_AUG,train,syn_GLOBAL_AUG_r50_00329,False
interpolation,0,68_830,48_238,68,0.45889532566070557,268.83429884910583,700,0.5,0.4986376021798365,True,GLOBAL_AUG,train,syn_GLOBAL_AUG_r50_00330,False
interpolation,0,46_224,74_969,46,0.26164543628692627,237.18540370464325,910,0.5,0.4986376021798365,True,GLOBAL_AUG,train,syn_GLOBAL_AUG_r50_00331,False
interpolation,0,73_948,48_256,73,0.6821485757827759,330.30491530895233,810,0.5,0.4986376021798365,True,GLOBAL_AUG,train,syn_GLOBAL_AUG_r50_00332,False
interpolation,1,72_913,72_917,72,0.3138631582260132,195.5841052532196,350,0.5,0.4986376021798365,True,GLOBAL_AUG,train,syn_GLOBAL_AUG_r50_00333,False
interpolation,0,68_818,66_779,68,0.7169983983039856,243.58499199151993,490,0.5,0.4986376021798365,True,GLOBAL_AUG,train,syn_GLOBAL_AUG_r50_00334,False
interpolation,1,32_133,27_94,32,0.7450434565544128,747.7199900150299,1730,0.5,0.4986376021798365,True,GLOBAL_AUG,train,syn_GLOBAL_AUG_r50_00335,False
interpolation,1,63_683,72_912,63,0.5754891037940979,1613.8648781180382,5380,0.5,0.4986376021798365,True,GLOBAL_AUG,train,syn_GLOBAL_AUG_r50_00336,False
interpolation,1,57_515,50_312,57,0.3025248348712921,273.44454646110535,240,0.5,0.4986376021798365,True,GLOBAL_AUG,train,syn_GLOBAL_AUG_r50_00337,False
interpolation,0,78_1035,49_299,78,0.6479267477989197,193.16586017608643,330,0.5,0.4986376021798365,True,GLOBAL_AUG,train,syn_GLOBAL_AUG_r50_00338,False
interpolation,0,62_673,80_1095,62,0.606419026851654,179.0962854027748,370,0.5,0.4986376021798365,True,GLOBAL_AUG,train,syn_GLOBAL_AUG_r50_00339,False
interpolation,0,79_1044,48_269,79,0.7314320802688599,191.2002456188202,420,0.5,0.4986376021798365,True,GLOBAL_AUG,train,syn_GLOBAL_AUG_r50_00340,False
interpolation,1,13_47,27_88,13,0.5256741046905518,5499.966117143631,19220,0.5,0.4986376021798365,True,GLOBAL_AUG,train,syn_GLOBAL_AUG_r50_00341,False
interpolation,1,48_273,42_177,48,0.6028895378112793,687.3994159698486,660,0.5,0.4986376021798365,True,GLOBAL_AUG,train,syn_GLOBAL_AUG_r50_00342,False
interpolation,0,74_977,49_294,74,0.6381190419197083,343.4802371263504,810,0.5,0.4986376021798365,True,GLOBAL_AUG,train,syn_GLOBAL_AUG_r50_00343,False
interpolation,0,74_957,74_961,74,0.4331490397453308,172.6463943719864,470,0.5,0.4986376021798365,True,GLOBAL_AUG,train,syn_GLOBAL_AUG_r50_00344,False
interpolation,1,48_266,49_297,48,0.6261480450630188,144.95407819747925,260,0.5,0.4986376021798365,True,GLOBAL_AUG,train,syn_GLOBAL_AUG_r50_00345,False
interpolation,1,48_233,49_285,48,0.3920958638191223,381.17006570100784,890,0.5,0.4986376021798365,True,GLOBAL_AUG,train,syn_GLOBAL_AUG_r50_00346,False
interpolation,1,79_1043,62_662,79,0.6525253057479858,170.0,340,0.5,0.4986376021798365,True,GLOBAL_AUG,train,syn_GLOBAL_AUG_r50_00347,False
interpolation,1,36_138,30_115,36,0.451637327671051,1031.9080063700676,830,0.5,0.4986376021798365,True,GLOBAL_AUG,train,syn_GLOBAL_AUG_r50_00348,False
interpolation,1,30_115,36_140,30,0.5817087888717651,1061.056563258171,3080,0.5,0.4986376021798365,True,GLOBAL_AUG,train,syn_GLOBAL_AUG_r50_00349,False
interpolation,0,60_617,57_495,60,0.2887634038925171,123.55618298053741,240,0.5,0.4986376021798365,True,GLOBAL_AUG,train,syn_GLOBAL_AUG_r50_00350,False
interpolation,1,41_156,49_283,41,0.5121361017227173,381.3349711894989,870,0.5,0.4986376021798365,True,GLOBAL_AUG,train,syn_GLOBAL_AUG_r50_00351,False
interpolation,0,80_1082,80_1101,80,0.6195383071899414,230.333890914917,240,0.5,0.4986376021798365,True,GLOBAL_AUG,train,syn_GLOBAL_AUG_r50_00352,False
interpolation,0,64_700,63_676,64,0.4035928547382355,535.0000159442425,1070,0.5,0.4986376021798365,True,GLOBAL_AUG,train,syn_GLOBAL_AUG_r50_00353,False
interpolation,0,70_885,48_261,70,0.38737842440605164,476.48043006658554,1780,0.5,0.4986376021798365,True,GLOBAL_AUG,train,syn_GLOBAL_AUG_r50_00354,False
interpolation,0,78_1029,63_678,78,0.5736044049263,339.7970351576805,880,0.5,0.4986376021798365,True,GLOBAL_AUG,train,syn_GLOBAL_AUG_r50_00355,False
interpolation,0,53_362,60_619,53,0.6935369372367859,525.6392073631287,1370,0.5,0.4986376021798365,True,GLOBAL_AUG,train,syn_GLOBAL_AUG_r50_00356,False
interpolation,1,57_504,76_1025,57,0.7157269716262817,125.0,250,0.5,0.4986376021798365,True,GLOBAL_AUG,train,syn_GLOBAL_AUG_r50_00357,False
interpolation,0,74_965,66_780,74,0.4390086531639099,272.1918171644211,780,0.5,0.4986376021798365,True,GLOBAL_AUG,train,syn_GLOBAL_AUG_r50_00358,False
interpolation,1,27_98,10_37,27,0.5476259589195251,1002.6288616657257,3290,0.5,0.4986376021798365,True,GLOBAL_AUG,train,syn_GLOBAL_AUG_r50_00359,False
interpolation,1,32_132,4_9,32,0.6752904057502747,1038.233902156353,2320,0.5,0.4986376021798365,True,GLOBAL_AUG,train,syn_GLOBAL_AUG_r50_00360,False
interpolation,0,70_884,48_280,70,0.5866600275039673,375.2183169722557,960,0.5,0.4986376021798365,True,GLOBAL_AUG,train,syn_GLOBAL_AUG_r50_00361,False
interpolation,0,52_342,73_950,52,0.30619001388549805,201.5475034713745,750,0.5,0.4986376021798365,True,GLOBAL_AUG,train,syn_GLOBAL_AUG_r50_00362,False
interpolation,0,74_958,49_294,74,0.471138060092926,235.0,470,0.5,0.4986376021798365,True,GLOBAL_AUG,train,syn_GLOBAL_AUG_r50_00363,False
interpolation,0,79_1073,66_776,79,0.5897433757781982,217.56407260894775,550,0.5,0.4986376021798365,True,GLOBAL_AUG,train,syn_GLOBAL_AUG_r50_00364,False
interpolation,0,61_648,49_283,61,0.5263783931732178,340.79135179519653,710,0.5,0.4986376021798365,True,GLOBAL_AUG,train,syn_GLOBAL_AUG_r50_00365,False
jitter,1,7_25,,7,,1300.5,2601,1.0,1.0,True,GLOBAL_AUG,train,syn_GLOBAL_AUG_r100_00000,False
jitter,1,10_32,,10,,450.0,900,1.0,1.0,True,GLOBAL_AUG,train,syn_GLOBAL_AUG_r100_00001,False
jitter,1,61_652,,61,,255.0,510,1.0,1.0,True,GLOBAL_AUG,train,syn_GLOBAL_AUG_r100_00002,False
jitter,1,31_122,,31,,1510.0,3020,1.0,1.0,True,GLOBAL_AUG,train,syn_GLOBAL_AUG_r100_00003,False
jitter,1,57_503,,57,,325.0,650,1.0,1.0,True,GLOBAL_AUG,train,syn_GLOBAL_AUG_r100_00004,False
jitter,1,66_788,,66,,175.0,350,1.0,1.0,True,GLOBAL_AUG,train,syn_GLOBAL_AUG_r100_00005,False
jitter,1,66_792,,66,,1088.0,2176,1.0,1.0,True,GLOBAL_AUG,train,syn_GLOBAL_AUG_r100_00006,False
jitter,0,80_1089,,80,,465.0,930,1.0,1.0,True,GLOBAL_AUG,train,syn_GLOBAL_AUG_r100_00007,False
jitter,1,41_162,,41,,265.0,530,1.0,1.0,True,GLOBAL_AUG,train,syn_GLOBAL_AUG_r100_00008,False
jitter,0,73_934,,73,,990.0,1980,1.0,1.0,True,GLOBAL_AUG,train,syn_GLOBAL_AUG_r100_00009,False
jitter,1,57_498,,57,,180.0,360,1.0,1.0,True,GLOBAL_AUG,train,syn_GLOBAL_AUG_r100_00010,False
jitter,1,79_1050,,79,,245.0,490,1.0,1.0,True,GLOBAL_AUG,train,syn_GLOBAL_AUG_r100_00011,False
jitter,1,29_110,,29,,725.0,1450,1.0,1.0,True,GLOBAL_AUG,train,syn_GLOBAL_AUG_r100_00012,False
jitter,1,48_253,,48,,120.0,240,1.0,1.0,True,GLOBAL_AUG,train,syn_GLOBAL_AUG_r100_00013,False
jitter,1,10_30,,10,,150.0,300,1.0,1.0,True,GLOBAL_AUG,train,syn_GLOBAL_AUG_r100_00014,False
jitter,1,48_272,,48,,135.0,270,1.0,1.0,True,GLOBAL_AUG,train,syn_GLOBAL_AUG_r100_00015,False
jitter,1,48_237,,48,,190.0,380,1.0,1.0,True,GLOBAL_AUG,train,syn_GLOBAL_AUG_r100_00016,False
jitter,0,52_342,,52,,375.0,750,1.0,1.0,True,GLOBAL_AUG,train,syn_GLOBAL_AUG_r100_00017,False
jitter,0,51_328,,51,,345.0,690,1.0,1.0,True,GLOBAL_AUG,train,syn_GLOBAL_AUG_r100_00018,False
jitter,1,57_508,,57,,200.0,400,1.0,1.0,True,GLOBAL_AUG,train,syn_GLOBAL_AUG_r100_00019,False
jitter,0,66_756,,66,,700.0,1400,1.0,1.0,True,GLOBAL_AUG,train,syn_GLOBAL_AUG_r100_00020,False
jitter,1,62_671,,62,,180.0,360,1.0,1.0,True,GLOBAL_AUG,train,syn_GLOBAL_AUG_r100_00021,False
jitter,1,27_101,,27,,2010.5,4021,1.0,1.0,True,GLOBAL_AUG,train,syn_GLOBAL_AUG_r100_00022,False
jitter,0,74_961,,74,,125.0,250,1.0,1.0,True,GLOBAL_AUG,train,syn_GLOBAL_AUG_r100_00023,False
jitter,0,51_326,,51,,275.0,550,1.0,1.0,True,GLOBAL_AUG,train,syn_GLOBAL_AUG_r100_00024,False
jitter,1,48_249,,48,,245.0,490,1.0,1.0,True,GLOBAL_AUG,train,syn_GLOBAL_AUG_r100_00025,False
jitter,1,50_316,,50,,235.0,470,1.0,1.0,True,GLOBAL_AUG,train,syn_GLOBAL_AUG_r100_00026,False
jitter,1,66_771,,66,,220.0,440,1.0,1.0,True,GLOBAL_AUG,train,syn_GLOBAL_AUG_r100_00027,False
jitter,0,53_385,,53,,250.0,500,1.0,1.0,True,GLOBAL_AUG,train,syn_GLOBAL_AUG_r100_00028,False
jitter,1,72_913,,72,,175.0,350,1.0,1.0,True,GLOBAL_AUG,train,syn_GLOBAL_AUG_r100_00029,False
jitter,1,55_418,,55,,135.0,270,1.0,1.0,True,GLOBAL_AUG,train,syn_GLOBAL_AUG_r100_00030,False
jitter,1,49_286,,49,,135.0,270,1.0,1.0,True,GLOBAL_AUG,train,syn_GLOBAL_AUG_r100_00031,False
jitter,0,61_639,,61,,210.0,420,1.0,1.0,True,GLOBAL_AUG,train,syn_GLOBAL_AUG_r100_00032,False
jitter,0,74_982,,74,,190.0,380,1.0,1.0,True,GLOBAL_AUG,train,syn_GLOBAL_AUG_r100_00033,False
jitter,0,74_975,,74,,240.0,480,1.0,1.0,True,GLOBAL_AUG,train,syn_GLOBAL_AUG_r100_00034,False
jitter,1,27_97,,27,,2205.0,4410,1.0,1.0,True,GLOBAL_AUG,train,syn_GLOBAL_AUG_r100_00035,False
jitter,0,80_1084,,80,,870.0,1740,1.0,1.0,True,GLOBAL_AUG,train,syn_GLOBAL_AUG_r100_00036,False
jitter,0,47_227,,47,,350.0,700,1.0,1.0,True,GLOBAL_AUG,train,syn_GLOBAL_AUG_r100_00037,False
jitter,1,76_1010,,76,,1200.0,2400,1.0,1.0,True,GLOBAL_AUG,train,syn_GLOBAL_AUG_r100_00038,False
jitter,0,66_758,,66,,405.0,810,1.0,1.0,True,GLOBAL_AUG,train,syn_GLOBAL_AUG_r100_00039,False
jitter,1,31_122,,31,,1510.0,3020,1.0,1.0,True,GLOBAL_AUG,train,syn_GLOBAL_AUG_r100_00040,False
jitter,0,73_931,,73,,410.0,820,1.0,1.0,True,GLOBAL_AUG,train,syn_GLOBAL_AUG_r100_00041,False
jitter,0,70_872,,70,,680.0,1360,1.0,1.0,True,GLOBAL_AUG,train,syn_GLOBAL_AUG_r100_00042,False
jitter,0,74_972,,74,,325.0,650,1.0,1.0,True,GLOBAL_AUG,train,syn_GLOBAL_AUG_r100_00043,False
jitter,0,53_380,,53,,215.0,430,1.0,1.0,True,GLOBAL_AUG,train,syn_GLOBAL_AUG_r100_00044,False
jitter,1,17_56,,17,,3707.0,7414,1.0,1.0,True,GLOBAL_AUG,train,syn_GLOBAL_AUG_r100_00045,False
jitter,0,70_865,,70,,120.0,240,1.0,1.0,True,GLOBAL_AUG,train,syn_GLOBAL_AUG_r100_00046,False
jitter,0,76_1006,,76,,195.0,390,1.0,1.0,True,GLOBAL_AUG,train,syn_GLOBAL_AUG_r100_00047,False
jitter,0,79_1068,,79,,160.0,320,1.0,1.0,True,GLOBAL_AUG,train,syn_GLOBAL_AUG_r100_00048,False
jitter,0,79_1074,,79,,425.0,850,1.0,1.0,True,GLOBAL_AUG,train,syn_GLOBAL_AUG_r100_00049,False
jitter,1,50_317,,50,,160.0,320,1.0,1.0,True,GLOBAL_AUG,train,syn_GLOBAL_AUG_r100_00050,False
jitter,0,74_975,,74,,240.0,480,1.0,1.0,True,GLOBAL_AUG,train,syn_GLOBAL_AUG_r100_00051,False
jitter,0,53_358,,53,,820.0,1640,1.0,1.0,True,GLOBAL_AUG,train,syn_GLOBAL_AUG_r100_00052,False
jitter,1,68_844,,68,,810.5,1621,1.0,1.0,True,GLOBAL_AUG,train,syn_GLOBAL_AUG_r100_00053,False
jitter,1,48_247,,48,,325.0,650,1.0,1.0,True,GLOBAL_AUG,train,syn_GLOBAL_AUG_r100_00054,False
jitter,0,79_1055,,79,,285.0,570,1.0,1.0,True,GLOBAL_AUG,train,syn_GLOBAL_AUG_r100_00055,False
jitter,1,66_786,,66,,160.0,320,1.0,1.0,True,GLOBAL_AUG,train,syn_GLOBAL_AUG_r100_00056,False
jitter,0,76_1013,,76,,440.0,880,1.0,1.0,True,GLOBAL_AUG,train,syn_GLOBAL_AUG_r100_00057,False
jitter,1,57_505,,57,,220.0,440,1.0,1.0,True,GLOBAL_AUG,train,syn_GLOBAL_AUG_r100_00058,False
jitter,0,61_655,,61,,135.0,270,1.0,1.0,True,GLOBAL_AUG,train,syn_GLOBAL_AUG_r100_00059,False
jitter,1,4_10,,4,,1455.0,2910,1.0,1.0,True,GLOBAL_AUG,train,syn_GLOBAL_AUG_r100_00060,False
jitter,0,72_915,,72,,445.0,890,1.0,1.0,True,GLOBAL_AUG,train,syn_GLOBAL_AUG_r100_00061,False
jitter,1,57_496,,57,,320.0,640,1.0,1.0,True,GLOBAL_AUG,train,syn_GLOBAL_AUG_r100_00062,False
jitter,1,30_115,,30,,1540.0,3080,1.0,1.0,True,GLOBAL_AUG,train,syn_GLOBAL_AUG_r100_00063,False
jitter,1,50_303,,50,,145.0,290,1.0,1.0,True,GLOBAL_AUG,train,syn_GLOBAL_AUG_r100_00064,False
jitter,1,74_987,,74,,660.5,1321,1.0,1.0,True,GLOBAL_AUG,train,syn_GLOBAL_AUG_r100_00065,False
jitter,1,50_320,,50,,255.0,510,1.0,1.0,True,GLOBAL_AUG,train,syn_GLOBAL_AUG_r100_00066,False
jitter,0,61_648,,61,,355.0,710,1.0,1.0,True,GLOBAL_AUG,train,syn_GLOBAL_AUG_r100_00067,False
jitter,1,57_493,,57,,470.0,940,1.0,1.0,True,GLOBAL_AUG,train,syn_GLOBAL_AUG_r100_00068,False
jitter,0,51_328,,51,,345.0,690,1.0,1.0,True,GLOBAL_AUG,train,syn_GLOBAL_AUG_r100_00069,False
jitter,1,13_47,,13,,9610.0,19220,1.0,1.0,True,GLOBAL_AUG,train,syn_GLOBAL_AUG_r100_00070,False
jitter,1,42_168,,42,,660.0,1320,1.0,1.0,True,GLOBAL_AUG,train,syn_GLOBAL_AUG_r100_00071,False
jitter,1,11_44,,11,,198.5,397,1.0,1.0,True,GLOBAL_AUG,train,syn_GLOBAL_AUG_r100_00072,False
jitter,1,81_1105,,81,,315.0,630,1.0,1.0,True,GLOBAL_AUG,train,syn_GLOBAL_AUG_r100_00073,False
jitter,0,72_921,,72,,795.0,1590,1.0,1.0,True,GLOBAL_AUG,train,syn_GLOBAL_AUG_r100_00074,False
jitter,1,41_157,,41,,490.0,980,1.0,1.0,True,GLOBAL_AUG,train,syn_GLOBAL_AUG_r100_00075,False
jitter,0,68_818,,68,,245.0,490,1.0,1.0,True,GLOBAL_AUG,train,syn_GLOBAL_AUG_r100_00076,False
jitter,0,79_1070,,79,,190.0,380,1.0,1.0,True,GLOBAL_AUG,train,syn_GLOBAL_AUG_r100_00077,False
jitter,1,50_307,,50,,340.0,680,1.0,1.0,True,GLOBAL_AUG,train,syn_GLOBAL_AUG_r100_00078,False
jitter,1,66_781,,66,,410.0,820,1.0,1.0,True,GLOBAL_AUG,train,syn_GLOBAL_AUG_r100_00079,False
jitter,1,73_936,,73,,120.0,240,1.0,1.0,True,GLOBAL_AUG,train,syn_GLOBAL_AUG_r100_00080,False
jitter,1,48_239,,48,,470.0,940,1.0,1.0,True,GLOBAL_AUG,train,syn_GLOBAL_AUG_r100_00081,False
jitter,0,46_226,,46,,125.0,250,1.0,1.0,True,GLOBAL_AUG,train,syn_GLOBAL_AUG_r100_00082,False
jitter,1,23_81,,23,,3110.0,6220,1.0,1.0,True,GLOBAL_AUG,train,syn_GLOBAL_AUG_r100_00083,False
jitter,0,60_627,,60,,310.0,620,1.0,1.0,True,GLOBAL_AUG,train,syn_GLOBAL_AUG_r100_00084,False
jitter,0,73_929,,73,,255.0,510,1.0,1.0,True,GLOBAL_AUG,train,syn_GLOBAL_AUG_r100_00085,False
jitter,0,62_668,,62,,330.0,660,1.0,1.0,True,GLOBAL_AUG,train,syn_GLOBAL_AUG_r100_00086,False
jitter,1,49_297,,49,,170.0,340,1.0,1.0,True,GLOBAL_AUG,train,syn_GLOBAL_AUG_r100_00087,False
jitter,0,70_874,,70,,240.0,480,1.0,1.0,True,GLOBAL_AUG,train,syn_GLOBAL_AUG_r100_00088,False
jitter,0,60_631,,60,,475.0,950,1.0,1.0,True,GLOBAL_AUG,train,syn_GLOBAL_AUG_r100_00089,False
jitter,0,80_1083,,80,,450.0,900,1.0,1.0,True,GLOBAL_AUG,train,syn_GLOBAL_AUG_r100_00090,False
jitter,0,72_909,,72,,810.0,1620,1.0,1.0,True,GLOBAL_AUG,train,syn_GLOBAL_AUG_r100_00091,False
jitter,1,42_174,,42,,600.0,1200,1.0,1.0,True,GLOBAL_AUG,train,syn_GLOBAL_AUG_r100_00092,False
jitter,1,48_231,,48,,225.0,450,1.0,1.0,True,GLOBAL_AUG,train,syn_GLOBAL_AUG_r100_00093,False
jitter,0,61_638,,61,,185.0,370,1.0,1.0,True,GLOBAL_AUG,train,syn_GLOBAL_AUG_r100_00094,False
jitter,0,47_227,,47,,350.0,700,1.0,1.0,True,GLOBAL_AUG,train,syn_GLOBAL_AUG_r100_00095,False
jitter,0,53_362,,53,,685.0,1370,1.0,1.0,True,GLOBAL_AUG,train,syn_GLOBAL_AUG_r100_00096,False
jitter,0,61_645,,61,,295.0,590,1.0,1.0,True,GLOBAL_AUG,train,syn_GLOBAL_AUG_r100_00097,False
jitter,1,36_144,,36,,340.0,680,1.0,1.0,True,GLOBAL_AUG,train,syn_GLOBAL_AUG_r100_00098,False
jitter,1,48_264,,48,,345.0,690,1.0,1.0,True,GLOBAL_AUG,train,syn_GLOBAL_AUG_r100_00099,False
jitter,1,42_170,,42,,440.0,880,1.0,1.0,True,GLOBAL_AUG,train,syn_GLOBAL_AUG_r100_00100,False
jitter,1,76_1018,,76,,1100.0,2200,1.0,1.0,True,GLOBAL_AUG,train,syn_GLOBAL_AUG_r100_00101,False
jitter,0,73_934,,73,,990.0,1980,1.0,1.0,True,GLOBAL_AUG,train,syn_GLOBAL_AUG_r100_00102,False
jitter,0,52_340,,52,,140.0,280,1.0,1.0,True,GLOBAL_AUG,train,syn_GLOBAL_AUG_r100_00103,False
jitter,1,73_953,,73,,1183.0,2366,1.0,1.0,True,GLOBAL_AUG,train,syn_GLOBAL_AUG_r100_00104,False
jitter,0,64_706,,64,,180.0,360,1.0,1.0,True,GLOBAL_AUG,train,syn_GLOBAL_AUG_r100_00105,False
jitter,1,42_172,,42,,610.0,1220,1.0,1.0,True,GLOBAL_AUG,train,syn_GLOBAL_AUG_r100_00106,False
jitter,0,64_706,,64,,180.0,360,1.0,1.0,True,GLOBAL_AUG,train,syn_GLOBAL_AUG_r100_00107,False
jitter,0,53_380,,53,,215.0,430,1.0,1.0,True,GLOBAL_AUG,train,syn_GLOBAL_AUG_r100_00108,False
jitter,1,66_788,,66,,175.0,350,1.0,1.0,True,GLOBAL_AUG,train,syn_GLOBAL_AUG_r100_00109,False
jitter,0,68_831,,68,,240.0,480,1.0,1.0,True,GLOBAL_AUG,train,syn_GLOBAL_AUG_r100_00110,False
jitter,1,36_138,,36,,415.0,830,1.0,1.0,True,GLOBAL_AUG,train,syn_GLOBAL_AUG_r100_00111,False
jitter,1,51_327,,51,,125.0,250,1.0,1.0,True,GLOBAL_AUG,train,syn_GLOBAL_AUG_r100_00112,False
jitter,1,30_121,,30,,1776.5,3553,1.0,1.0,True,GLOBAL_AUG,train,syn_GLOBAL_AUG_r100_00113,False
jitter,0,76_1015,,76,,200.0,400,1.0,1.0,True,GLOBAL_AUG,train,syn_GLOBAL_AUG_r100_00114,False
jitter,0,79_1062,,79,,170.0,340,1.0,1.0,True,GLOBAL_AUG,train,syn_GLOBAL_AUG_r100_00115,False
jitter,0,73_945,,73,,180.0,360,1.0,1.0,True,GLOBAL_AUG,train,syn_GLOBAL_AUG_r100_00116,False
jitter,1,63_693,,63,,135.0,270,1.0,1.0,True,GLOBAL_AUG,train,syn_GLOBAL_AUG_r100_00117,False
jitter,0,81_1109,,81,,980.0,1960,1.0,1.0,True,GLOBAL_AUG,train,syn_GLOBAL_AUG_r100_00118,False
jitter,0,61_656,,61,,375.0,750,1.0,1.0,True,GLOBAL_AUG,train,syn_GLOBAL_AUG_r100_00119,False
jitter,0,80_1077,,80,,445.0,890,1.0,1.0,True,GLOBAL_AUG,train,syn_GLOBAL_AUG_r100_00120,False
jitter,0,73_945,,73,,180.0,360,1.0,1.0,True,GLOBAL_AUG,train,syn_GLOBAL_AUG_r100_00121,False
jitter,0,53_356,,53,,410.0,820,1.0,1.0,True,GLOBAL_AUG,train,syn_GLOBAL_AUG_r100_00122,False
jitter,0,64_705,,64,,165.0,330,1.0,1.0,True,GLOBAL_AUG,train,syn_GLOBAL_AUG_r100_00123,False
jitter,1,72_924,,72,,155.5,311,1.0,1.0,True,GLOBAL_AUG,train,syn_GLOBAL_AUG_r100_00124,False
jitter,1,55_414,,55,,130.0,260,1.0,1.0,True,GLOBAL_AUG,train,syn_GLOBAL_AUG_r100_00125,False
jitter,0,76_1016,,76,,375.0,750,1.0,1.0,True,GLOBAL_AUG,train,syn_GLOBAL_AUG_r100_00126,False
jitter,1,30_118,,30,,2125.0,4250,1.0,1.0,True,GLOBAL_AUG,train,syn_GLOBAL_AUG_r100_00127,False
jitter,0,61_638,,61,,185.0,370,1.0,1.0,True,GLOBAL_AUG,train,syn_GLOBAL_AUG_r100_00128,False
jitter,0,66_758,,66,,405.0,810,1.0,1.0,True,GLOBAL_AUG,train,syn_GLOBAL_AUG_r100_00129,False
jitter,0,76_1024,,76,,570.0,1140,1.0,1.0,True,GLOBAL_AUG,train,syn_GLOBAL_AUG_r100_00130,False
jitter,1,10_41,,10,,4333.0,8666,1.0,1.0,True,GLOBAL_AUG,train,syn_GLOBAL_AUG_r100_00131,False
jitter,1,55_418,,55,,135.0,270,1.0,1.0,True,GLOBAL_AUG,train,syn_GLOBAL_AUG_r100_00132,False
jitter,1,48_236,,48,,245.0,490,1.0,1.0,True,GLOBAL_AUG,train,syn_GLOBAL_AUG_r100_00133,False
jitter,0,66_791,,66,,550.0,1100,1.0,1.0,True,GLOBAL_AUG,train,syn_GLOBAL_AUG_r100_00134,False
jitter,1,78_1036,,78,,935.0,1870,1.0,1.0,True,GLOBAL_AUG,train,syn_GLOBAL_AUG_r100_00135,False
jitter,1,63_685,,63,,160.0,320,1.0,1.0,True,GLOBAL_AUG,train,syn_GLOBAL_AUG_r100_00136,False
jitter,0,63_689,,63,,495.0,990,1.0,1.0,True,GLOBAL_AUG,train,syn_GLOBAL_AUG_r100_00137,False
jitter,1,57_524,,57,,256.5,513,1.0,1.0,True,GLOBAL_AUG,train,syn_GLOBAL_AUG_r100_00138,False
jitter,0,51_333,,51,,480.0,960,1.0,1.0,True,GLOBAL_AUG,train,syn_GLOBAL_AUG_r100_00139,False
jitter,1,48_240,,48,,245.0,490,1.0,1.0,True,GLOBAL_AUG,train,syn_GLOBAL_AUG_r100_00140,False
jitter,1,72_912,,72,,155.0,310,1.0,1.0,True,GLOBAL_AUG,train,syn_GLOBAL_AUG_r100_00141,False
jitter,1,74_987,,74,,660.5,1321,1.0,1.0,True,GLOBAL_AUG,train,syn_GLOBAL_AUG_r100_00142,False
jitter,0,62_669,,62,,220.0,440,1.0,1.0,True,GLOBAL_AUG,train,syn_GLOBAL_AUG_r100_00143,False
jitter,0,53_371,,53,,370.0,740,1.0,1.0,True,GLOBAL_AUG,train,syn_GLOBAL_AUG_r100_00144,False
jitter,0,79_1059,,79,,515.0,1030,1.0,1.0,True,GLOBAL_AUG,train,syn_GLOBAL_AUG_r100_00145,False
jitter,0,78_1028,,78,,355.0,710,1.0,1.0,True,GLOBAL_AUG,train,syn_GLOBAL_AUG_r100_00146,False
jitter,0,52_340,,52,,140.0,280,1.0,1.0,True,GLOBAL_AUG,train,syn_GLOBAL_AUG_r100_00147,False
jitter,1,23_81,,23,,3110.0,6220,1.0,1.0,True,GLOBAL_AUG,train,syn_GLOBAL_AUG_r100_00148,False
jitter,1,48_240,,48,,245.0,490,1.0,1.0,True,GLOBAL_AUG,train,syn_GLOBAL_AUG_r100_00149,False
jitter,1,66_779,,66,,240.0,480,1.0,1.0,True,GLOBAL_AUG,train,syn_GLOBAL_AUG_r100_00150,False
jitter,0,60_619,,60,,165.0,330,1.0,1.0,True,GLOBAL_AUG,train,syn_GLOBAL_AUG_r100_00151,False
jitter,1,76_1023,,76,,1090.0,2180,1.0,1.0,True,GLOBAL_AUG,train,syn_GLOBAL_AUG_r100_00152,False
jitter,1,61_641,,61,,120.0,240,1.0,1.0,True,GLOBAL_AUG,train,syn_GLOBAL_AUG_r100_00153,False
jitter,1,48_278,,48,,250.0,500,1.0,1.0,True,GLOBAL_AUG,train,syn_GLOBAL_AUG_r100_00154,False
jitter,0,80_1077,,80,,445.0,890,1.0,1.0,True,GLOBAL_AUG,train,syn_GLOBAL_AUG_r100_00155,False
jitter,0,63_678,,63,,205.0,410,1.0,1.0,True,GLOBAL_AUG,train,syn_GLOBAL_AUG_r100_00156,False
jitter,1,32_137,,32,,730.0,1460,1.0,1.0,True,GLOBAL_AUG,train,syn_GLOBAL_AUG_r100_00157,False
jitter,1,50_304,,50,,175.0,350,1.0,1.0,True,GLOBAL_AUG,train,syn_GLOBAL_AUG_r100_00158,False
jitter,0,80_1077,,80,,445.0,890,1.0,1.0,True,GLOBAL_AUG,train,syn_GLOBAL_AUG_r100_00159,False
jitter,1,36_148,,36,,300.0,600,1.0,1.0,True,GLOBAL_AUG,train,syn_GLOBAL_AUG_r100_00160,False
jitter,0,46_223,,46,,350.0,700,1.0,1.0,True,GLOBAL_AUG,train,syn_GLOBAL_AUG_r100_00161,False
jitter,1,79_1075,,79,,1192.0,2384,1.0,1.0,True,GLOBAL_AUG,train,syn_GLOBAL_AUG_r100_00162,False
jitter,1,81_1110,,81,,120.0,240,1.0,1.0,True,GLOBAL_AUG,train,syn_GLOBAL_AUG_r100_00163,False
jitter,0,66_757,,66,,250.0,500,1.0,1.0,True,GLOBAL_AUG,train,syn_GLOBAL_AUG_r100_00164,False
jitter,1,48_235,,48,,235.0,470,1.0,1.0,True,GLOBAL_AUG,train,syn_GLOBAL_AUG_r100_00165,False
jitter,0,11_43,,11,,3545.0,7090,1.0,1.0,True,GLOBAL_AUG,train,syn_GLOBAL_AUG_r100_00166,False
jitter,0,80_1077,,80,,445.0,890,1.0,1.0,True,GLOBAL_AUG,train,syn_GLOBAL_AUG_r100_00167,False
jitter,1,48_261,,48,,215.0,430,1.0,1.0,True,GLOBAL_AUG,train,syn_GLOBAL_AUG_r100_00168,False
jitter,1,68_844,,68,,810.5,1621,1.0,1.0,True,GLOBAL_AUG,train,syn_GLOBAL_AUG_r100_00169,False
jitter,0,79_1063,,79,,1165.0,2330,1.0,1.0,True,GLOBAL_AUG,train,syn_GLOBAL_AUG_r100_00170,False
jitter,0,62_669,,62,,220.0,440,1.0,1.0,True,GLOBAL_AUG,train,syn_GLOBAL_AUG_r100_00171,False
jitter,0,55_411,,55,,195.0,390,1.0,1.0,True,GLOBAL_AUG,train,syn_GLOBAL_AUG_r100_00172,False
jitter,1,68_814,,68,,135.0,270,1.0,1.0,True,GLOBAL_AUG,train,syn_GLOBAL_AUG_r100_00173,False
jitter,0,80_1088,,80,,600.0,1200,1.0,1.0,True,GLOBAL_AUG,train,syn_GLOBAL_AUG_r100_00174,False
jitter,0,60_631,,60,,475.0,950,1.0,1.0,True,GLOBAL_AUG,train,syn_GLOBAL_AUG_r100_00175,False
jitter,1,4_4,,4,,1675.0,3350,1.0,1.0,True,GLOBAL_AUG,train,syn_GLOBAL_AUG_r100_00176,False
jitter,0,55_415,,55,,570.0,1140,1.0,1.0,True,GLOBAL_AUG,train,syn_GLOBAL_AUG_r100_00177,False
jitter,1,48_277,,48,,150.0,300,1.0,1.0,True,GLOBAL_AUG,train,syn_GLOBAL_AUG_r100_00178,False
jitter,1,41_162,,41,,265.0,530,1.0,1.0,True,GLOBAL_AUG,train,syn_GLOBAL_AUG_r100_00179,False
jitter,1,41_161,,41,,395.0,790,1.0,1.0,True,GLOBAL_AUG,train,syn_GLOBAL_AUG_r100_00180,False
jitter,0,61_658,,61,,348.0,696,1.0,1.0,True,GLOBAL_AUG,train,syn_GLOBAL_AUG_r100_00181,False
jitter,1,41_157,,41,,490.0,980,1.0,1.0,True,GLOBAL_AUG,train,syn_GLOBAL_AUG_r100_00182,False
jitter,0,47_229,,47,,160.0,320,1.0,1.0,True,GLOBAL_AUG,train,syn_GLOBAL_AUG_r100_00183,False
jitter,1,81_1105,,81,,315.0,630,1.0,1.0,True,GLOBAL_AUG,train,syn_GLOBAL_AUG_r100_00184,False
jitter,0,81_1112,,81,,170.0,340,1.0,1.0,True,GLOBAL_AUG,train,syn_GLOBAL_AUG_r100_00185,False
jitter,1,48_258,,48,,120.0,240,1.0,1.0,True,GLOBAL_AUG,train,syn_GLOBAL_AUG_r100_00186,False
jitter,1,31_122,,31,,1510.0,3020,1.0,1.0,True,GLOBAL_AUG,train,syn_GLOBAL_AUG_r100_00187,False
jitter,1,41_165,,41,,410.0,820,1.0,1.0,True,GLOBAL_AUG,train,syn_GLOBAL_AUG_r100_00188,False
jitter,0,55_419,,55,,310.0,620,1.0,1.0,True,GLOBAL_AUG,train,syn_GLOBAL_AUG_r100_00189,False
jitter,1,61_647,,61,,1840.0,3680,1.0,1.0,True,GLOBAL_AUG,train,syn_GLOBAL_AUG_r100_00190,False
jitter,0,74_962,,74,,120.0,240,1.0,1.0,True,GLOBAL_AUG,train,syn_GLOBAL_AUG_r100_00191,False
jitter,1,49_300,,49,,290.0,580,1.0,1.0,True,GLOBAL_AUG,train,syn_GLOBAL_AUG_r100_00192,False
jitter,0,68_821,,68,,270.0,540,1.0,1.0,True,GLOBAL_AUG,train,syn_GLOBAL_AUG_r100_00193,False
jitter,0,51_329,,51,,120.0,240,1.0,1.0,True,GLOBAL_AUG,train,syn_GLOBAL_AUG_r100_00194,False
jitter,0,47_230,,47,,123.0,246,1.0,1.0,True,GLOBAL_AUG,train,syn_GLOBAL_AUG_r100_00195,False
jitter,0,66_759,,66,,145.0,290,1.0,1.0,True,GLOBAL_AUG,train,syn_GLOBAL_AUG_r100_00196,False
jitter,0,53_367,,53,,160.0,320,1.0,1.0,True,GLOBAL_AUG,train,syn_GLOBAL_AUG_r100_00197,False
jitter,1,50_303,,50,,145.0,290,1.0,1.0,True,GLOBAL_AUG,train,syn_GLOBAL_AUG_r100_00198,False
jitter,0,61_635,,61,,355.0,710,1.0,1.0,True,GLOBAL_AUG,train,syn_GLOBAL_AUG_r100_00199,False
jitter,1,31_127,,31,,638.5,1277,1.0,1.0,True,GLOBAL_AUG,train,syn_GLOBAL_AUG_r100_00200,False
jitter,1,4_9,,4,,785.0,1570,1.0,1.0,True,GLOBAL_AUG,train,syn_GLOBAL_AUG_r100_00201,False
jitter,1,17_56,,17,,3707.0,7414,1.0,1.0,True,GLOBAL_AUG,train,syn_GLOBAL_AUG_r100_00202,False
jitter,1,66_788,,66,,175.0,350,1.0,1.0,True,GLOBAL_AUG,train,syn_GLOBAL_AUG_r100_00203,False
jitter,1,57_500,,57,,275.0,550,1.0,1.0,True,GLOBAL_AUG,train,syn_GLOBAL_AUG_r100_00204,False
jitter,1,41_160,,41,,335.0,670,1.0,1.0,True,GLOBAL_AUG,train,syn_GLOBAL_AUG_r100_00205,False
jitter,1,55_417,,55,,125.0,250,1.0,1.0,True,GLOBAL_AUG,train,syn_GLOBAL_AUG_r100_00206,False
jitter,0,61_638,,61,,185.0,370,1.0,1.0,True,GLOBAL_AUG,train,syn_GLOBAL_AUG_r100_00207,False
jitter,0,68_821,,68,,270.0,540,1.0,1.0,True,GLOBAL_AUG,train,syn_GLOBAL_AUG_r100_00208,False
jitter,1,66_779,,66,,240.0,480,1.0,1.0,True,GLOBAL_AUG,train,syn_GLOBAL_AUG_r100_00209,False
jitter,0,62_661,,62,,130.0,260,1.0,1.0,True,GLOBAL_AUG,train,syn_GLOBAL_AUG_r100_00210,False
jitter,0,60_627,,60,,310.0,620,1.0,1.0,True,GLOBAL_AUG,train,syn_GLOBAL_AUG_r100_00211,False
jitter,1,50_323,,50,,325.0,650,1.0,1.0,True,GLOBAL_AUG,train,syn_GLOBAL_AUG_r100_00212,False
jitter,0,52_340,,52,,140.0,280,1.0,1.0,True,GLOBAL_AUG,train,syn_GLOBAL_AUG_r100_00213,False
jitter,0,79_1061,,79,,190.0,380,1.0,1.0,True,GLOBAL_AUG,train,syn_GLOBAL_AUG_r100_00214,False
jitter,0,76_1006,,76,,195.0,390,1.0,1.0,True,GLOBAL_AUG,train,syn_GLOBAL_AUG_r100_00215,False
jitter,1,41_161,,41,,395.0,790,1.0,1.0,True,GLOBAL_AUG,train,syn_GLOBAL_AUG_r100_00216,False
jitter,0,74_962,,74,,120.0,240,1.0,1.0,True,GLOBAL_AUG,train,syn_GLOBAL_AUG_r100_00217,False
jitter,1,36_139,,36,,1130.0,2260,1.0,1.0,True,GLOBAL_AUG,train,syn_GLOBAL_AUG_r100_00218,False
jitter,0,52_340,,52,,140.0,280,1.0,1.0,True,GLOBAL_AUG,train,syn_GLOBAL_AUG_r100_00219,False
jitter,0,64_699,,64,,210.0,420,1.0,1.0,True,GLOBAL_AUG,train,syn_GLOBAL_AUG_r100_00220,False
jitter,0,61_658,,61,,348.0,696,1.0,1.0,True,GLOBAL_AUG,train,syn_GLOBAL_AUG_r100_00221,False
jitter,1,27_97,,27,,2205.0,4410,1.0,1.0,True,GLOBAL_AUG,train,syn_GLOBAL_AUG_r100_00222,False
jitter,1,57_509,,57,,245.0,490,1.0,1.0,True,GLOBAL_AUG,train,syn_GLOBAL_AUG_r100_00223,False
jitter,0,68_832,,68,,295.0,590,1.0,1.0,True,GLOBAL_AUG,train,syn_GLOBAL_AUG_r100_00224,False
jitter,1,48_277,,48,,150.0,300,1.0,1.0,True,GLOBAL_AUG,train,syn_GLOBAL_AUG_r100_00225,False
jitter,1,68_843,,68,,170.0,340,1.0,1.0,True,GLOBAL_AUG,train,syn_GLOBAL_AUG_r100_00226,False
jitter,0,66_777,,66,,395.0,790,1.0,1.0,True,GLOBAL_AUG,train,syn_GLOBAL_AUG_r100_00227,False
jitter,1,74_969,,74,,160.0,320,1.0,1.0,True,GLOBAL_AUG,train,syn_GLOBAL_AUG_r100_00228,False
jitter,0,62_659,,62,,225.0,450,1.0,1.0,True,GLOBAL_AUG,train,syn_GLOBAL_AUG_r100_00229,False
jitter,0,80_1100,,80,,455.0,910,1.0,1.0,True,GLOBAL_AUG,train,syn_GLOBAL_AUG_r100_00230,False
jitter,1,49_282,,49,,175.0,350,1.0,1.0,True,GLOBAL_AUG,train,syn_GLOBAL_AUG_r100_00231,False
jitter,0,60_621,,60,,790.0,1580,1.0,1.0,True,GLOBAL_AUG,train,syn_GLOBAL_AUG_r100_00232,False
jitter,1,48_259,,48,,170.0,340,1.0,1.0,True,GLOBAL_AUG,train,syn_GLOBAL_AUG_r100_00233,False
jitter,0,53_368,,53,,170.0,340,1.0,1.0,True,GLOBAL_AUG,train,syn_GLOBAL_AUG_r100_00234,False
jitter,1,10_41,,10,,4333.0,8666,1.0,1.0,True,GLOBAL_AUG,train,syn_GLOBAL_AUG_r100_00235,False
jitter,0,72_909,,72,,810.0,1620,1.0,1.0,True,GLOBAL_AUG,train,syn_GLOBAL_AUG_r100_00236,False
jitter,0,76_1008,,76,,145.0,290,1.0,1.0,True,GLOBAL_AUG,train,syn_GLOBAL_AUG_r100_00237,False
jitter,0,78_1034,,78,,350.0,700,1.0,1.0,True,GLOBAL_AUG,train,syn_GLOBAL_AUG_r100_00238,False
jitter,1,57_504,,57,,125.0,250,1.0,1.0,True,GLOBAL_AUG,train,syn_GLOBAL_AUG_r100_00239,False
jitter,0,52_345,,52,,358.0,716,1.0,1.0,True,GLOBAL_AUG,train,syn_GLOBAL_AUG_r100_00240,False
jitter,0,63_675,,63,,210.0,420,1.0,1.0,True,GLOBAL_AUG,train,syn_GLOBAL_AUG_r100_00241,False
jitter,1,50_309,,50,,180.0,360,1.0,1.0,True,GLOBAL_AUG,train,syn_GLOBAL_AUG_r100_00242,False
jitter,1,49_298,,49,,255.0,510,1.0,1.0,True,GLOBAL_AUG,train,syn_GLOBAL_AUG_r100_00243,False
jitter,0,66_776,,66,,135.0,270,1.0,1.0,True,GLOBAL_AUG,train,syn_GLOBAL_AUG_r100_00244,False
jitter,1,4_7,,4,,5020.0,10040,1.0,1.0,True,GLOBAL_AUG,train,syn_GLOBAL_AUG_r100_00245,False
jitter,0,74_955,,74,,210.0,420,1.0,1.0,True,GLOBAL_AUG,train,syn_GLOBAL_AUG_r100_00246,False
jitter,0,76_1024,,76,,570.0,1140,1.0,1.0,True,GLOBAL_AUG,train,syn_GLOBAL_AUG_r100_00247,False
jitter,0,80_1090,,80,,335.0,670,1.0,1.0,True,GLOBAL_AUG,train,syn_GLOBAL_AUG_r100_00248,False
jitter,0,68_819,,68,,505.0,1010,1.0,1.0,True,GLOBAL_AUG,train,syn_GLOBAL_AUG_r100_00249,False
jitter,1,57_515,,57,,120.0,240,1.0,1.0,True,GLOBAL_AUG,train,syn_GLOBAL_AUG_r100_00250,False
jitter,0,53_356,,53,,410.0,820,1.0,1.0,True,GLOBAL_AUG,train,syn_GLOBAL_AUG_r100_00251,False
jitter,1,41_159,,41,,525.0,1050,1.0,1.0,True,GLOBAL_AUG,train,syn_GLOBAL_AUG_r100_00252,False
jitter,1,30_119,,30,,1660.0,3320,1.0,1.0,True,GLOBAL_AUG,train,syn_GLOBAL_AUG_r100_00253,False
jitter,0,70_878,,70,,120.0,240,1.0,1.0,True,GLOBAL_AUG,train,syn_GLOBAL_AUG_r100_00254,False
jitter,0,74_983,,74,,155.0,310,1.0,1.0,True,GLOBAL_AUG,train,syn_GLOBAL_AUG_r100_00255,False
jitter,0,53_346,,53,,135.0,270,1.0,1.0,True,GLOBAL_AUG,train,syn_GLOBAL_AUG_r100_00256,False
jitter,0,61_645,,61,,295.0,590,1.0,1.0,True,GLOBAL_AUG,train,syn_GLOBAL_AUG_r100_00257,False
jitter,1,48_255,,48,,325.0,650,1.0,1.0,True,GLOBAL_AUG,train,syn_GLOBAL_AUG_r100_00258,False
jitter,1,72_917,,72,,205.0,410,1.0,1.0,True,GLOBAL_AUG,train,syn_GLOBAL_AUG_r100_00259,False
jitter,0,73_947,,73,,225.0,450,1.0,1.0,True,GLOBAL_AUG,train,syn_GLOBAL_AUG_r100_00260,False
jitter,0,74_962,,74,,120.0,240,1.0,1.0,True,GLOBAL_AUG,train,syn_GLOBAL_AUG_r100_00261,False
jitter,0,81_1106,,81,,205.0,410,1.0,1.0,True,GLOBAL_AUG,train,syn_GLOBAL_AUG_r100_00262,False
jitter,0,73_927,,73,,205.0,410,1.0,1.0,True,GLOBAL_AUG,train,syn_GLOBAL_AUG_r100_00263,False
jitter,0,73_940,,73,,205.0,410,1.0,1.0,True,GLOBAL_AUG,train,syn_GLOBAL_AUG_r100_00264,False
jitter,0,74_977,,74,,405.0,810,1.0,1.0,True,GLOBAL_AUG,train,syn_GLOBAL_AUG_r100_00265,False
jitter,1,57_493,,57,,470.0,940,1.0,1.0,True,GLOBAL_AUG,train,syn_GLOBAL_AUG_r100_00266,False
jitter,1,49_287,,49,,180.0,360,1.0,1.0,True,GLOBAL_AUG,train,syn_GLOBAL_AUG_r100_00267,False
jitter,0,73_947,,73,,225.0,450,1.0,1.0,True,GLOBAL_AUG,train,syn_GLOBAL_AUG_r100_00268,False
jitter,1,72_913,,72,,175.0,350,1.0,1.0,True,GLOBAL_AUG,train,syn_GLOBAL_AUG_r100_00269,False
jitter,1,50_312,,50,,340.0,680,1.0,1.0,True,GLOBAL_AUG,train,syn_GLOBAL_AUG_r100_00270,False
jitter,0,76_1021,,76,,505.0,1010,1.0,1.0,True,GLOBAL_AUG,train,syn_GLOBAL_AUG_r100_00271,False
jitter,1,36_138,,36,,415.0,830,1.0,1.0,True,GLOBAL_AUG,train,syn_GLOBAL_AUG_r100_00272,False
jitter,1,41_166,,41,,740.0,1480,1.0,1.0,True,GLOBAL_AUG,train,syn_GLOBAL_AUG_r100_00273,False
jitter,0,11_42,,11,,200.0,400,1.0,1.0,True,GLOBAL_AUG,train,syn_GLOBAL_AUG_r100_00274,False
jitter,0,76_1006,,76,,195.0,390,1.0,1.0,True,GLOBAL_AUG,train,syn_GLOBAL_AUG_r100_00275,False
jitter,1,42_176,,42,,605.0,1210,1.0,1.0,True,GLOBAL_AUG,train,syn_GLOBAL_AUG_r100_00276,False
jitter,0,61_642,,61,,135.0,270,1.0,1.0,True,GLOBAL_AUG,train,syn_GLOBAL_AUG_r100_00277,False
jitter,1,32_136,,32,,950.0,1900,1.0,1.0,True,GLOBAL_AUG,train,syn_GLOBAL_AUG_r100_00278,False
jitter,1,57_500,,57,,275.0,550,1.0,1.0,True,GLOBAL_AUG,train,syn_GLOBAL_AUG_r100_00279,False
jitter,1,32_132,,32,,1160.0,2320,1.0,1.0,True,GLOBAL_AUG,train,syn_GLOBAL_AUG_r100_00280,False
jitter,0,68_810,,68,,120.0,240,1.0,1.0,True,GLOBAL_AUG,train,syn_GLOBAL_AUG_r100_00281,False
jitter,1,66_788,,66,,175.0,350,1.0,1.0,True,GLOBAL_AUG,train,syn_GLOBAL_AUG_r100_00282,False
jitter,1,10_35,,10,,140.0,280,1.0,1.0,True,GLOBAL_AUG,train,syn_GLOBAL_AUG_r100_00283,False
jitter,0,74_982,,74,,190.0,380,1.0,1.0,True,GLOBAL_AUG,train,syn_GLOBAL_AUG_r100_00284,False
jitter,1,30_121,,30,,1776.5,3553,1.0,1.0,True,GLOBAL_AUG,train,syn_GLOBAL_AUG_r100_00285,False
jitter,0,73_946,,73,,230.0,460,1.0,1.0,True,GLOBAL_AUG,train,syn_GLOBAL_AUG_r100_00286,False
jitter,1,78_1038,,78,,607.5,1215,1.0,1.0,True,GLOBAL_AUG,train,syn_GLOBAL_AUG_r100_00287,False
jitter,0,68_836,,68,,135.0,270,1.0,1.0,True,GLOBAL_AUG,train,syn_GLOBAL_AUG_r100_00288,False
jitter,0,47_228,,47,,455.0,910,1.0,1.0,True,GLOBAL_AUG,train,syn_GLOBAL_AUG_r100_00289,False
jitter,0,53_365,,53,,120.0,240,1.0,1.0,True,GLOBAL_AUG,train,syn_GLOBAL_AUG_r100_00290,False
jitter,0,63_692,,63,,135.0,270,1.0,1.0,True,GLOBAL_AUG,train,syn_GLOBAL_AUG_r100_00291,False
jitter,1,30_119,,30,,1660.0,3320,1.0,1.0,True,GLOBAL_AUG,train,syn_GLOBAL_AUG_r100_00292,False
jitter,0,74_971,,74,,380.0,760,1.0,1.0,True,GLOBAL_AUG,train,syn_GLOBAL_AUG_r100_00293,False
jitter,0,76_1007,,76,,795.0,1590,1.0,1.0,True,GLOBAL_AUG,train,syn_GLOBAL_AUG_r100_00294,False
jitter,1,53_359,,53,,130.0,260,1.0,1.0,True,GLOBAL_AUG,train,syn_GLOBAL_AUG_r100_00295,False
jitter,1,72_912,,72,,155.0,310,1.0,1.0,True,GLOBAL_AUG,train,syn_GLOBAL_AUG_r100_00296,False
jitter,0,62_673,,62,,185.0,370,1.0,1.0,True,GLOBAL_AUG,train,syn_GLOBAL_AUG_r100_00297,False
jitter,1,13_48,,13,,8343.0,16686,1.0,1.0,True,GLOBAL_AUG,train,syn_GLOBAL_AUG_r100_00298,False
jitter,1,48_259,,48,,170.0,340,1.0,1.0,True,GLOBAL_AUG,train,syn_GLOBAL_AUG_r100_00299,False
jitter,0,74_978,,74,,160.0,320,1.0,1.0,True,GLOBAL_AUG,train,syn_GLOBAL_AUG_r100_00300,False
jitter,0,74_984,,74,,180.0,360,1.0,1.0,True,GLOBAL_AUG,train,syn_GLOBAL_AUG_r100_00301,False
jitter,1,41_157,,41,,490.0,980,1.0,1.0,True,GLOBAL_AUG,train,syn_GLOBAL_AUG_r100_00302,False
jitter,1,79_1069,,79,,990.0,1980,1.0,1.0,True,GLOBAL_AUG,train,syn_GLOBAL_AUG_r100_00303,False
jitter,0,76_1005,,76,,220.0,440,1.0,1.0,True,GLOBAL_AUG,train,syn_GLOBAL_AUG_r100_00304,False
jitter,1,10_37,,10,,225.0,450,1.0,1.0,True,GLOBAL_AUG,train,syn_GLOBAL_AUG_r100_00305,False
jitter,1,24_83,,24,,4395.0,8790,1.0,1.0,True,GLOBAL_AUG,train,syn_GLOBAL_AUG_r100_00306,False
jitter,0,63_691,,63,,210.0,420,1.0,1.0,True,GLOBAL_AUG,train,syn_GLOBAL_AUG_r100_00307,False
jitter,0,60_624,,60,,405.0,810,1.0,1.0,True,GLOBAL_AUG,train,syn_GLOBAL_AUG_r100_00308,False
jitter,1,57_503,,57,,325.0,650,1.0,1.0,True,GLOBAL_AUG,train,syn_GLOBAL_AUG_r100_00309,False
jitter,1,63_697,,63,,235.0,470,1.0,1.0,True,GLOBAL_AUG,train,syn_GLOBAL_AUG_r100_00310,False
jitter,0,46_223,,46,,350.0,700,1.0,1.0,True,GLOBAL_AUG,train,syn_GLOBAL_AUG_r100_00311,False
jitter,0,63_679,,63,,620.0,1240,1.0,1.0,True,GLOBAL_AUG,train,syn_GLOBAL_AUG_r100_00312,False
jitter,0,80_1092,,80,,130.0,260,1.0,1.0,True,GLOBAL_AUG,train,syn_GLOBAL_AUG_r100_00313,False
jitter,1,79_1060,,79,,935.0,1870,1.0,1.0,True,GLOBAL_AUG,train,syn_GLOBAL_AUG_r100_00314,False
jitter,1,48_264,,48,,345.0,690,1.0,1.0,True,GLOBAL_AUG,train,syn_GLOBAL_AUG_r100_00315,False
jitter,1,51_327,,51,,125.0,250,1.0,1.0,True,GLOBAL_AUG,train,syn_GLOBAL_AUG_r100_00316,False
jitter,1,27_94,,27,,405.0,810,1.0,1.0,True,GLOBAL_AUG,train,syn_GLOBAL_AUG_r100_00317,False
jitter,1,49_282,,49,,175.0,350,1.0,1.0,True,GLOBAL_AUG,train,syn_GLOBAL_AUG_r100_00318,False
jitter,0,53_378,,53,,1340.0,2680,1.0,1.0,True,GLOBAL_AUG,train,syn_GLOBAL_AUG_r100_00319,False
jitter,0,53_350,,53,,225.0,450,1.0,1.0,True,GLOBAL_AUG,train,syn_GLOBAL_AUG_r100_00320,False
jitter,1,41_154,,41,,145.0,290,1.0,1.0,True,GLOBAL_AUG,train,syn_GLOBAL_AUG_r100_00321,False
jitter,0,79_1071,,79,,145.0,290,1.0,1.0,True,GLOBAL_AUG,train,syn_GLOBAL_AUG_r100_00322,False
jitter,0,53_355,,53,,725.0,1450,1.0,1.0,True,GLOBAL_AUG,train,syn_GLOBAL_AUG_r100_00323,False
jitter,0,76_1006,,76,,195.0,390,1.0,1.0,True,GLOBAL_AUG,train,syn_GLOBAL_AUG_r100_00324,False
jitter,1,76_1023,,76,,1090.0,2180,1.0,1.0,True,GLOBAL_AUG,train,syn_GLOBAL_AUG_r100_00325,False
jitter,0,52_342,,52,,375.0,750,1.0,1.0,True,GLOBAL_AUG,train,syn_GLOBAL_AUG_r100_00326,False
jitter,1,66_770,,66,,195.0,390,1.0,1.0,True,GLOBAL_AUG,train,syn_GLOBAL_AUG_r100_00327,False
jitter,0,53_351,,53,,300.0,600,1.0,1.0,True,GLOBAL_AUG,train,syn_GLOBAL_AUG_r100_00328,False
jitter,0,68_818,,68,,245.0,490,1.0,1.0,True,GLOBAL_AUG,train,syn_GLOBAL_AUG_r100_00329,False
jitter,1,42_172,,42,,610.0,1220,1.0,1.0,True,GLOBAL_AUG,train,syn_GLOBAL_AUG_r100_00330,False
jitter,0,63_688,,63,,175.0,350,1.0,1.0,True,GLOBAL_AUG,train,syn_GLOBAL_AUG_r100_00331,False
jitter,0,79_1055,,79,,285.0,570,1.0,1.0,True,GLOBAL_AUG,train,syn_GLOBAL_AUG_r100_00332,False
jitter,0,73_930,,73,,150.0,300,1.0,1.0,True,GLOBAL_AUG,train,syn_GLOBAL_AUG_r100_00333,False
jitter,1,50_304,,50,,175.0,350,1.0,1.0,True,GLOBAL_AUG,train,syn_GLOBAL_AUG_r100_00334,False
jitter,1,23_82,,23,,2818.0,5636,1.0,1.0,True,GLOBAL_AUG,train,syn_GLOBAL_AUG_r100_00335,False
jitter,0,80_1098,,80,,800.0,1600,1.0,1.0,True,GLOBAL_AUG,train,syn_GLOBAL_AUG_r100_00336,False
jitter,0,72_918,,72,,285.0,570,1.0,1.0,True,GLOBAL_AUG,train,syn_GLOBAL_AUG_r100_00337,False
jitter,0,60_634,,60,,251.5,503,1.0,1.0,True,GLOBAL_AUG,train,syn_GLOBAL_AUG_r100_00338,False
jitter,0,60_624,,60,,405.0,810,1.0,1.0,True,GLOBAL_AUG,train,syn_GLOBAL_AUG_r100_00339,False
jitter,1,74_964,,74,,190.0,380,1.0,1.0,True,GLOBAL_AUG,train,syn_GLOBAL_AUG_r100_00340,False
jitter,0,76_1012,,76,,220.0,440,1.0,1.0,True,GLOBAL_AUG,train,syn_GLOBAL_AUG_r100_00341,False
jitter,1,57_493,,57,,470.0,940,1.0,1.0,True,GLOBAL_AUG,train,syn_GLOBAL_AUG_r100_00342,False
jitter,1,73_944,,73,,120.0,240,1.0,1.0,True,GLOBAL_AUG,train,syn_GLOBAL_AUG_r100_00343,False
jitter,1,50_319,,50,,170.0,340,1.0,1.0,True,GLOBAL_AUG,train,syn_GLOBAL_AUG_r100_00344,False
jitter,1,80_1091,,80,,120.0,240,1.0,1.0,True,GLOBAL_AUG,train,syn_GLOBAL_AUG_r100_00345,False
jitter,1,4_4,,4,,1675.0,3350,1.0,1.0,True,GLOBAL_AUG,train,syn_GLOBAL_AUG_r100_00346,False
jitter,0,74_984,,74,,180.0,360,1.0,1.0,True,GLOBAL_AUG,train,syn_GLOBAL_AUG_r100_00347,False
jitter,0,53_373,,53,,245.0,490,1.0,1.0,True,GLOBAL_AUG,train,syn_GLOBAL_AUG_r100_00348,False
jitter,1,49_286,,49,,135.0,270,1.0,1.0,True,GLOBAL_AUG,train,syn_GLOBAL_AUG_r100_00349,False
jitter,0,66_772,,66,,475.0,950,1.0,1.0,True,GLOBAL_AUG,train,syn_GLOBAL_AUG_r100_00350,False
jitter,1,66_780,,66,,180.0,360,1.0,1.0,True,GLOBAL_AUG,train,syn_GLOBAL_AUG_r100_00351,False
jitter,1,57_516,,57,,120.0,240,1.0,1.0,True,GLOBAL_AUG,train,syn_GLOBAL_AUG_r100_00352,False
jitter,0,81_1106,,81,,205.0,410,1.0,1.0,True,GLOBAL_AUG,train,syn_GLOBAL_AUG_r100_00353,False
jitter,0,61_658,,61,,348.0,696,1.0,1.0,True,GLOBAL_AUG,train,syn_GLOBAL_AUG_r100_00354,False
jitter,0,53_377,,53,,120.0,240,1.0,1.0,True,GLOBAL_AUG,train,syn_GLOBAL_AUG_r100_00355,False
jitter,1,63_695,,63,,130.0,260,1.0,1.0,True,GLOBAL_AUG,train,syn_GLOBAL_AUG_r100_00356,False
jitter,1,48_239,,48,,470.0,940,1.0,1.0,True,GLOBAL_AUG,train,syn_GLOBAL_AUG_r100_00357,False
jitter,0,55_413,,55,,215.0,430,1.0,1.0,True,GLOBAL_AUG,train,syn_GLOBAL_AUG_r100_00358,False
jitter,0,81_1113,,81,,120.0,240,1.0,1.0,True,GLOBAL_AUG,train,syn_GLOBAL_AUG_r100_00359,False
jitter,1,55_414,,55,,130.0,260,1.0,1.0,True,GLOBAL_AUG,train,syn_GLOBAL_AUG_r100_00360,False
jitter,0,53_380,,53,,215.0,430,1.0,1.0,True,GLOBAL_AUG,train,syn_GLOBAL_AUG_r100_00361,False
jitter,1,4_10,,4,,1455.0,2910,1.0,1.0,True,GLOBAL_AUG,train,syn_GLOBAL_AUG_r100_00362,False
jitter,0,66_776,,66,,135.0,270,1.0,1.0,True,GLOBAL_AUG,train,syn_GLOBAL_AUG_r100_00363,False
jitter,0,60_628,,60,,165.0,330,1.0,1.0,True,GLOBAL_AUG,train,syn_GLOBAL_AUG_r100_00364,False
jitter,1,27_87,,27,,355.0,710,1.0,1.0,True,GLOBAL_AUG,train,syn_GLOBAL_AUG_r100_00365,False
jitter,0,74_961,,74,,125.0,250,1.0,1.0,True,GLOBAL_AUG,train,syn_GLOBAL_AUG_r100_00366,False
interpolation,1,48_239,48_243,48,0.4234861731529236,282.63300627470016,940,1.0,1.0,True,GLOBAL_AUG,train,syn_GLOBAL_AUG_r100_00367,False
interpolation,1,27_95,32_135,27,0.3433355987071991,1053.6496613919735,1930,1.0,1.0,True,GLOBAL_AUG,train,syn_GLOBAL_AUG_r100_00368,False
interpolation,1,57_521,79_1050,57,0.49279841780662537,190.79216673970222,270,1.0,1.0,True,GLOBAL_AUG,train,syn_GLOBAL_AUG_r100_00369,False
interpolation,0,62_666,49_283,62,0.7346809506416321,497.65002340078354,1120,1.0,1.0,True,GLOBAL_AUG,train,syn_GLOBAL_AUG_r100_00370,False
interpolation,0,53_379,49_298,53,0.3421781361103058,325.1465255022049,920,1.0,1.0,True,GLOBAL_AUG,train,syn_GLOBAL_AUG_r100_00371,False
interpolation,1,31_126,29_113,31,0.7127505540847778,1171.9053435325623,2700,1.0,1.0,True,GLOBAL_AUG,train,syn_GLOBAL_AUG_r100_00372,False
interpolation,0,76_1005,66_782,76,0.7199064493179321,191.9906449317932,440,1.0,1.0,True,GLOBAL_AUG,train,syn_GLOBAL_AUG_r100_00373,False
interpolation,1,72_920,70_880,72,0.3585904538631439,201.13656491041183,460,1.0,1.0,True,GLOBAL_AUG,train,syn_GLOBAL_AUG_r100_00374,False
interpolation,1,68_816,48_259,68,0.534884512424469,145.9301969408989,250,1.0,1.0,True,GLOBAL_AUG,train,syn_GLOBAL_AUG_r100_00375,False
interpolation,0,53_354,70_870,53,0.37275293469429016,165.5014157295227,400,1.0,1.0,True,GLOBAL_AUG,train,syn_GLOBAL_AUG_r100_00376,False
interpolation,1,74_987,61_647,74,0.39724141359329224,1371.4537526667118,1321,1.0,1.0,True,GLOBAL_AUG,train,syn_GLOBAL_AUG_r100_00377,False
interpolation,1,50_310,50_313,50,0.6788864731788635,348.0278381705284,680,1.0,1.0,True,GLOBAL_AUG,train,syn_GLOBAL_AUG_r100_00378,False
interpolation,0,76_1008,49_300,76,0.6007746458053589,202.88767635822296,290,1.0,1.0,True,GLOBAL_AUG,train,syn_GLOBAL_AUG_r100_00379,False
interpolation,1,10_35,31_127,10,0.5653932094573975,356.65148508548737,280,1.0,1.0,True,GLOBAL_AUG,train,syn_GLOBAL_AUG_r100_00380,False
interpolation,0,55_415,50_309,55,0.2522903382778168,278.3932265639305,1140,1.0,1.0,True,GLOBAL_AUG,train,syn_GLOBAL_AUG_r100_00381,False
interpolation,1,81_1114,62_671,81,0.4100264608860016,175.899740755558,340,1.0,1.0,True,GLOBAL_AUG,train,syn_GLOBAL_AUG_r100_00382,False
interpolation,1,72_913,81_1110,72,0.5308647155761719,149.19755935668945,350,1.0,1.0,True,GLOBAL_AUG,train,syn_GLOBAL_AUG_r100_00383,False
interpolation,0,68_821,57_500,68,0.5891246795654297,272.05437660217285,540,1.0,1.0,True,GLOBAL_AUG,train,syn_GLOBAL_AUG_r100_00384,False
interpolation,1,4_9,63_685,4,0.3784915804862976,396.557237803936,1570,1.0,1.0,True,GLOBAL_AUG,train,syn_GLOBAL_AUG_r100_00385,False
interpolation,1,21_80,15_52,21,0.383963942527771,4509.416818797588,10631,1.0,1.0,True,GLOBAL_AUG,train,syn_GLOBAL_AUG_r100_00386,False
interpolation,1,57_507,48_274,57,0.6329978108406067,169.81487959623337,380,1.0,1.0,True,GLOBAL_AUG,train,syn_GLOBAL_AUG_r100_00387,False
interpolation,0,73_943,42_175,73,0.26292699575424194,562.9316806793213,890,1.0,1.0,True,GLOBAL_AUG,train,syn_GLOBAL_AUG_r100_00388,False
interpolation,1,32_136,4_8,32,0.40490394830703735,1937.859445810318,1900,1.0,1.0,True,GLOBAL_AUG,train,syn_GLOBAL_AUG_r100_00389,False
interpolation,0,68_840,79_1062,68,0.4127904176712036,172.06395208835602,350,1.0,1.0,True,GLOBAL_AUG,train,syn_GLOBAL_AUG_r100_00390,False
interpolation,1,57_499,57_500,57,0.7333428859710693,297.0002865791321,610,1.0,1.0,True,GLOBAL_AUG,train,syn_GLOBAL_AUG_r100_00391,False
interpolation,1,50_324,41_165,50,0.6697588562965393,249.25787448883057,340,1.0,1.0,True,GLOBAL_AUG,train,syn_GLOBAL_AUG_r100_00392,False
interpolation,0,73_933,42_172,73,0.39557579159736633,428.03515404462814,300,1.0,1.0,True,GLOBAL_AUG,train,syn_GLOBAL_AUG_r100_00393,False
interpolation,1,68_816,48_236,68,0.5951047539710999,173.58742952346802,250,1.0,1.0,True,GLOBAL_AUG,train,syn_GLOBAL_AUG_r100_00394,False
interpolation,1,31_126,31_124,31,0.476457804441452,1268.8509240746498,2700,1.0,1.0,True,GLOBAL_AUG,train,syn_GLOBAL_AUG_r100_00395,False
interpolation,0,66_759,62_670,66,0.46469277143478394,142.32346385717392,290,1.0,1.0,True,GLOBAL_AUG,train,syn_GLOBAL_AUG_r100_00396,False
interpolation,0,61_655,74_971,61,0.3447820842266083,295.52837803959846,270,1.0,1.0,True,GLOBAL_AUG,train,syn_GLOBAL_AUG_r100_00397,False
interpolation,1,80_1096,79_1060,80,0.41553473472595215,604.649885892868,280,1.0,1.0,True,GLOBAL_AUG,train,syn_GLOBAL_AUG_r100_00398,False
interpolation,1,36_142,36_140,36,0.42184239625930786,384.4539400935173,740,1.0,1.0,True,GLOBAL_AUG,train,syn_GLOBAL_AUG_r100_00399,False
interpolation,1,36_145,36_149,36,0.5271716713905334,1722.3085609078407,3960,1.0,1.0,True,GLOBAL_AUG,train,syn_GLOBAL_AUG_r100_00400,False
interpolation,1,4_7,29_108,4,0.4421747624874115,3101.081135869026,10040,1.0,1.0,True,GLOBAL_AUG,train,syn_GLOBAL_AUG_r100_00401,False
interpolation,0,61_638,57_514,61,0.4497137665748596,171.2428441643715,370,1.0,1.0,True,GLOBAL_AUG,train,syn_GLOBAL_AUG_r100_00402,False
interpolation,1,48_259,48_249,48,0.4141625761985779,213.93780678510666,340,1.0,1.0,True,GLOBAL_AUG,train,syn_GLOBAL_AUG_r100_00403,False
interpolation,1,55_410,48_270,55,0.7285380959510803,181.28771424293518,330,1.0,1.0,True,GLOBAL_AUG,train,syn_GLOBAL_AUG_r100_00404,False
interpolation,0,60_623,79_1075,60,0.5357590317726135,623.0239082574844,260,1.0,1.0,True,GLOBAL_AUG,train,syn_GLOBAL_AUG_r100_00405,False
interpolation,0,61_639,68_834,61,0.7431467771530151,278.066104054451,420,1.0,1.0,True,GLOBAL_AUG,train,syn_GLOBAL_AUG_r100_00406,False
interpolation,1,29_112,4_5,29,0.5912677049636841,979.4844901561737,1820,1.0,1.0,True,GLOBAL_AUG,train,syn_GLOBAL_AUG_r100_00407,False
interpolation,1,36_138,36_140,36,0.3824700117111206,402.6494002342224,830,1.0,1.0,True,GLOBAL_AUG,train,syn_GLOBAL_AUG_r100_00408,False
interpolation,1,72_908,63_684,72,0.555633008480072,125.0,250,1.0,1.0,True,GLOBAL_AUG,train,syn_GLOBAL_AUG_r100_00409,False
interpolation,1,50_316,48_238,50,0.5873690843582153,220.55791795253754,470,1.0,1.0,True,GLOBAL_AUG,train,syn_GLOBAL_AUG_r100_00410,False
interpolation,1,41_163,49_301,41,0.5018662810325623,1047.4448281526566,3400,1.0,1.0,True,GLOBAL_AUG,train,syn_GLOBAL_AUG_r100_00411,False
interpolation,1,41_167,29_114,41,0.4604429602622986,743.0284339189529,2140,1.0,1.0,True,GLOBAL_AUG,train,syn_GLOBAL_AUG_r100_00412,False
interpolation,1,29_113,27_96,29,0.494728147983551,1030.6367519497871,1460,1.0,1.0,True,GLOBAL_AUG,train,syn_GLOBAL_AUG_r100_00413,False
interpolation,0,80_1079,49_297,80,0.45073845982551575,535.0981575250626,1960,1.0,1.0,True,GLOBAL_AUG,train,syn_GLOBAL_AUG_r100_00414,False
interpolation,0,64_703,63_679,64,0.272728830575943,620.0000184774399,1240,1.0,1.0,True,GLOBAL_AUG,train,syn_GLOBAL_AUG_r100_00415,False
interpolation,1,48_236,48_249,48,0.2558740973472595,245.0,490,1.0,1.0,True,GLOBAL_AUG,train,syn_GLOBAL_AUG_r100_00416,False
interpolation,0,73_951,64_705,73,0.668184757232666,171.68184757232666,350,1.0,1.0,True,GLOBAL_AUG,train,syn_GLOBAL_AUG_r100_00417,False
interpolation,0,53_383,49_292,53,0.27496787905693054,245.49292787909508,810,1.0,1.0,True,GLOBAL_AUG,train,syn_GLOBAL_AUG_r100_00418,False
interpolation,1,27_100,31_124,27,0.5773363709449768,1399.9544116854668,3100,1.0,1.0,True,GLOBAL_AUG,train,syn_GLOBAL_AUG_r100_00419,False
interpolation,1,29_103,24_84,29,0.30636903643608093,2388.7030586600304,1500,1.0,1.0,True,GLOBAL_AUG,train,syn_GLOBAL_AUG_r100_00420,False
interpolation,1,10_40,50_307,10,0.7057631611824036,304.7118419408798,580,1.0,1.0,True,GLOBAL_AUG,train,syn_GLOBAL_AUG_r100_00421,False
interpolation,0,73_942,68_831,73,0.7205670475959778,153.53195428848267,240,1.0,1.0,True,GLOBAL_AUG,train,syn_GLOBAL_AUG_r100_00422,False
interpolation,1,60_626,61_647,60,0.38024407625198364,1864.715864956379,3810,1.0,1.0,True,GLOBAL_AUG,train,syn_GLOBAL_AUG_r100_00423,False
interpolation,1,13_48,10_37,13,0.30576661229133606,2707.2133652865887,16686,1.0,1.0,True,GLOBAL_AUG,train,syn_GLOBAL_AUG_r100_00424,False
interpolation,0,79_1057,60_632,79,0.26763516664505005,204.937846660614,820,1.0,1.0,True,GLOBAL_AUG,train,syn_GLOBAL_AUG_r100_00425,False
interpolation,0,53_347,42_172,53,0.704598069190979,433.85048270225525,720,1.0,1.0,True,GLOBAL_AUG,train,syn_GLOBAL_AUG_r100_00426,False
interpolation,0,70_878,50_309,70,0.4585394263267517,152.4876344203949,240,1.0,1.0,True,GLOBAL_AUG,train,syn_GLOBAL_AUG_r100_00427,False
interpolation,0,74_955,51_332,74,0.6769737601280212,245.53288638591766,420,1.0,1.0,True,GLOBAL_AUG,train,syn_GLOBAL_AUG_r100_00428,False
interpolation,0,76_1026,61_637,76,0.623283863067627,266.47170782089233,710,1.0,1.0,True,GLOBAL_AUG,train,syn_GLOBAL_AUG_r100_00429,False
interpolation,0,61_642,66_791,61,0.6905262470245361,263.4316074848175,270,1.0,1.0,True,GLOBAL_AUG,train,syn_GLOBAL_AUG_r100_00430,False
interpolation,0,68_839,60_623,68,0.7388675808906555,307.3282194137573,740,1.0,1.0,True,GLOBAL_AUG,train,syn_GLOBAL_AUG_r100_00431,False
interpolation,0,80_1077,70_881,80,0.7411989569664001,399.70981746912,890,1.0,1.0,True,GLOBAL_AUG,train,syn_GLOBAL_AUG_r100_00432,False
interpolation,0,53_357,48_267,53,0.32715001702308655,143.271504342556,300,1.0,1.0,True,GLOBAL_AUG,train,syn_GLOBAL_AUG_r100_00433,False
interpolation,1,72_923,51_334,72,0.7063872218132019,298.80838334560394,580,1.0,1.0,True,GLOBAL_AUG,train,syn_GLOBAL_AUG_r100_00434,False
interpolation,0,53_374,57_516,53,0.3911714255809784,380.12899443507195,1570,1.0,1.0,True,GLOBAL_AUG,train,syn_GLOBAL_AUG_r100_00435,False
interpolation,0,79_1047,79_1054,79,0.3096427023410797,459.54284459352493,1140,1.0,1.0,True,GLOBAL_AUG,train,syn_GLOBAL_AUG_r100_00436,False
interpolation,1,50_319,53_359,50,0.2932790219783783,141.73115700483322,340,1.0,1.0,True,GLOBAL_AUG,train,syn_GLOBAL_AUG_r100_00437,False
interpolation,1,32_128,29_108,32,0.30067187547683716,1285.3415620326996,1200,1.0,1.0,True,GLOBAL_AUG,train,syn_GLOBAL_AUG_r100_00438,False
interpolation,1,36_140,36_142,36,0.3268483579158783,378.1711979210377,790,1.0,1.0,True,GLOBAL_AUG,train,syn_GLOBAL_AUG_r100_00439,False
interpolation,1,48_271,49_302,48,0.744077205657959,187.75811767578125,310,1.0,1.0,True,GLOBAL_AUG,train,syn_GLOBAL_AUG_r100_00440,False
interpolation,1,57_524,57_519,57,0.2650110125541687,156.17400321364403,513,1.0,1.0,True,GLOBAL_AUG,train,syn_GLOBAL_AUG_r100_00441,False
interpolation,1,49_290,50_312,49,0.48976385593414307,340.0,680,1.0,1.0,True,GLOBAL_AUG,train,syn_GLOBAL_AUG_r100_00442,False
interpolation,0,73_929,63_684,73,0.5100495219230652,191.30643784999847,510,1.0,1.0,True,GLOBAL_AUG,train,syn_GLOBAL_AUG_r100_00443,False
interpolation,0,72_919,78_1030,72,0.3834424912929535,418.823676854372,1670,1.0,1.0,True,GLOBAL_AUG,train,syn_GLOBAL_AUG_r100_00444,False
interpolation,0,79_1068,53_368,79,0.4703059494495392,165.2969455718994,320,1.0,1.0,True,GLOBAL_AUG,train,syn_GLOBAL_AUG_r100_00445,False
interpolation,0,81_1106,49_281,81,0.6676235795021057,185.05741477012634,410,1.0,1.0,True,GLOBAL_AUG,train,syn_GLOBAL_AUG_r100_00446,False
interpolation,1,50_323,63_685,50,0.32151293754577637,213.0496346950531,650,1.0,1.0,True,GLOBAL_AUG,train,syn_GLOBAL_AUG_r100_00447,False
interpolation,0,66_761,53_387,66,0.694122850894928,120.0,240,1.0,1.0,True,GLOBAL_AUG,train,syn_GLOBAL_AUG_r100_00448,False
interpolation,1,30_118,5_12,30,0.3687223196029663,2753.1212919950485,4250,1.0,1.0,True,GLOBAL_AUG,train,syn_GLOBAL_AUG_r100_00449,False
interpolation,0,60_628,50_309,60,0.3994016945362091,174.0089799463749,330,1.0,1.0,True,GLOBAL_AUG,train,syn_GLOBAL_AUG_r100_00450,False
interpolation,1,66_792,80_1091,66,0.6498966217041016,749.0999298095703,2176,1.0,1.0,True,GLOBAL_AUG,train,syn_GLOBAL_AUG_r100_00451,False
interpolation,0,53_378,49_290,53,0.33675146102905273,676.7514610290527,2680,1.0,1.0,True,GLOBAL_AUG,train,syn_GLOBAL_AUG_r100_00452,False
interpolation,0,81_1115,62_672,81,0.6215866208076477,210.0,420,1.0,1.0,True,GLOBAL_AUG,train,syn_GLOBAL_AUG_r100_00453,False
interpolation,0,70_878,50_309,70,0.2776135802268982,163.3431851863861,240,1.0,1.0,True,GLOBAL_AUG,train,syn_GLOBAL_AUG_r100_00454,False
interpolation,1,41_156,49_283,41,0.44630029797554016,374.0930424630642,870,1.0,1.0,True,GLOBAL_AUG,train,syn_GLOBAL_AUG_r100_00455,False
interpolation,0,62_659,15_52,62,0.5407558679580688,1961.8613073825836,450,1.0,1.0,True,GLOBAL_AUG,train,syn_GLOBAL_AUG_r100_00456,False
interpolation,1,50_311,50_310,50,0.3195222020149231,271.30272656679153,250,1.0,1.0,True,GLOBAL_AUG,train,syn_GLOBAL_AUG_r100_00457,False
interpolation,1,73_953,70_880,73,0.2864503562450409,470.87745001912117,2366,1.0,1.0,True,GLOBAL_AUG,train,syn_GLOBAL_AUG_r100_00458,False
interpolation,1,62_674,70_866,62,0.4658167362213135,4375.363374948502,18350,1.0,1.0,True,GLOBAL_AUG,train,syn_GLOBAL_AUG_r100_00459,False
interpolation,1,50_311,50_313,50,0.7085710167884827,194.94295597076416,250,1.0,1.0,True,GLOBAL_AUG,train,syn_GLOBAL_AUG_r100_00460,False
interpolation,1,49_297,49_298,49,0.31383028626441956,228.32443326711655,340,1.0,1.0,True,GLOBAL_AUG,train,syn_GLOBAL_AUG_r100_00461,False
interpolation,0,47_228,48_242,47,0.47751355171203613,355.72757482528687,910,1.0,1.0,True,GLOBAL_AUG,train,syn_GLOBAL_AUG_r100_00462,False
interpolation,1,27_87,27_93,27,0.7212787866592407,339.67033326625824,710,1.0,1.0,True,GLOBAL_AUG,train,syn_GLOBAL_AUG_r100_00463,False
interpolation,0,53_387,68_833,53,0.7236888408660889,120.0,240,1.0,1.0,True,GLOBAL_AUG,train,syn_GLOBAL_AUG_r100_00464,False
interpolation,0,74_954,66_786,74,0.5665916800498962,140.16929119825363,250,1.0,1.0,True,GLOBAL_AUG,train,syn_GLOBAL_AUG_r100_00465,False
interpolation,1,66_766,79_1075,66,0.48096761107444763,753.3575031757355,560,1.0,1.0,True,GLOBAL_AUG,train,syn_GLOBAL_AUG_r100_00466,False
interpolation,0,53_357,57_509,53,0.26160669326782227,220.14736413955688,300,1.0,1.0,True,GLOBAL_AUG,train,syn_GLOBAL_AUG_r100_00467,False
interpolation,1,30_115,27_87,30,0.31622612476348877,729.7279578447342,3080,1.0,1.0,True,GLOBAL_AUG,train,syn_GLOBAL_AUG_r100_00468,False
interpolation,1,79_1046,57_509,79,0.48051056265830994,240.19488707184792,470,1.0,1.0,True,GLOBAL_AUG,train,syn_GLOBAL_AUG_r100_00469,False
interpolation,1,48_232,49_285,48,0.7090661525726318,262.0027232170105,460,1.0,1.0,True,GLOBAL_AUG,train,syn_GLOBAL_AUG_r100_00470,False
interpolation,0,63_682,48_242,63,0.53928542137146,219.1607391834259,360,1.0,1.0,True,GLOBAL_AUG,train,syn_GLOBAL_AUG_r100_00471,False
interpolation,1,15_52,42_170,15,0.47273245453834534,2126.2366784512997,8014,1.0,1.0,True,GLOBAL_AUG,train,syn_GLOBAL_AUG_r100_00472,False
interpolation,1,48_241,48_240,48,0.7048091888427734,213.2835865020752,400,1.0,1.0,True,GLOBAL_AUG,train,syn_GLOBAL_AUG_r100_00473,False
interpolation,1,42_176,42_178,42,0.5010732412338257,889.3882524967194,1210,1.0,1.0,True,GLOBAL_AUG,train,syn_GLOBAL_AUG_r100_00474,False
interpolation,1,10_40,50_307,10,0.2660377621650696,326.6981118917465,580,1.0,1.0,True,GLOBAL_AUG,train,syn_GLOBAL_AUG_r100_00475,False
interpolation,0,64_704,49_294,64,0.616337776184082,265.8168888092041,570,1.0,1.0,True,GLOBAL_AUG,train,syn_GLOBAL_AUG_r100_00476,False
interpolation,1,30_121,36_141,30,0.6007550358772278,1602.22957316041,3553,1.0,1.0,True,GLOBAL_AUG,train,syn_GLOBAL_AUG_r100_00477,False
interpolation,1,57_501,70_883,57,0.6278385519981384,190.69596379995346,400,1.0,1.0,True,GLOBAL_AUG,train,syn_GLOBAL_AUG_r100_00478,False
interpolation,0,79_1072,73_942,79,0.7206071019172668,130.809106528759,270,1.0,1.0,True,GLOBAL_AUG,train,syn_GLOBAL_AUG_r100_00479,False
interpolation,0,55_412,49_287,55,0.7115340232849121,244.0380620956421,540,1.0,1.0,True,GLOBAL_AUG,train,syn_GLOBAL_AUG_r100_00480,False
interpolation,1,10_38,10_41,10,0.5488333106040955,2048.2069279551506,340,1.0,1.0,True,GLOBAL_AUG,train,syn_GLOBAL_AUG_r100_00481,False
interpolation,1,27_92,29_111,27,0.5742697715759277,1043.614046573639,2100,1.0,1.0,True,GLOBAL_AUG,train,syn_GLOBAL_AUG_r100_00482,False
interpolation,1,57_512,66_775,57,0.37339359521865845,325.79367250204086,520,1.0,1.0,True,GLOBAL_AUG,train,syn_GLOBAL_AUG_r100_00483,False
interpolation,0,62_664,79_1045,62,0.2686806321144104,120.0,240,1.0,1.0,True,GLOBAL_AUG,train,syn_GLOBAL_AUG_r100_00484,False
interpolation,1,23_81,27_99,23,0.3682291805744171,2355.033927857876,6220,1.0,1.0,True,GLOBAL_AUG,train,syn_GLOBAL_AUG_r100_00485,False
interpolation,0,76_1024,76_1007,76,0.530122697353363,675.7223930954933,1140,1.0,1.0,True,GLOBAL_AUG,train,syn_GLOBAL_AUG_r100_00486,False
interpolation,0,63_680,48_241,63,0.5031091570854187,242.7642783522606,570,1.0,1.0,True,GLOBAL_AUG,train,syn_GLOBAL_AUG_r100_00487,False
interpolation,0,63_689,79_1068,63,0.5273500084877014,336.66225284338,990,1.0,1.0,True,GLOBAL_AUG,train,syn_GLOBAL_AUG_r100_00488,False
interpolation,1,50_322,50_321,50,0.4814192056655884,270.1942151784897,390,1.0,1.0,True,GLOBAL_AUG,train,syn_GLOBAL_AUG_r100_00489,False
interpolation,0,53_381,48_242,53,0.3310960829257965,231.89039960503578,330,1.0,1.0,True,GLOBAL_AUG,train,syn_GLOBAL_AUG_r100_00490,False
interpolation,1,72_913,72_912,72,0.4164671003818512,163.329346626997,350,1.0,1.0,True,GLOBAL_AUG,train,syn_GLOBAL_AUG_r100_00491,False
interpolation,1,63_683,72_924,63,0.6689183115959167,1850.873460739851,5380,1.0,1.0,True,GLOBAL_AUG,train,syn_GLOBAL_AUG_r100_00492,False
interpolation,0,68_835,61_658,68,0.3799792230129242,411.45651987195015,1030,1.0,1.0,True,GLOBAL_AUG,train,syn_GLOBAL_AUG_r100_00493,False
interpolation,0,80_1093,49_285,80,0.35910534858703613,260.99682331085205,240,1.0,1.0,True,GLOBAL_AUG,train,syn_GLOBAL_AUG_r100_00494,False
interpolation,1,79_1075,63_696,79,0.6496677994728088,837.4638130664825,2384,1.0,1.0,True,GLOBAL_AUG,train,syn_GLOBAL_AUG_r100_00495,False
interpolation,0,66_756,48_247,66,0.4326753616333008,487.2532606124878,1400,1.0,1.0,True,GLOBAL_AUG,train,syn_GLOBAL_AUG_r100_00496,False
interpolation,1,30_121,27_88,30,0.4900774359703064,1352.4993880093098,3553,1.0,1.0,True,GLOBAL_AUG,train,syn_GLOBAL_AUG_r100_00497,False
interpolation,1,49_286,48_258,49,0.6973682641983032,130.46052396297455,270,1.0,1.0,True,GLOBAL_AUG,train,syn_GLOBAL_AUG_r100_00498,False
interpolation,1,76_1018,79_1060,76,0.6935700178146362,1049.439052939415,2200,1.0,1.0,True,GLOBAL_AUG,train,syn_GLOBAL_AUG_r100_00499,False
interpolation,0,76_1013,57_516,76,0.3727765679359436,239.28850173950195,880,1.0,1.0,True,GLOBAL_AUG,train,syn_GLOBAL_AUG_r100_00500,False
interpolation,0,52_343,42_172,52,0.447217732667923,437.8211911022663,450,1.0,1.0,True,GLOBAL_AUG,train,syn_GLOBAL_AUG_r100_00501,False
interpolation,0,52_338,74_974,52,0.61449134349823,158.1305193901062,270,1.0,1.0,True,GLOBAL_AUG,train,syn_GLOBAL_AUG_r100_00502,False
interpolation,0,53_372,61_649,53,0.42790907621383667,142.88363695144653,240,1.0,1.0,True,GLOBAL_AUG,train,syn_GLOBAL_AUG_r100_00503,False
interpolation,0,74_971,68_826,74,0.5372998118400574,299.02746707201004,760,1.0,1.0,True,GLOBAL_AUG,train,syn_GLOBAL_AUG_r100_00504,False
interpolation,1,27_93,36_142,27,0.5808542966842651,329.34019923210144,600,1.0,1.0,True,GLOBAL_AUG,train,syn_GLOBAL_AUG_r100_00505,False
interpolation,1,81_1110,72_924,81,0.7481699585914612,128.93996647000313,240,1.0,1.0,True,GLOBAL_AUG,train,syn_GLOBAL_AUG_r100_00506,False
interpolation,0,76_1020,66_771,76,0.447777658700943,213.28334167599678,410,1.0,1.0,True,GLOBAL_AUG,train,syn_GLOBAL_AUG_r100_00507,False
interpolation,0,53_348,60_620,53,0.7348741292953491,120.0,240,1.0,1.0,True,GLOBAL_AUG,train,syn_GLOBAL_AUG_r100_00508,False
interpolation,0,47_228,48_241,47,0.515771210193634,331.5216585993767,910,1.0,1.0,True,GLOBAL_AUG,train,syn_GLOBAL_AUG_r100_00509,False
interpolation,1,4_9,63_684,4,0.7256962656974792,603.9595353603363,1570,1.0,1.0,True,GLOBAL_AUG,train,syn_GLOBAL_AUG_r100_00510,False
interpolation,1,49_291,50_313,49,0.4138190448284149,364.99998912215233,730,1.0,1.0,True,GLOBAL_AUG,train,syn_GLOBAL_AUG_r100_00511,False
interpolation,0,74_967,74_980,74,0.5501291155815125,1253.0335700511932,2740,1.0,1.0,True,GLOBAL_AUG,train,syn_GLOBAL_AUG_r100_00512,False
interpolation,1,29_111,29_114,29,0.4543989598751068,723.4617922604084,2070,1.0,1.0,True,GLOBAL_AUG,train,syn_GLOBAL_AUG_r100_00513,False
interpolation,1,27_100,29_110,27,0.3912326991558075,1047.7669551968575,3100,1.0,1.0,True,GLOBAL_AUG,train,syn_GLOBAL_AUG_r100_00514,False
interpolation,1,68_814,60_629,68,0.5431252717971802,128.1468790769577,270,1.0,1.0,True,GLOBAL_AUG,train,syn_GLOBAL_AUG_r100_00515,False
interpolation,1,31_122,27_96,31,0.2901323139667511,1378.6745175719261,3020,1.0,1.0,True,GLOBAL_AUG,train,syn_GLOBAL_AUG_r100_00516,False
interpolation,1,74_980,78_1036,74,0.7242749929428101,1061.7481237649918,2220,1.0,1.0,True,GLOBAL_AUG,train,syn_GLOBAL_AUG_r100_00517,False
interpolation,0,68_833,49_293,68,0.33857983350753784,199.37041997909546,240,1.0,1.0,True,GLOBAL_AUG,train,syn_GLOBAL_AUG_r100_00518,False
interpolation,0,79_1044,53_357,79,0.7433397173881531,194.60038304328918,420,1.0,1.0,True,GLOBAL_AUG,train,syn_GLOBAL_AUG_r100_00519,False
interpolation,0,66_760,61_641,66,0.6985175013542175,182.86657512187958,420,1.0,1.0,True,GLOBAL_AUG,train,syn_GLOBAL_AUG_r100_00520,False
interpolation,0,53_367,66_778,53,0.695782482624054,182.81631380319595,320,1.0,1.0,True,GLOBAL_AUG,train,syn_GLOBAL_AUG_r100_00521,False
interpolation,0,76_1012,48_241,76,0.487914502620697,209.75829005241394,440,1.0,1.0,True,GLOBAL_AUG,train,syn_GLOBAL_AUG_r100_00522,False
interpolation,0,80_1079,42_179,80,0.572809100151062,826.2112760543823,1960,1.0,1.0,True,GLOBAL_AUG,train,syn_GLOBAL_AUG_r100_00523,False
interpolation,1,48_263,49_296,48,0.6277497410774231,233.50252330303192,400,1.0,1.0,True,GLOBAL_AUG,train,syn_GLOBAL_AUG_r100_00524,False
interpolation,1,72_917,63_698,72,0.6568565964698792,199.50970554351807,410,1.0,1.0,True,GLOBAL_AUG,train,syn_GLOBAL_AUG_r100_00525,False
interpolation,1,8_26,5_12,8,0.3823215067386627,3792.8859448432922,9760,1.0,1.0,True,GLOBAL_AUG,train,syn_GLOBAL_AUG_r100_00526,False
interpolation,1,29_106,31_124,29,0.27509796619415283,1080.8343440294266,1560,1.0,1.0,True,GLOBAL_AUG,train,syn_GLOBAL_AUG_r100_00527,False
interpolation,1,66_774,57_516,66,0.5232816934585571,133.08204233646393,290,1.0,1.0,True,GLOBAL_AUG,train,syn_GLOBAL_AUG_r100_00528,False
interpolation,1,48_239,50_315,48,0.7229549288749695,406.279633641243,940,1.0,1.0,True,GLOBAL_AUG,train,syn_GLOBAL_AUG_r100_00529,False
interpolation,1,42_173,42_180,42,0.504317581653595,577.6942911744118,1200,1.0,1.0,True,GLOBAL_AUG,train,syn_GLOBAL_AUG_r100_00530,False
interpolation,0,46_224,63_695,46,0.2581084072589874,213.88523623347282,910,1.0,1.0,True,GLOBAL_AUG,train,syn_GLOBAL_AUG_r100_00531,False
interpolation,0,63_692,66_770,63,0.5960964560508728,159.23421263694763,270,1.0,1.0,True,GLOBAL_AUG,train,syn_GLOBAL_AUG_r100_00532,False
interpolation,0,79_1067,61_655,79,0.31077855825424194,282.6198151707649,1220,1.0,1.0,True,GLOBAL_AUG,train,syn_GLOBAL_AUG_r100_00533,False
interpolation,1,57_494,68_809,57,0.4705042541027069,189.4029425084591,490,1.0,1.0,True,GLOBAL_AUG,train,syn_GLOBAL_AUG_r100_00534,False
interpolation,1,50_309,48_237,50,0.3967971205711365,186.03202879428864,360,1.0,1.0,True,GLOBAL_AUG,train,syn_GLOBAL_AUG_r100_00535,False
interpolation,0,68_842,48_279,68,0.4055747985839844,542.1845626831055,2190,1.0,1.0,True,GLOBAL_AUG,train,syn_GLOBAL_AUG_r100_00536,False
interpolation,1,7_24,30_116,7,0.5758296251296997,4273.17635178566,12050,1.0,1.0,True,GLOBAL_AUG,train,syn_GLOBAL_AUG_r100_00537,False
interpolation,1,30_121,36_141,30,0.5126698613166809,1563.7803944647312,3553,1.0,1.0,True,GLOBAL_AUG,train,syn_GLOBAL_AUG_r100_00538,False
interpolation,1,48_238,48_244,48,0.575721025466919,282.7344000339508,400,1.0,1.0,True,GLOBAL_AUG,train,syn_GLOBAL_AUG_r100_00539,False
interpolation,0,68_833,63_693,68,0.6730700731277466,124.9039489030838,240,1.0,1.0,True,GLOBAL_AUG,train,syn_GLOBAL_AUG_r100_00540,False
interpolation,0,74_970,57_520,74,0.6834601759910583,618.6740258336067,1690,1.0,1.0,True,GLOBAL_AUG,train,syn_GLOBAL_AUG_r100_00541,False
interpolation,1,41_164,50_322,41,0.518634021282196,337.6243558526039,940,1.0,1.0,True,GLOBAL_AUG,train,syn_GLOBAL_AUG_r100_00542,False
interpolation,1,42_171,42_169,42,0.6858338117599487,285.22475600242615,250,1.0,1.0,True,GLOBAL_AUG,train,syn_GLOBAL_AUG_r100_00543,False
interpolation,0,80_1082,55_413,80,0.4400682747364044,173.1935203075409,240,1.0,1.0,True,GLOBAL_AUG,train,syn_GLOBAL_AUG_r100_00544,False
interpolation,0,63_680,50_316,63,0.58009934425354,264.004967212677,570,1.0,1.0,True,GLOBAL_AUG,train,syn_GLOBAL_AUG_r100_00545,False
interpolation,1,41_166,29_113,41,0.5540091395378113,735.5400913953781,1480,1.0,1.0,True,GLOBAL_AUG,train,syn_GLOBAL_AUG_r100_00546,False
interpolation,0,64_701,50_309,64,0.3750363886356354,303.7620136141777,1020,1.0,1.0,True,GLOBAL_AUG,train,syn_GLOBAL_AUG_r100_00547,False
interpolation,1,55_410,41_164,55,0.5820425152778625,292.4770328402519,330,1.0,1.0,True,GLOBAL_AUG,train,syn_GLOBAL_AUG_r100_00548,False
interpolation,1,36_138,36_142,36,0.4849300980567932,391.8218544125557,830,1.0,1.0,True,GLOBAL_AUG,train,syn_GLOBAL_AUG_r100_00549,False
interpolation,1,66_767,66_766,66,0.3294396996498108,286.5887939929962,600,1.0,1.0,True,GLOBAL_AUG,train,syn_GLOBAL_AUG_r100_00550,False
interpolation,0,79_1061,68_843,79,0.5320452451705933,180.64090490341187,380,1.0,1.0,True,GLOBAL_AUG,train,syn_GLOBAL_AUG_r100_00551,False
interpolation,1,57_493,5_13,57,0.590385913848877,2028.171983718872,940,1.0,1.0,True,GLOBAL_AUG,train,syn_GLOBAL_AUG_r100_00552,False
interpolation,1,79_1039,27_93,79,0.37211984395980835,253.48501950502396,350,1.0,1.0,True,GLOBAL_AUG,train,syn_GLOBAL_AUG_r100_00553,False
interpolation,1,81_1110,72_924,81,0.6728059649467468,131.6153882443905,240,1.0,1.0,True,GLOBAL_AUG,train,syn_GLOBAL_AUG_r100_00554,False
interpolation,0,53_387,57_513,53,0.35042133927345276,285.64256966114044,240,1.0,1.0,True,GLOBAL_AUG,train,syn_GLOBAL_AUG_r100_00555,False
interpolation,0,80_1080,51_332,80,0.37726467847824097,325.6589701771736,670,1.0,1.0,True,GLOBAL_AUG,train,syn_GLOBAL_AUG_r100_00556,False
interpolation,0,78_1029,60_628,78,0.6045658588409424,331.25561118125916,880,1.0,1.0,True,GLOBAL_AUG,train,syn_GLOBAL_AUG_r100_00557,False
interpolation,0,61_639,61_641,61,0.6854033470153809,181.68630123138428,420,1.0,1.0,True,GLOBAL_AUG,train,syn_GLOBAL_AUG_r100_00558,False
interpolation,1,48_235,48_259,48,0.5469411015510559,205.55117160081863,470,1.0,1.0,True,GLOBAL_AUG,train,syn_GLOBAL_AUG_r100_00559,False
interpolation,0,81_1107,50_322,81,0.41918855905532837,176.13651484251022,300,1.0,1.0,True,GLOBAL_AUG,train,syn_GLOBAL_AUG_r100_00560,False
interpolation,1,55_410,48_271,55,0.7031350135803223,162.03135013580322,330,1.0,1.0,True,GLOBAL_AUG,train,syn_GLOBAL_AUG_r100_00561,False
interpolation,0,61_657,4_10,61,0.5644866228103638,803.0179506540298,600,1.0,1.0,True,GLOBAL_AUG,train,syn_GLOBAL_AUG_r100_00562,False
interpolation,1,57_508,66_769,57,0.2501979172229767,155.01187920570374,400,1.0,1.0,True,GLOBAL_AUG,train,syn_GLOBAL_AUG_r100_00563,False
interpolation,1,48_242,48_238,48,0.7438528537750244,248.3504354953766,530,1.0,1.0,True,GLOBAL_AUG,train,syn_GLOBAL_AUG_r100_00564,False
interpolation,1,57_498,60_620,57,0.48569169640541077,149.14150536060333,360,1.0,1.0,True,GLOBAL_AUG,train,syn_GLOBAL_AUG_r100_00565,False
interpolation,1,48_234,48_235,48,0.6740729212760925,241.74072921276093,490,1.0,1.0,True,GLOBAL_AUG,train,syn_GLOBAL_AUG_r100_00566,False
interpolation,1,13_48,7_25,13,0.4215514361858368,4269.275950580835,16686,1.0,1.0,True,GLOBAL_AUG,train,syn_GLOBAL_AUG_r100_00567,False
interpolation,1,13_47,27_88,13,0.5767098665237427,5942.19099342823,19220,1.0,1.0,True,GLOBAL_AUG,train,syn_GLOBAL_AUG_r100_00568,False
interpolation,0,62_669,48_256,62,0.6735082268714905,203.67541134357452,440,1.0,1.0,True,GLOBAL_AUG,train,syn_GLOBAL_AUG_r100_00569,False
interpolation,0,60_623,49_292,60,0.7271637320518494,145.00599473714828,260,1.0,1.0,True,GLOBAL_AUG,train,syn_GLOBAL_AUG_r100_00570,False
interpolation,1,29_104,21_79,29,0.3042874038219452,2620.795879215002,1930,1.0,1.0,True,GLOBAL_AUG,train,syn_GLOBAL_AUG_r100_00571,False
interpolation,1,66_779,66_781,66,0.6753182411193848,295.1958990097046,480,1.0,1.0,True,GLOBAL_AUG,train,syn_GLOBAL_AUG_r100_00572,False
interpolation,1,50_315,50_313,50,0.27692699432373047,330.3841257095337,480,1.0,1.0,True,GLOBAL_AUG,train,syn_GLOBAL_AUG_r100_00573,False
interpolation,0,68_830,76_1016,68,0.2685742676258087,368.2856544852257,700,1.0,1.0,True,GLOBAL_AUG,train,syn_GLOBAL_AUG_r100_00574,False
interpolation,0,74_955,60_624,74,0.7033038139343262,267.8557562828064,420,1.0,1.0,True,GLOBAL_AUG,train,syn_GLOBAL_AUG_r100_00575,False
interpolation,1,50_313,49_288,50,0.27641257643699646,346.9103042781353,730,1.0,1.0,True,GLOBAL_AUG,train,syn_GLOBAL_AUG_r100_00576,False
interpolation,0,70_864,57_495,70,0.30075863003730774,331.0196653008461,1620,1.0,1.0,True,GLOBAL_AUG,train,syn_GLOBAL_AUG_r100_00577,False
interpolation,0,52_340,46_226,52,0.4112832844257355,131.16925299167633,280,1.0,1.0,True,GLOBAL_AUG,train,syn_GLOBAL_AUG_r100_00578,False
interpolation,0,55_409,68_821,55,0.5201274156570435,225.7891696691513,370,1.0,1.0,True,GLOBAL_AUG,train,syn_GLOBAL_AUG_r100_00579,False
interpolation,1,30_119,8_27,30,0.3512592911720276,3501.4505020081997,3320,1.0,1.0,True,GLOBAL_AUG,train,syn_GLOBAL_AUG_r100_00580,False
interpolation,1,48_269,48_267,48,0.5198469161987305,140.0,280,1.0,1.0,True,GLOBAL_AUG,train,syn_GLOBAL_AUG_r100_00581,False
interpolation,0,66_782,73_950,66,0.45494967699050903,122.72525161504745,240,1.0,1.0,True,GLOBAL_AUG,train,syn_GLOBAL_AUG_r100_00582,False
interpolation,1,62_662,79_1043,62,0.46737217903137207,170.0,340,1.0,1.0,True,GLOBAL_AUG,train,syn_GLOBAL_AUG_r100_00583,False
interpolation,1,50_321,61_653,50,0.41207268834114075,213.59563171863556,680,1.0,1.0,True,GLOBAL_AUG,train,syn_GLOBAL_AUG_r100_00584,False
interpolation,0,61_637,66_791,61,0.6172762513160706,284.57121193408966,240,1.0,1.0,True,GLOBAL_AUG,train,syn_GLOBAL_AUG_r100_00585,False
interpolation,1,36_138,36_144,36,0.5129496455192566,378.47122341394424,830,1.0,1.0,True,GLOBAL_AUG,train,syn_GLOBAL_AUG_r100_00586,False
interpolation,1,30_116,30_117,30,0.4425532817840576,2028.7872123718262,3790,1.0,1.0,True,GLOBAL_AUG,train,syn_GLOBAL_AUG_r100_00587,False
interpolation,1,48_239,48_238,48,0.2737266719341278,273.90619546175003,940,1.0,1.0,True,GLOBAL_AUG,train,syn_GLOBAL_AUG_r100_00588,False
interpolation,0,76_1008,48_273,76,0.5677985548973083,224.95726734399796,290,1.0,1.0,True,GLOBAL_AUG,train,syn_GLOBAL_AUG_r100_00589,False
interpolation,1,61_651,74_964,61,0.4592617452144623,173.92583325505257,310,1.0,1.0,True,GLOBAL_AUG,train,syn_GLOBAL_AUG_r100_00590,False
interpolation,0,76_1012,74_976,76,0.3614324629306793,172.1074390411377,440,1.0,1.0,True,GLOBAL_AUG,train,syn_GLOBAL_AUG_r100_00591,False
interpolation,1,27_101,29_111,27,0.45607736706733704,1479.903502419591,4021,1.0,1.0,True,GLOBAL_AUG,train,syn_GLOBAL_AUG_r100_00592,False
interpolation,0,68_839,49_292,68,0.3469247817993164,249.18108463287354,740,1.0,1.0,True,GLOBAL_AUG,train,syn_GLOBAL_AUG_r100_00593,False
interpolation,0,55_412,50_309,55,0.539657711982727,228.56919407844543,540,1.0,1.0,True,GLOBAL_AUG,train,syn_GLOBAL_AUG_r100_00594,False
interpolation,0,61_645,48_253,61,0.5005984306335449,207.60472536087036,590,1.0,1.0,True,GLOBAL_AUG,train,syn_GLOBAL_AUG_r100_00595,False
interpolation,0,53_362,60_619,53,0.28954797983169556,315.5649495124817,1370,1.0,1.0,True,GLOBAL_AUG,train,syn_GLOBAL_AUG_r100_00596,False
interpolation,1,66_764,70_875,66,0.4442768096923828,323.3207607269287,730,1.0,1.0,True,GLOBAL_AUG,train,syn_GLOBAL_AUG_r100_00597,False
interpolation,1,41_154,62_663,41,0.3221281170845032,189.0616723895073,290,1.0,1.0,True,GLOBAL_AUG,train,syn_GLOBAL_AUG_r100_00598,False
interpolation,1,31_122,27_96,31,0.5357523560523987,1424.1141858696938,3020,1.0,1.0,True,GLOBAL_AUG,train,syn_GLOBAL_AUG_r100_00599,False
interpolation,0,73_934,48_237,73,0.5632299184799194,640.5839347839355,1980,1.0,1.0,True,GLOBAL_AUG,train,syn_GLOBAL_AUG_r100_00600,False
interpolation,1,72_912,72_917,72,0.5983290076255798,175.083549618721,310,1.0,1.0,True,GLOBAL_AUG,train,syn_GLOBAL_AUG_r100_00601,False
interpolation,1,49_297,49_296,49,0.5625557899475098,222.49330520629883,340,1.0,1.0,True,GLOBAL_AUG,train,syn_GLOBAL_AUG_r100_00602,False
interpolation,1,16_54,4_11,16,0.701837420463562,3437.0753056406975,6785,1.0,1.0,True,GLOBAL_AUG,train,syn_GLOBAL_AUG_r100_00603,False
interpolation,0,70_878,50_309,70,0.6053502559661865,143.6789846420288,240,1.0,1.0,True,GLOBAL_AUG,train,syn_GLOBAL_AUG_r100_00604,False
interpolation,1,36_144,29_102,36,0.386753112077713,468.7818628549576,680,1.0,1.0,True,GLOBAL_AUG,train,syn_GLOBAL_AUG_r100_00605,False
interpolation,1,42_175,57_504,42,0.6583376526832581,441.00207328796387,1210,1.0,1.0,True,GLOBAL_AUG,train,syn_GLOBAL_AUG_r100_00606,False
interpolation,0,79_1063,76_1026,79,0.7430278062820435,956.8525230884552,2330,1.0,1.0,True,GLOBAL_AUG,train,syn_GLOBAL_AUG_r100_00607,False
interpolation,1,10_39,53_354,10,0.370772123336792,207.41544246673584,440,1.0,1.0,True,GLOBAL_AUG,train,syn_GLOBAL_AUG_r100_00608,False
interpolation,1,50_314,49_290,50,0.7260174751281738,227.46729135513306,370,1.0,1.0,True,GLOBAL_AUG,train,syn_GLOBAL_AUG_r100_00609,False
interpolation,1,48_243,48_238,48,0.7390956282615662,159.34974044561386,290,1.0,1.0,True,GLOBAL_AUG,train,syn_GLOBAL_AUG_r100_00610,False
interpolation,0,62_660,80_1076,62,0.6637833714485168,450.7728451490402,1110,1.0,1.0,True,GLOBAL_AUG,train,syn_GLOBAL_AUG_r100_00611,False
interpolation,0,55_407,49_282,55,0.3121027946472168,292.0385479927063,1100,1.0,1.0,True,GLOBAL_AUG,train,syn_GLOBAL_AUG_r100_00612,False
interpolation,0,79_1054,50_305,79,0.3427301049232483,354.1320589184761,820,1.0,1.0,True,GLOBAL_AUG,train,syn_GLOBAL_AUG_r100_00613,False
interpolation,0,61_656,53_360,61,0.29391923546791077,442.07768663764,750,1.0,1.0,True,GLOBAL_AUG,train,syn_GLOBAL_AUG_r100_00614,False
interpolation,1,4_4,31_123,4,0.47356826066970825,1767.125554382801,3350,1.0,1.0,True,GLOBAL_AUG,train,syn_GLOBAL_AUG_r100_00615,False
interpolation,1,63_686,57_507,63,0.7274020314216614,153.62989842891693,280,1.0,1.0,True,GLOBAL_AUG,train,syn_GLOBAL_AUG_r100_00616,False
interpolation,0,78_1031,81_1107,78,0.5658053159713745,198.09345185756683,470,1.0,1.0,True,GLOBAL_AUG,train,syn_GLOBAL_AUG_r100_00617,False
interpolation,0,79_1066,57_508,79,0.2994959056377411,229.94958460330963,600,1.0,1.0,True,GLOBAL_AUG,train,syn_GLOBAL_AUG_r100_00618,False
interpolation,0,76_1017,61_645,76,0.5104101896286011,343.4889680147171,780,1.0,1.0,True,GLOBAL_AUG,train,syn_GLOBAL_AUG_r100_00619,False
interpolation,1,48_264,48_263,48,0.33235886693000793,248.19204166531563,690,1.0,1.0,True,GLOBAL_AUG,train,syn_GLOBAL_AUG_r100_00620,False
interpolation,0,61_648,68_812,61,0.6997897624969482,299.4611060619354,710,1.0,1.0,True,GLOBAL_AUG,train,syn_GLOBAL_AUG_r100_00621,False
interpolation,0,76_1009,79_1051,76,0.7472443580627441,197.52755641937256,390,1.0,1.0,True,GLOBAL_AUG,train,syn_GLOBAL_AUG_r100_00622,False
interpolation,1,48_279,48_269,48,0.5364632606506348,153.41158151626587,330,1.0,1.0,True,GLOBAL_AUG,train,syn_GLOBAL_AUG_r100_00623,False
interpolation,1,66_771,50_310,66,0.33497706055641174,299.8027628660202,440,1.0,1.0,True,GLOBAL_AUG,train,syn_GLOBAL_AUG_r100_00624,False
interpolation,1,48_235,48_259,48,0.423107773065567,197.50201031565666,470,1.0,1.0,True,GLOBAL_AUG,train,syn_GLOBAL_AUG_r100_00625,False
interpolation,0,80_1088,63_697,80,0.5311407446861267,428.86637181043625,1200,1.0,1.0,True,GLOBAL_AUG,train,syn_GLOBAL_AUG_r100_00626,False
interpolation,1,29_103,29_112,29,0.7222602367401123,794.438362121582,1500,1.0,1.0,True,GLOBAL_AUG,train,syn_GLOBAL_AUG_r100_00627,False
interpolation,0,73_949,48_233,73,0.730421781539917,214.91713881492615,260,1.0,1.0,True,GLOBAL_AUG,train,syn_GLOBAL_AUG_r100_00628,False
interpolation,1,48_244,48_237,48,0.42388203740119934,276.8958233296871,790,1.0,1.0,True,GLOBAL_AUG,train,syn_GLOBAL_AUG_r100_00629,False
interpolation,0,53_376,66_769,53,0.43583765625953674,309.97669011354446,1060,1.0,1.0,True,GLOBAL_AUG,train,syn_GLOBAL_AUG_r100_00630,False
interpolation,0,79_1068,53_368,79,0.5141381621360779,164.85861837863922,320,1.0,1.0,True,GLOBAL_AUG,train,syn_GLOBAL_AUG_r100_00631,False
interpolation,0,55_411,48_270,55,0.3030714988708496,215.9078550338745,390,1.0,1.0,True,GLOBAL_AUG,train,syn_GLOBAL_AUG_r100_00632,False
interpolation,1,48_259,48_249,48,0.440445214509964,211.9666162133217,340,1.0,1.0,True,GLOBAL_AUG,train,syn_GLOBAL_AUG_r100_00633,False
interpolation,1,68_820,53_365,68,0.5312750935554504,125.3127509355545,260,1.0,1.0,True,GLOBAL_AUG,train,syn_GLOBAL_AUG_r100_00634,False
interpolation,0,53_381,49_294,53,0.6740573048591614,187.8159886598587,330,1.0,1.0,True,GLOBAL_AUG,train,syn_GLOBAL_AUG_r100_00635,False
interpolation,0,62_667,48_248,62,0.6703037023544312,186.32114827632904,310,1.0,1.0,True,GLOBAL_AUG,train,syn_GLOBAL_AUG_r100_00636,False
interpolation,0,53_370,50_307,53,0.2719770073890686,335.92034488916397,650,1.0,1.0,True,GLOBAL_AUG,train,syn_GLOBAL_AUG_r100_00637,False
interpolation,1,42_175,42_174,42,0.5955049395561218,602.9775246977806,1210,1.0,1.0,True,GLOBAL_AUG,train,syn_GLOBAL_AUG_r100_00638,False
interpolation,1,41_162,42_177,41,0.47031378746032715,776.1471951007843,530,1.0,1.0,True,GLOBAL_AUG,train,syn_GLOBAL_AUG_r100_00639,False
interpolation,0,63_682,50_317,63,0.5847606062889099,171.6952121257782,360,1.0,1.0,True,GLOBAL_AUG,train,syn_GLOBAL_AUG_r100_00640,False
interpolation,1,51_336,60_623,51,0.609714150428772,123.90285849571228,240,1.0,1.0,True,GLOBAL_AUG,train,syn_GLOBAL_AUG_r100_00641,False
interpolation,0,81_1107,79_1043,81,0.7246819138526917,155.50636172294617,300,1.0,1.0,True,GLOBAL_AUG,train,syn_GLOBAL_AUG_r100_00642,False
interpolation,1,57_512,66_775,57,0.43332234025001526,319.50116515159607,520,1.0,1.0,True,GLOBAL_AUG,train,syn_GLOBAL_AUG_r100_00643,False
interpolation,0,46_226,57_505,46,0.47178545594215393,175.1803882420063,250,1.0,1.0,True,GLOBAL_AUG,train,syn_GLOBAL_AUG_r100_00644,False
interpolation,0,80_1079,42_180,80,0.29248613119125366,679.3066057562828,1960,1.0,1.0,True,GLOBAL_AUG,train,syn_GLOBAL_AUG_r100_00645,False
interpolation,0,74_959,48_257,74,0.565299391746521,208.47949087619781,430,1.0,1.0,True,GLOBAL_AUG,train,syn_GLOBAL_AUG_r100_00646,False
interpolation,0,74_971,61_655,74,0.7344454526901245,314.9391359090805,760,1.0,1.0,True,GLOBAL_AUG,train,syn_GLOBAL_AUG_r100_00647,False
interpolation,1,32_130,29_104,32,0.46552565693855286,1404.9217745661736,3820,1.0,1.0,True,GLOBAL_AUG,train,syn_GLOBAL_AUG_r100_00648,False
interpolation,1,48_248,48_268,48,0.5203977823257446,230.81591129302979,500,1.0,1.0,True,GLOBAL_AUG,train,syn_GLOBAL_AUG_r100_00649,False
interpolation,0,78_1033,42_180,78,0.518216609954834,516.1337542533875,960,1.0,1.0,True,GLOBAL_AUG,train,syn_GLOBAL_AUG_r100_00650,False
interpolation,0,55_422,60_623,55,0.5548771023750305,234.59433379769325,637,1.0,1.0,True,GLOBAL_AUG,train,syn_GLOBAL_AUG_r100_00651,False
interpolation,0,73_949,48_243,73,0.5652445554733276,136.52133166790009,260,1.0,1.0,True,GLOBAL_AUG,train,syn_GLOBAL_AUG_r100_00652,False
interpolation,1,32_131,23_82,32,0.5405403971672058,1983.9461671710014,2550,1.0,1.0,True,GLOBAL_AUG,train,syn_GLOBAL_AUG_r100_00653,False
interpolation,1,55_410,48_271,55,0.3893207311630249,158.89320731163025,330,1.0,1.0,True,GLOBAL_AUG,train,syn_GLOBAL_AUG_r100_00654,False
interpolation,1,79_1064,68_844,79,0.5854980945587158,892.1769841909409,1900,1.0,1.0,True,GLOBAL_AUG,train,syn_GLOBAL_AUG_r100_00655,False
interpolation,0,74_974,72_914,74,0.6313063502311707,172.87838101387024,390,1.0,1.0,True,GLOBAL_AUG,train,syn_GLOBAL_AUG_r100_00656,False
interpolation,1,48_254,57_519,48,0.3827705383300781,127.65541076660156,280,1.0,1.0,True,GLOBAL_AUG,train,syn_GLOBAL_AUG_r100_00657,False
interpolation,0,72_918,57_519,72,0.5605312585830688,212.48765766620636,570,1.0,1.0,True,GLOBAL_AUG,train,syn_GLOBAL_AUG_r100_00658,False
interpolation,1,49_284,50_306,49,0.7489137053489685,195.0,390,1.0,1.0,True,GLOBAL_AUG,train,syn_GLOBAL_AUG_r100_00659,False
interpolation,0,78_1037,57_517,78,0.4193543791770935,178.06449085474014,420,1.0,1.0,True,GLOBAL_AUG,train,syn_GLOBAL_AUG_r100_00660,False
interpolation,0,80_1090,73_936,80,0.25422224402427673,174.6577788889408,670,1.0,1.0,True,GLOBAL_AUG,train,syn_GLOBAL_AUG_r100_00661,False
interpolation,1,48_245,49_287,48,0.688100278377533,138.71398329734802,240,1.0,1.0,True,GLOBAL_AUG,train,syn_GLOBAL_AUG_r100_00662,False
interpolation,1,57_499,57_497,57,0.7155364155769348,272.2866877913475,610,1.0,1.0,True,GLOBAL_AUG,train,syn_GLOBAL_AUG_r100_00663,False
interpolation,0,53_377,57_517,53,0.36089444160461426,142.3686945438385,240,1.0,1.0,True,GLOBAL_AUG,train,syn_GLOBAL_AUG_r100_00664,False
interpolation,0,62_670,81_1113,62,0.5898956060409546,131.7979121208191,280,1.0,1.0,True,GLOBAL_AUG,train,syn_GLOBAL_AUG_r100_00665,False
interpolation,0,79_1072,68_831,79,0.6114230155944824,175.80058336257935,270,1.0,1.0,True,GLOBAL_AUG,train,syn_GLOBAL_AUG_r100_00666,False
interpolation,0,53_383,51_334,53,0.6665217876434326,376.6543519496918,810,1.0,1.0,True,GLOBAL_AUG,train,syn_GLOBAL_AUG_r100_00667,False
interpolation,1,55_418,68_843,55,0.5185355544090271,151.85125559568405,270,1.0,1.0,True,GLOBAL_AUG,train,syn_GLOBAL_AUG_r100_00668,False
interpolation,1,66_784,15_51,66,0.3535030484199524,3345.81276088953,440,1.0,1.0,True,GLOBAL_AUG,train,syn_GLOBAL_AUG_r100_00669,False
interpolation,0,62_672,81_1115,62,0.4688011407852173,210.0,420,1.0,1.0,True,GLOBAL_AUG,train,syn_GLOBAL_AUG_r100_00670,False
interpolation,0,79_1044,48_267,79,0.44207727909088135,170.9454095363617,420,1.0,1.0,True,GLOBAL_AUG,train,syn_GLOBAL_AUG_r100_00671,False
interpolation,1,29_102,36_146,29,0.5177760720252991,446.3218554854393,1100,1.0,1.0,True,GLOBAL_AUG,train,syn_GLOBAL_AUG_r100_00672,False
interpolation,1,81_1117,74_973,81,0.652500331401825,3728.14142370224,10442,1.0,1.0,True,GLOBAL_AUG,train,syn_GLOBAL_AUG_r100_00673,False
interpolation,0,76_1015,48_247,76,0.5541380047798157,255.73274940252304,400,1.0,1.0,True,GLOBAL_AUG,train,syn_GLOBAL_AUG_r100_00674,False
interpolation,1,49_302,48_271,49,0.4765271544456482,215.99547576904297,566,1.0,1.0,True,GLOBAL_AUG,train,syn_GLOBAL_AUG_r100_00675,False
interpolation,1,66_792,76_1010,66,0.5616893768310547,1137.0907897949219,2176,1.0,1.0,True,GLOBAL_AUG,train,syn_GLOBAL_AUG_r100_00676,False
interpolation,1,50_310,66_771,50,0.537354588508606,284.4825506210327,680,1.0,1.0,True,GLOBAL_AUG,train,syn_GLOBAL_AUG_r100_00677,False
interpolation,1,36_148,36_150,36,0.5667760968208313,267.50820726156235,600,1.0,1.0,True,GLOBAL_AUG,train,syn_GLOBAL_AUG_r100_00678,False
interpolation,1,48_242,50_316,48,0.6012281775474548,253.03684532642365,530,1.0,1.0,True,GLOBAL_AUG,train,syn_GLOBAL_AUG_r100_00679,False
interpolation,0,68_817,47_228,68,0.5132518410682678,465.26503682136536,950,1.0,1.0,True,GLOBAL_AUG,train,syn_GLOBAL_AUG_r100_00680,False
interpolation,1,48_263,48_262,48,0.3823874890804291,209.26418125629425,400,1.0,1.0,True,GLOBAL_AUG,train,syn_GLOBAL_AUG_r100_00681,False
interpolation,0,66_791,66_788,66,0.34293651580810547,303.60119342803955,1100,1.0,1.0,True,GLOBAL_AUG,train,syn_GLOBAL_AUG_r100_00682,False
interpolation,1,50_308,50_306,50,0.35561487078666687,173.66310194134712,270,1.0,1.0,True,GLOBAL_AUG,train,syn_GLOBAL_AUG_r100_00683,False
interpolation,0,68_827,74_981,68,0.5506764054298401,304.4089552760124,820,1.0,1.0,True,GLOBAL_AUG,train,syn_GLOBAL_AUG_r100_00684,False
interpolation,0,53_367,66_778,53,0.7098010182380676,181.76492363214493,320,1.0,1.0,True,GLOBAL_AUG,train,syn_GLOBAL_AUG_r100_00685,False
interpolation,0,66_757,57_500,66,0.29062163829803467,267.73445904254913,500,1.0,1.0,True,GLOBAL_AUG,train,syn_GLOBAL_AUG_r100_00686,False
interpolation,1,23_81,27_99,23,0.36077678203582764,2346.128254532814,6220,1.0,1.0,True,GLOBAL_AUG,train,syn_GLOBAL_AUG_r100_00687,False
interpolation,1,15_51,27_96,15,0.6697990894317627,3823.350603580475,10110,1.0,1.0,True,GLOBAL_AUG,train,syn_GLOBAL_AUG_r100_00688,False
interpolation,0,80_1095,80_1093,80,0.7299525141716003,156.49762570858002,340,1.0,1.0,True,GLOBAL_AUG,train,syn_GLOBAL_AUG_r100_00689,False
interpolation,1,27_96,15_51,27,0.6323873996734619,2696.194999217987,2650,1.0,1.0,True,GLOBAL_AUG,train,syn_GLOBAL_AUG_r100_00690,False
interpolation,0,81_1106,49_282,81,0.723810076713562,196.71430230140686,410,1.0,1.0,True,GLOBAL_AUG,train,syn_GLOBAL_AUG_r100_00691,False
interpolation,0,62_673,81_1116,62,0.40028658509254456,179.00287106633186,370,1.0,1.0,True,GLOBAL_AUG,train,syn_GLOBAL_AUG_r100_00692,False
interpolation,1,30_116,13_47,30,0.654509961605072,4560.455646216869,3790,1.0,1.0,True,GLOBAL_AUG,train,syn_GLOBAL_AUG_r100_00693,False
interpolation,1,48_232,48_245,48,0.6652554273605347,193.1780970096588,460,1.0,1.0,True,GLOBAL_AUG,train,syn_GLOBAL_AUG_r100_00694,False
interpolation,0,66_759,70_883,66,0.45048847794532776,161.48535087704659,290,1.0,1.0,True,GLOBAL_AUG,train,syn_GLOBAL_AUG_r100_00695,False
interpolation,1,32_133,29_105,32,0.6697629690170288,670.160151720047,1730,1.0,1.0,True,GLOBAL_AUG,train,syn_GLOBAL_AUG_r100_00696,False
interpolation,0,61_653,68_829,61,0.738994836807251,125.0,250,1.0,1.0,True,GLOBAL_AUG,train,syn_GLOBAL_AUG_r100_00697,False
interpolation,1,72_911,72_915,72,0.38553905487060547,348.61523628234863,390,1.0,1.0,True,GLOBAL_AUG,train,syn_GLOBAL_AUG_r100_00698,False
interpolation,0,55_411,41_164,55,0.32807743549346924,379.77870523929596,390,1.0,1.0,True,GLOBAL_AUG,train,syn_GLOBAL_AUG_r100_00699,False
interpolation,1,32_128,10_30,32,0.7295368313789368,478.29157412052155,1200,1.0,1.0,True,GLOBAL_AUG,train,syn_GLOBAL_AUG_r100_00700,False
interpolation,1,41_152,27_88,41,0.2995951175689697,715.8097350597382,360,1.0,1.0,True,GLOBAL_AUG,train,syn_GLOBAL_AUG_r100_00701,False
interpolation,1,61_640,41_160,61,0.542508602142334,294.31185483932495,520,1.0,1.0,True,GLOBAL_AUG,train,syn_GLOBAL_AUG_r100_00702,False
interpolation,0,79_1067,53_352,79,0.6907351613044739,596.0830822587013,1220,1.0,1.0,True,GLOBAL_AUG,train,syn_GLOBAL_AUG_r100_00703,False
interpolation,0,53_373,74_958,53,0.30084744095802307,238.008481413126,490,1.0,1.0,True,GLOBAL_AUG,train,syn_GLOBAL_AUG_r100_00704,False
interpolation,0,64_706,63_682,64,0.7163580656051636,180.0,360,1.0,1.0,True,GLOBAL_AUG,train,syn_GLOBAL_AUG_r100_00705,False
interpolation,1,66_764,66_765,66,0.6355328559875488,341.3096356391907,730,1.0,1.0,True,GLOBAL_AUG,train,syn_GLOBAL_AUG_r100_00706,False
interpolation,1,10_33,29_112,10,0.3321529030799866,735.619725883007,770,1.0,1.0,True,GLOBAL_AUG,train,syn_GLOBAL_AUG_r100_00707,False
interpolation,0,68_837,51_332,68,0.28847208619117737,344.52013686299324,810,1.0,1.0,True,GLOBAL_AUG,train,syn_GLOBAL_AUG_r100_00708,False
interpolation,0,76_1017,57_516,76,0.26064079999923706,190.373015999794,780,1.0,1.0,True,GLOBAL_AUG,train,syn_GLOBAL_AUG_r100_00709,False
interpolation,1,11_44,70_866,11,0.46470940113067627,193.95002990961075,397,1.0,1.0,True,GLOBAL_AUG,train,syn_GLOBAL_AUG_r100_00710,False
interpolation,1,36_143,36_139,36,0.6372811198234558,1292.5066855549812,2770,1.0,1.0,True,GLOBAL_AUG,train,syn_GLOBAL_AUG_r100_00711,False
interpolation,0,72_919,50_317,72,0.5455833673477173,528.2687729597092,1670,1.0,1.0,True,GLOBAL_AUG,train,syn_GLOBAL_AUG_r100_00712,False
interpolation,1,41_156,49_283,41,0.5581357479095459,386.39493227005005,870,1.0,1.0,True,GLOBAL_AUG,train,syn_GLOBAL_AUG_r100_00713,False
interpolation,1,50_303,50_304,50,0.3654009997844696,164.0379647910595,290,1.0,1.0,True,GLOBAL_AUG,train,syn_GLOBAL_AUG_r100_00714,False
interpolation,1,49_293,48_239,49,0.7234458327293396,303.6074584722519,480,1.0,1.0,True,GLOBAL_AUG,train,syn_GLOBAL_AUG_r100_00715,False
interpolation,1,48_280,42_179,48,0.30089059472084045,501.59956945478916,453,1.0,1.0,True,GLOBAL_AUG,train,syn_GLOBAL_AUG_r100_00716,False
interpolation,0,76_1005,61_654,76,0.4470253884792328,172.99715399742126,440,1.0,1.0,True,GLOBAL_AUG,train,syn_GLOBAL_AUG_r100_00717,False
interpolation,1,42_178,42_176,42,0.7092345356941223,1009.2636853456497,2350,1.0,1.0,True,GLOBAL_AUG,train,syn_GLOBAL_AUG_r100_00718,False
interpolation,1,74_973,78_1036,74,0.5157010555267334,929.8429894447327,1850,1.0,1.0,True,GLOBAL_AUG,train,syn_GLOBAL_AUG_r100_00719,False
interpolation,0,79_1045,68_814,79,0.7421345710754395,123.86798143386841,240,1.0,1.0,True,GLOBAL_AUG,train,syn_GLOBAL_AUG_r100_00720,False
interpolation,1,29_113,27_96,29,0.2558309733867645,1172.780531346798,1460,1.0,1.0,True,GLOBAL_AUG,train,syn_GLOBAL_AUG_r100_00721,False
interpolation,0,76_1020,66_771,76,0.557582676410675,211.63625985383987,410,1.0,1.0,True,GLOBAL_AUG,train,syn_GLOBAL_AUG_r100_00722,False
interpolation,1,41_161,57_504,41,0.38510486483573914,228.97830978035927,790,1.0,1.0,True,GLOBAL_AUG,train,syn_GLOBAL_AUG_r100_00723,False
interpolation,1,49_299,49_298,49,0.39177650213241577,251.08223497867584,490,1.0,1.0,True,GLOBAL_AUG,train,syn_GLOBAL_AUG_r100_00724,False
interpolation,0,51_337,60_623,51,0.3657114803791046,260.0104351490736,971,1.0,1.0,True,GLOBAL_AUG,train,syn_GLOBAL_AUG_r100_00725,False
interpolation,1,79_1069,66_763,79,0.47942328453063965,4241.001588106155,1980,1.0,1.0,True,GLOBAL_AUG,train,syn_GLOBAL_AUG_r100_00726,False
interpolation,0,63_680,48_241,63,0.732601523399353,262.271129488945,570,1.0,1.0,True,GLOBAL_AUG,train,syn_GLOBAL_AUG_r100_00727,False
interpolation,0,52_340,57_506,52,0.26104727387428284,254.53768134117126,280,1.0,1.0,True,GLOBAL_AUG,train,syn_GLOBAL_AUG_r100_00728,False
interpolation,0,68_829,50_321,68,0.32816651463508606,269.4442094862461,250,1.0,1.0,True,GLOBAL_AUG,train,syn_GLOBAL_AUG_r100_00729,False
interpolation,0,74_968,76_1026,74,0.4851575195789337,306.4842586219311,510,1.0,1.0,True,GLOBAL_AUG,train,syn_GLOBAL_AUG_r100_00730,False
interpolation,1,48_240,74_957,48,0.4316606819629669,239.31661382317543,490,1.0,1.0,True,GLOBAL_AUG,train,syn_GLOBAL_AUG_r100_00731,False
interpolation,1,72_913,72_917,72,0.5189462900161743,189.43161129951477,350,1.0,1.0,True,GLOBAL_AUG,train,syn_GLOBAL_AUG_r100_00732,False
interpolation,0,68_831,48_275,68,0.3441435992717743,269.5135295391083,480,1.0,1.0,True,GLOBAL_AUG,train,syn_GLOBAL_AUG_r100_00733,False
timegan_uncond,-1,,,-1,,160.0,320,0.5,0.4986376021798365,True,GLOBAL_GAN,train,syn_GLOBAL_GAN_r50_00000,True
timegan_uncond,-1,,,-1,,180.0,360,0.5,0.4986376021798365,True,GLOBAL_GAN,train,syn_GLOBAL_GAN_r50_00001,True
timegan_uncond,-1,,,-1,,600.0,1200,0.5,0.4986376021798365,True,GLOBAL_GAN,train,syn_GLOBAL_GAN_r50_00002,True
timegan_uncond,-1,,,-1,,1915.0,3830,0.5,0.4986376021798365,True,GLOBAL_GAN,train,syn_GLOBAL_GAN_r50_00003,True
timegan_uncond,-1,,,-1,,405.0,810,0.5,0.4986376021798365,True,GLOBAL_GAN,train,syn_GLOBAL_GAN_r50_00004,True
timegan_uncond,-1,,,-1,,225.0,450,0.5,0.4986376021798365,True,GLOBAL_GAN,train,syn_GLOBAL_GAN_r50_00005,True
timegan_uncond,-1,,,-1,,205.0,410,0.5,0.4986376021798365,True,GLOBAL_GAN,train,syn_GLOBAL_GAN_r50_00006,True
timegan_uncond,-1,,,-1,,185.0,370,0.5,0.4986376021798365,True,GLOBAL_GAN,train,syn_GLOBAL_GAN_r50_00007,True
timegan_uncond,-1,,,-1,,395.0,790,0.5,0.4986376021798365,True,GLOBAL_GAN,train,syn_GLOBAL_GAN_r50_00008,True
timegan_uncond,-1,,,-1,,3545.0,7090,0.5,0.4986376021798365,True,GLOBAL_GAN,train,syn_GLOBAL_GAN_r50_00009,True
timegan_uncond,-1,,,-1,,230.0,460,0.5,0.4986376021798365,True,GLOBAL_GAN,train,syn_GLOBAL_GAN_r50_00010,True
timegan_uncond,-1,,,-1,,440.0,880,0.5,0.4986376021798365,True,GLOBAL_GAN,train,syn_GLOBAL_GAN_r50_00011,True
timegan_uncond,-1,,,-1,,225.0,450,0.5,0.4986376021798365,True,GLOBAL_GAN,train,syn_GLOBAL_GAN_r50_00012,True
timegan_uncond,-1,,,-1,,4333.0,8666,0.5,0.4986376021798365,True,GLOBAL_GAN,train,syn_GLOBAL_GAN_r50_00013,True
timegan_uncond,-1,,,-1,,410.0,820,0.5,0.4986376021798365,True,GLOBAL_GAN,train,syn_GLOBAL_GAN_r50_00014,True
timegan_uncond,-1,,,-1,,545.0,1090,0.5,0.4986376021798365,True,GLOBAL_GAN,train,syn_GLOBAL_GAN_r50_00015,True
timegan_uncond,-1,,,-1,,251.5,503,0.5,0.4986376021798365,True,GLOBAL_GAN,train,syn_GLOBAL_GAN_r50_00016,True
timegan_uncond,-1,,,-1,,180.0,360,0.5,0.4986376021798365,True,GLOBAL_GAN,train,syn_GLOBAL_GAN_r50_00017,True
timegan_uncond,-1,,,-1,,6025.0,12050,0.5,0.4986376021798365,True,GLOBAL_GAN,train,syn_GLOBAL_GAN_r50_00018,True
timegan_uncond,-1,,,-1,,8343.0,16686,0.5,0.4986376021798365,True,GLOBAL_GAN,train,syn_GLOBAL_GAN_r50_00019,True
timegan_uncond,-1,,,-1,,135.0,270,0.5,0.4986376021798365,True,GLOBAL_GAN,train,syn_GLOBAL_GAN_r50_00020,True
timegan_uncond,-1,,,-1,,430.0,860,0.5,0.4986376021798365,True,GLOBAL_GAN,train,syn_GLOBAL_GAN_r50_00021,True
timegan_uncond,-1,,,-1,,135.0,270,0.5,0.4986376021798365,True,GLOBAL_GAN,train,syn_GLOBAL_GAN_r50_00022,True
timegan_uncond,-1,,,-1,,445.0,890,0.5,0.4986376021798365,True,GLOBAL_GAN,train,syn_GLOBAL_GAN_r50_00023,True
timegan_uncond,-1,,,-1,,125.0,250,0.5,0.4986376021798365,True,GLOBAL_GAN,train,syn_GLOBAL_GAN_r50_00024,True
timegan_uncond,-1,,,-1,,120.0,240,0.5,0.4986376021798365,True,GLOBAL_GAN,train,syn_GLOBAL_GAN_r50_00025,True
timegan_uncond,-1,,,-1,,135.0,270,0.5,0.4986376021798365,True,GLOBAL_GAN,train,syn_GLOBAL_GAN_r50_00026,True
timegan_uncond,-1,,,-1,,570.0,1140,0.5,0.4986376021798365,True,GLOBAL_GAN,train,syn_GLOBAL_GAN_r50_00027,True
timegan_uncond,-1,,,-1,,265.0,530,0.5,0.4986376021798365,True,GLOBAL_GAN,train,syn_GLOBAL_GAN_r50_00028,True
timegan_uncond,-1,,,-1,,220.0,440,0.5,0.4986376021798365,True,GLOBAL_GAN,train,syn_GLOBAL_GAN_r50_00029,True
timegan_uncond,-1,,,-1,,445.0,890,0.5,0.4986376021798365,True,GLOBAL_GAN,train,syn_GLOBAL_GAN_r50_00030,True
timegan_uncond,-1,,,-1,,350.0,700,0.5,0.4986376021798365,True,GLOBAL_GAN,train,syn_GLOBAL_GAN_r50_00031,True
timegan_uncond,-1,,,-1,,395.0,790,0.5,0.4986376021798365,True,GLOBAL_GAN,train,syn_GLOBAL_GAN_r50_00032,True
timegan_uncond,-1,,,-1,,170.0,340,0.5,0.4986376021798365,True,GLOBAL_GAN,train,syn_GLOBAL_GAN_r50_00033,True
timegan_uncond,-1,,,-1,,210.0,420,0.5,0.4986376021798365,True,GLOBAL_GAN,train,syn_GLOBAL_GAN_r50_00034,True
timegan_uncond,-1,,,-1,,855.0,1710,0.5,0.4986376021798365,True,GLOBAL_GAN,train,syn_GLOBAL_GAN_r50_00035,True
timegan_uncond,-1,,,-1,,249.5,499,0.5,0.4986376021798365,True,GLOBAL_GAN,train,syn_GLOBAL_GAN_r50_00036,True
timegan_uncond,-1,,,-1,,251.5,503,0.5,0.4986376021798365,True,GLOBAL_GAN,train,syn_GLOBAL_GAN_r50_00037,True
timegan_uncond,-1,,,-1,,215.0,430,0.5,0.4986376021798365,True,GLOBAL_GAN,train,syn_GLOBAL_GAN_r50_00038,True
timegan_uncond,-1,,,-1,,215.0,430,0.5,0.4986376021798365,True,GLOBAL_GAN,train,syn_GLOBAL_GAN_r50_00039,True
timegan_uncond,-1,,,-1,,275.0,550,0.5,0.4986376021798365,True,GLOBAL_GAN,train,syn_GLOBAL_GAN_r50_00040,True
timegan_uncond,-1,,,-1,,235.0,470,0.5,0.4986376021798365,True,GLOBAL_GAN,train,syn_GLOBAL_GAN_r50_00041,True
timegan_uncond,-1,,,-1,,1645.0,3290,0.5,0.4986376021798365,True,GLOBAL_GAN,train,syn_GLOBAL_GAN_r50_00042,True
timegan_uncond,-1,,,-1,,170.0,340,0.5,0.4986376021798365,True,GLOBAL_GAN,train,syn_GLOBAL_GAN_r50_00043,True
timegan_uncond,-1,,,-1,,2305.0,4610,0.5,0.4986376021798365,True,GLOBAL_GAN,train,syn_GLOBAL_GAN_r50_00044,True
timegan_uncond,-1,,,-1,,120.0,240,0.5,0.4986376021798365,True,GLOBAL_GAN,train,syn_GLOBAL_GAN_r50_00045,True
timegan_uncond,-1,,,-1,,226.5,453,0.5,0.4986376021798365,True,GLOBAL_GAN,train,syn_GLOBAL_GAN_r50_00046,True
timegan_uncond,-1,,,-1,,330.0,660,0.5,0.4986376021798365,True,GLOBAL_GAN,train,syn_GLOBAL_GAN_r50_00047,True
timegan_uncond,-1,,,-1,,260.0,520,0.5,0.4986376021798365,True,GLOBAL_GAN,train,syn_GLOBAL_GAN_r50_00048,True
timegan_uncond,-1,,,-1,,325.0,650,0.5,0.4986376021798365,True,GLOBAL_GAN,train,syn_GLOBAL_GAN_r50_00049,True
timegan_uncond,-1,,,-1,,135.0,270,0.5,0.4986376021798365,True,GLOBAL_GAN,train,syn_GLOBAL_GAN_r50_00050,True
timegan_uncond,-1,,,-1,,210.0,420,0.5,0.4986376021798365,True,GLOBAL_GAN,train,syn_GLOBAL_GAN_r50_00051,True
timegan_uncond,-1,,,-1,,140.0,280,0.5,0.4986376021798365,True,GLOBAL_GAN,train,syn_GLOBAL_GAN_r50_00052,True
timegan_uncond,-1,,,-1,,480.0,960,0.5,0.4986376021798365,True,GLOBAL_GAN,train,syn_GLOBAL_GAN_r50_00053,True
timegan_uncond,-1,,,-1,,325.0,650,0.5,0.4986376021798365,True,GLOBAL_GAN,train,syn_GLOBAL_GAN_r50_00054,True
timegan_uncond,-1,,,-1,,170.0,340,0.5,0.4986376021798365,True,GLOBAL_GAN,train,syn_GLOBAL_GAN_r50_00055,True
timegan_uncond,-1,,,-1,,225.0,450,0.5,0.4986376021798365,True,GLOBAL_GAN,train,syn_GLOBAL_GAN_r50_00056,True
timegan_uncond,-1,,,-1,,607.5,1215,0.5,0.4986376021798365,True,GLOBAL_GAN,train,syn_GLOBAL_GAN_r50_00057,True
timegan_uncond,-1,,,-1,,155.0,310,0.5,0.4986376021798365,True,GLOBAL_GAN,train,syn_GLOBAL_GAN_r50_00058,True
timegan_uncond,-1,,,-1,,480.0,960,0.5,0.4986376021798365,True,GLOBAL_GAN,train,syn_GLOBAL_GAN_r50_00059,True
timegan_uncond,-1,,,-1,,2205.0,4410,0.5,0.4986376021798365,True,GLOBAL_GAN,train,syn_GLOBAL_GAN_r50_00060,True
timegan_uncond,-1,,,-1,,980.0,1960,0.5,0.4986376021798365,True,GLOBAL_GAN,train,syn_GLOBAL_GAN_r50_00061,True
timegan_uncond,-1,,,-1,,835.0,1670,0.5,0.4986376021798365,True,GLOBAL_GAN,train,syn_GLOBAL_GAN_r50_00062,True
timegan_uncond,-1,,,-1,,495.0,990,0.5,0.4986376021798365,True,GLOBAL_GAN,train,syn_GLOBAL_GAN_r50_00063,True
timegan_uncond,-1,,,-1,,170.0,340,0.5,0.4986376021798365,True,GLOBAL_GAN,train,syn_GLOBAL_GAN_r50_00064,True
timegan_uncond,-1,,,-1,,180.0,360,0.5,0.4986376021798365,True,GLOBAL_GAN,train,syn_GLOBAL_GAN_r50_00065,True
timegan_uncond,-1,,,-1,,190.0,380,0.5,0.4986376021798365,True,GLOBAL_GAN,train,syn_GLOBAL_GAN_r50_00066,True
timegan_uncond,-1,,,-1,,2818.0,5636,0.5,0.4986376021798365,True,GLOBAL_GAN,train,syn_GLOBAL_GAN_r50_00067,True
timegan_uncond,-1,,,-1,,1195.0,2390,0.5,0.4986376021798365,True,GLOBAL_GAN,train,syn_GLOBAL_GAN_r50_00068,True
timegan_uncond,-1,,,-1,,1675.0,3350,0.5,0.4986376021798365,True,GLOBAL_GAN,train,syn_GLOBAL_GAN_r50_00069,True
timegan_uncond,-1,,,-1,,2010.5,4021,0.5,0.4986376021798365,True,GLOBAL_GAN,train,syn_GLOBAL_GAN_r50_00070,True
timegan_uncond,-1,,,-1,,1350.0,2700,0.5,0.4986376021798365,True,GLOBAL_GAN,train,syn_GLOBAL_GAN_r50_00071,True
timegan_uncond,-1,,,-1,,1142.0,2284,0.5,0.4986376021798365,True,GLOBAL_GAN,train,syn_GLOBAL_GAN_r50_00072,True
timegan_uncond,-1,,,-1,,2690.0,5380,0.5,0.4986376021798365,True,GLOBAL_GAN,train,syn_GLOBAL_GAN_r50_00073,True
timegan_uncond,-1,,,-1,,410.0,820,0.5,0.4986376021798365,True,GLOBAL_GAN,train,syn_GLOBAL_GAN_r50_00074,True
timegan_uncond,-1,,,-1,,245.0,490,0.5,0.4986376021798365,True,GLOBAL_GAN,train,syn_GLOBAL_GAN_r50_00075,True
timegan_uncond,-1,,,-1,,1183.0,2366,0.5,0.4986376021798365,True,GLOBAL_GAN,train,syn_GLOBAL_GAN_r50_00076,True
timegan_uncond,-1,,,-1,,375.0,750,0.5,0.4986376021798365,True,GLOBAL_GAN,train,syn_GLOBAL_GAN_r50_00077,True
timegan_uncond,-1,,,-1,,230.0,460,0.5,0.4986376021798365,True,GLOBAL_GAN,train,syn_GLOBAL_GAN_r50_00078,True
timegan_uncond,-1,,,-1,,265.0,530,0.5,0.4986376021798365,True,GLOBAL_GAN,train,syn_GLOBAL_GAN_r50_00079,True
timegan_uncond,-1,,,-1,,1545.0,3090,0.5,0.4986376021798365,True,GLOBAL_GAN,train,syn_GLOBAL_GAN_r50_00080,True
timegan_uncond,-1,,,-1,,170.0,340,0.5,0.4986376021798365,True,GLOBAL_GAN,train,syn_GLOBAL_GAN_r50_00081,True
timegan_uncond,-1,,,-1,,1160.0,2320,0.5,0.4986376021798365,True,GLOBAL_GAN,train,syn_GLOBAL_GAN_r50_00082,True
timegan_uncond,-1,,,-1,,210.0,420,0.5,0.4986376021798365,True,GLOBAL_GAN,train,syn_GLOBAL_GAN_r50_00083,True
timegan_uncond,-1,,,-1,,980.0,1960,0.5,0.4986376021798365,True,GLOBAL_GAN,train,syn_GLOBAL_GAN_r50_00084,True
timegan_uncond,-1,,,-1,,245.0,490,0.5,0.4986376021798365,True,GLOBAL_GAN,train,syn_GLOBAL_GAN_r50_00085,True
timegan_uncond,-1,,,-1,,405.0,810,0.5,0.4986376021798365,True,GLOBAL_GAN,train,syn_GLOBAL_GAN_r50_00086,True
timegan_uncond,-1,,,-1,,190.0,380,0.5,0.4986376021798365,True,GLOBAL_GAN,train,syn_GLOBAL_GAN_r50_00087,True
timegan_uncond,-1,,,-1,,5315.5,10631,0.5,0.4986376021798365,True,GLOBAL_GAN,train,syn_GLOBAL_GAN_r50_00088,True
timegan_uncond,-1,,,-1,,1510.0,3020,0.5,0.4986376021798365,True,GLOBAL_GAN,train,syn_GLOBAL_GAN_r50_00089,True
timegan_uncond,-1,,,-1,,170.0,340,0.5,0.4986376021798365,True,GLOBAL_GAN,train,syn_GLOBAL_GAN_r50_00090,True
timegan_uncond,-1,,,-1,,1895.0,3790,0.5,0.4986376021798365,True,GLOBAL_GAN,train,syn_GLOBAL_GAN_r50_00091,True
timegan_uncond,-1,,,-1,,180.0,360,0.5,0.4986376021798365,True,GLOBAL_GAN,train,syn_GLOBAL_GAN_r50_00092,True
timegan_uncond,-1,,,-1,,140.0,280,0.5,0.4986376021798365,True,GLOBAL_GAN,train,syn_GLOBAL_GAN_r50_00093,True
timegan_uncond,-1,,,-1,,160.0,320,0.5,0.4986376021798365,True,GLOBAL_GAN,train,syn_GLOBAL_GAN_r50_00094,True
timegan_uncond,-1,,,-1,,3345.0,6690,0.5,0.4986376021798365,True,GLOBAL_GAN,train,syn_GLOBAL_GAN_r50_00095,True
timegan_uncond,-1,,,-1,,290.0,580,0.5,0.4986376021798365,True,GLOBAL_GAN,train,syn_GLOBAL_GAN_r50_00096,True
timegan_uncond,-1,,,-1,,220.0,440,0.5,0.4986376021798365,True,GLOBAL_GAN,train,syn_GLOBAL_GAN_r50_00097,True
timegan_uncond,-1,,,-1,,175.0,350,0.5,0.4986376021798365,True,GLOBAL_GAN,train,syn_GLOBAL_GAN_r50_00098,True
timegan_uncond,-1,,,-1,,150.0,300,0.5,0.4986376021798365,True,GLOBAL_GAN,train,syn_GLOBAL_GAN_r50_00099,True
timegan_uncond,-1,,,-1,,120.0,240,0.5,0.4986376021798365,True,GLOBAL_GAN,train,syn_GLOBAL_GAN_r50_00100,True
timegan_uncond,-1,,,-1,,195.0,390,0.5,0.4986376021798365,True,GLOBAL_GAN,train,syn_GLOBAL_GAN_r50_00101,True
timegan_uncond,-1,,,-1,,245.0,490,0.5,0.4986376021798365,True,GLOBAL_GAN,train,syn_GLOBAL_GAN_r50_00102,True
timegan_uncond,-1,,,-1,,4395.0,8790,0.5,0.4986376021798365,True,GLOBAL_GAN,train,syn_GLOBAL_GAN_r50_00103,True
timegan_uncond,-1,,,-1,,375.0,750,0.5,0.4986376021798365,True,GLOBAL_GAN,train,syn_GLOBAL_GAN_r50_00104,True
timegan_uncond,-1,,,-1,,185.0,370,0.5,0.4986376021798365,True,GLOBAL_GAN,train,syn_GLOBAL_GAN_r50_00105,True
timegan_uncond,-1,,,-1,,730.0,1460,0.5,0.4986376021798365,True,GLOBAL_GAN,train,syn_GLOBAL_GAN_r50_00106,True
timegan_uncond,-1,,,-1,,270.0,540,0.5,0.4986376021798365,True,GLOBAL_GAN,train,syn_GLOBAL_GAN_r50_00107,True
timegan_uncond,-1,,,-1,,195.0,390,0.5,0.4986376021798365,True,GLOBAL_GAN,train,syn_GLOBAL_GAN_r50_00108,True
timegan_uncond,-1,,,-1,,215.0,430,0.5,0.4986376021798365,True,GLOBAL_GAN,train,syn_GLOBAL_GAN_r50_00109,True
timegan_uncond,-1,,,-1,,165.0,330,0.5,0.4986376021798365,True,GLOBAL_GAN,train,syn_GLOBAL_GAN_r50_00110,True
timegan_uncond,-1,,,-1,,405.0,810,0.5,0.4986376021798365,True,GLOBAL_GAN,train,syn_GLOBAL_GAN_r50_00111,True
timegan_uncond,-1,,,-1,,175.0,350,0.5,0.4986376021798365,True,GLOBAL_GAN,train,syn_GLOBAL_GAN_r50_00112,True
timegan_uncond,-1,,,-1,,120.0,240,0.5,0.4986376021798365,True,GLOBAL_GAN,train,syn_GLOBAL_GAN_r50_00113,True
timegan_uncond,-1,,,-1,,795.0,1590,0.5,0.4986376021798365,True,GLOBAL_GAN,train,syn_GLOBAL_GAN_r50_00114,True
timegan_uncond,-1,,,-1,,275.0,550,0.5,0.4986376021798365,True,GLOBAL_GAN,train,syn_GLOBAL_GAN_r50_00115,True
timegan_uncond,-1,,,-1,,240.0,480,0.5,0.4986376021798365,True,GLOBAL_GAN,train,syn_GLOBAL_GAN_r50_00116,True
timegan_uncond,-1,,,-1,,535.0,1070,0.5,0.4986376021798365,True,GLOBAL_GAN,train,syn_GLOBAL_GAN_r50_00117,True
timegan_uncond,-1,,,-1,,800.0,1600,0.5,0.4986376021798365,True,GLOBAL_GAN,train,syn_GLOBAL_GAN_r50_00118,True
timegan_uncond,-1,,,-1,,480.0,960,0.5,0.4986376021798365,True,GLOBAL_GAN,train,syn_GLOBAL_GAN_r50_00119,True
timegan_uncond,-1,,,-1,,325.0,650,0.5,0.4986376021798365,True,GLOBAL_GAN,train,syn_GLOBAL_GAN_r50_00120,True
timegan_uncond,-1,,,-1,,155.0,310,0.5,0.4986376021798365,True,GLOBAL_GAN,train,syn_GLOBAL_GAN_r50_00121,True
timegan_uncond,-1,,,-1,,310.0,620,0.5,0.4986376021798365,True,GLOBAL_GAN,train,syn_GLOBAL_GAN_r50_00122,True
timegan_uncond,-1,,,-1,,410.0,820,0.5,0.4986376021798365,True,GLOBAL_GAN,train,syn_GLOBAL_GAN_r50_00123,True
timegan_uncond,-1,,,-1,,340.0,680,0.5,0.4986376021798365,True,GLOBAL_GAN,train,syn_GLOBAL_GAN_r50_00124,True
timegan_uncond,-1,,,-1,,180.0,360,0.5,0.4986376021798365,True,GLOBAL_GAN,train,syn_GLOBAL_GAN_r50_00125,True
timegan_uncond,-1,,,-1,,145.0,290,0.5,0.4986376021798365,True,GLOBAL_GAN,train,syn_GLOBAL_GAN_r50_00126,True
timegan_uncond,-1,,,-1,,155.0,310,0.5,0.4986376021798365,True,GLOBAL_GAN,train,syn_GLOBAL_GAN_r50_00127,True
timegan_uncond,-1,,,-1,,1435.0,2870,0.5,0.4986376021798365,True,GLOBAL_GAN,train,syn_GLOBAL_GAN_r50_00128,True
timegan_uncond,-1,,,-1,,305.0,610,0.5,0.4986376021798365,True,GLOBAL_GAN,train,syn_GLOBAL_GAN_r50_00129,True
timegan_uncond,-1,,,-1,,275.0,550,0.5,0.4986376021798365,True,GLOBAL_GAN,train,syn_GLOBAL_GAN_r50_00130,True
timegan_uncond,-1,,,-1,,210.0,420,0.5,0.4986376021798365,True,GLOBAL_GAN,train,syn_GLOBAL_GAN_r50_00131,True
timegan_uncond,-1,,,-1,,160.0,320,0.5,0.4986376021798365,True,GLOBAL_GAN,train,syn_GLOBAL_GAN_r50_00132,True
timegan_uncond,-1,,,-1,,1325.0,2650,0.5,0.4986376021798365,True,GLOBAL_GAN,train,syn_GLOBAL_GAN_r50_00133,True
timegan_uncond,-1,,,-1,,160.0,320,0.5,0.4986376021798365,True,GLOBAL_GAN,train,syn_GLOBAL_GAN_r50_00134,True
timegan_uncond,-1,,,-1,,275.0,550,0.5,0.4986376021798365,True,GLOBAL_GAN,train,syn_GLOBAL_GAN_r50_00135,True
timegan_uncond,-1,,,-1,,1545.0,3090,0.5,0.4986376021798365,True,GLOBAL_GAN,train,syn_GLOBAL_GAN_r50_00136,True
timegan_uncond,-1,,,-1,,360.0,720,0.5,0.4986376021798365,True,GLOBAL_GAN,train,syn_GLOBAL_GAN_r50_00137,True
timegan_uncond,-1,,,-1,,175.0,350,0.5,0.4986376021798365,True,GLOBAL_GAN,train,syn_GLOBAL_GAN_r50_00138,True
timegan_uncond,-1,,,-1,,140.0,280,0.5,0.4986376021798365,True,GLOBAL_GAN,train,syn_GLOBAL_GAN_r50_00139,True
timegan_uncond,-1,,,-1,,935.0,1870,0.5,0.4986376021798365,True,GLOBAL_GAN,train,syn_GLOBAL_GAN_r50_00140,True
timegan_uncond,-1,,,-1,,945.0,1890,0.5,0.4986376021798365,True,GLOBAL_GAN,train,syn_GLOBAL_GAN_r50_00141,True
timegan_uncond,-1,,,-1,,795.0,1590,0.5,0.4986376021798365,True,GLOBAL_GAN,train,syn_GLOBAL_GAN_r50_00142,True
timegan_uncond,-1,,,-1,,295.0,590,0.5,0.4986376021798365,True,GLOBAL_GAN,train,syn_GLOBAL_GAN_r50_00143,True
timegan_uncond,-1,,,-1,,4274.0,8548,0.5,0.4986376021798365,True,GLOBAL_GAN,train,syn_GLOBAL_GAN_r50_00144,True
timegan_uncond,-1,,,-1,,180.0,360,0.5,0.4986376021798365,True,GLOBAL_GAN,train,syn_GLOBAL_GAN_r50_00145,True
timegan_uncond,-1,,,-1,,170.0,340,0.5,0.4986376021798365,True,GLOBAL_GAN,train,syn_GLOBAL_GAN_r50_00146,True
timegan_uncond,-1,,,-1,,607.5,1215,0.5,0.4986376021798365,True,GLOBAL_GAN,train,syn_GLOBAL_GAN_r50_00147,True
timegan_uncond,-1,,,-1,,135.0,270,0.5,0.4986376021798365,True,GLOBAL_GAN,train,syn_GLOBAL_GAN_r50_00148,True
timegan_uncond,-1,,,-1,,190.0,380,0.5,0.4986376021798365,True,GLOBAL_GAN,train,syn_GLOBAL_GAN_r50_00149,True
timegan_uncond,-1,,,-1,,180.0,360,0.5,0.4986376021798365,True,GLOBAL_GAN,train,syn_GLOBAL_GAN_r50_00150,True
timegan_uncond,-1,,,-1,,205.0,410,0.5,0.4986376021798365,True,GLOBAL_GAN,train,syn_GLOBAL_GAN_r50_00151,True
timegan_uncond,-1,,,-1,,235.0,470,0.5,0.4986376021798365,True,GLOBAL_GAN,train,syn_GLOBAL_GAN_r50_00152,True
timegan_uncond,-1,,,-1,,7235.0,14470,0.5,0.4986376021798365,True,GLOBAL_GAN,train,syn_GLOBAL_GAN_r50_00153,True
timegan_uncond,-1,,,-1,,4333.0,8666,0.5,0.4986376021798365,True,GLOBAL_GAN,train,syn_GLOBAL_GAN_r50_00154,True
timegan_uncond,-1,,,-1,,190.0,380,0.5,0.4986376021798365,True,GLOBAL_GAN,train,syn_GLOBAL_GAN_r50_00155,True
timegan_uncond,-1,,,-1,,785.0,1570,0.5,0.4986376021798365,True,GLOBAL_GAN,train,syn_GLOBAL_GAN_r50_00156,True
timegan_uncond,-1,,,-1,,380.0,760,0.5,0.4986376021798365,True,GLOBAL_GAN,train,syn_GLOBAL_GAN_r50_00157,True
timegan_uncond,-1,,,-1,,635.0,1270,0.5,0.4986376021798365,True,GLOBAL_GAN,train,syn_GLOBAL_GAN_r50_00158,True
timegan_uncond,-1,,,-1,,2205.0,4410,0.5,0.4986376021798365,True,GLOBAL_GAN,train,syn_GLOBAL_GAN_r50_00159,True
timegan_uncond,-1,,,-1,,275.0,550,0.5,0.4986376021798365,True,GLOBAL_GAN,train,syn_GLOBAL_GAN_r50_00160,True
timegan_uncond,-1,,,-1,,275.0,550,0.5,0.4986376021798365,True,GLOBAL_GAN,train,syn_GLOBAL_GAN_r50_00161,True
timegan_uncond,-1,,,-1,,795.0,1590,0.5,0.4986376021798365,True,GLOBAL_GAN,train,syn_GLOBAL_GAN_r50_00162,True
timegan_uncond,-1,,,-1,,210.0,420,0.5,0.4986376021798365,True,GLOBAL_GAN,train,syn_GLOBAL_GAN_r50_00163,True
timegan_uncond,-1,,,-1,,120.0,240,0.5,0.4986376021798365,True,GLOBAL_GAN,train,syn_GLOBAL_GAN_r50_00164,True
timegan_uncond,-1,,,-1,,410.0,820,0.5,0.4986376021798365,True,GLOBAL_GAN,train,syn_GLOBAL_GAN_r50_00165,True
timegan_uncond,-1,,,-1,,480.0,960,0.5,0.4986376021798365,True,GLOBAL_GAN,train,syn_GLOBAL_GAN_r50_00166,True
timegan_uncond,-1,,,-1,,160.0,320,0.5,0.4986376021798365,True,GLOBAL_GAN,train,syn_GLOBAL_GAN_r50_00167,True
timegan_uncond,-1,,,-1,,175.0,350,0.5,0.4986376021798365,True,GLOBAL_GAN,train,syn_GLOBAL_GAN_r50_00168,True
timegan_uncond,-1,,,-1,,1142.0,2284,0.5,0.4986376021798365,True,GLOBAL_GAN,train,syn_GLOBAL_GAN_r50_00169,True
timegan_uncond,-1,,,-1,,455.0,910,0.5,0.4986376021798365,True,GLOBAL_GAN,train,syn_GLOBAL_GAN_r50_00170,True
timegan_uncond,-1,,,-1,,120.0,240,0.5,0.4986376021798365,True,GLOBAL_GAN,train,syn_GLOBAL_GAN_r50_00171,True
timegan_uncond,-1,,,-1,,340.0,680,0.5,0.4986376021798365,True,GLOBAL_GAN,train,syn_GLOBAL_GAN_r50_00172,True
timegan_uncond,-1,,,-1,,3110.0,6220,0.5,0.4986376021798365,True,GLOBAL_GAN,train,syn_GLOBAL_GAN_r50_00173,True
timegan_uncond,-1,,,-1,,205.0,410,0.5,0.4986376021798365,True,GLOBAL_GAN,train,syn_GLOBAL_GAN_r50_00174,True
timegan_uncond,-1,,,-1,,425.0,850,0.5,0.4986376021798365,True,GLOBAL_GAN,train,syn_GLOBAL_GAN_r50_00175,True
timegan_uncond,-1,,,-1,,160.0,320,0.5,0.4986376021798365,True,GLOBAL_GAN,train,syn_GLOBAL_GAN_r50_00176,True
timegan_uncond,-1,,,-1,,160.0,320,0.5,0.4986376021798365,True,GLOBAL_GAN,train,syn_GLOBAL_GAN_r50_00177,True
timegan_uncond,-1,,,-1,,4498.5,8997,0.5,0.4986376021798365,True,GLOBAL_GAN,train,syn_GLOBAL_GAN_r50_00178,True
timegan_uncond,-1,,,-1,,120.0,240,0.5,0.4986376021798365,True,GLOBAL_GAN,train,syn_GLOBAL_GAN_r50_00179,True
timegan_uncond,-1,,,-1,,845.0,1690,0.5,0.4986376021798365,True,GLOBAL_GAN,train,syn_GLOBAL_GAN_r50_00180,True
timegan_uncond,-1,,,-1,,130.0,260,0.5,0.4986376021798365,True,GLOBAL_GAN,train,syn_GLOBAL_GAN_r50_00181,True
timegan_uncond,-1,,,-1,,120.0,240,0.5,0.4986376021798365,True,GLOBAL_GAN,train,syn_GLOBAL_GAN_r50_00182,True
timegan_uncond,-1,,,-1,,170.0,340,0.5,0.4986376021798365,True,GLOBAL_GAN,train,syn_GLOBAL_GAN_r50_00183,True
timegan_uncond,-1,,,-1,,620.0,1240,0.5,0.4986376021798365,True,GLOBAL_GAN,train,syn_GLOBAL_GAN_r50_00184,True
timegan_uncond,-1,,,-1,,120.0,240,0.5,0.4986376021798365,True,GLOBAL_GAN,train,syn_GLOBAL_GAN_r50_00185,True
timegan_uncond,-1,,,-1,,1255.0,2510,0.5,0.4986376021798365,True,GLOBAL_GAN,train,syn_GLOBAL_GAN_r50_00186,True
timegan_uncond,-1,,,-1,,360.0,720,0.5,0.4986376021798365,True,GLOBAL_GAN,train,syn_GLOBAL_GAN_r50_00187,True
timegan_uncond,-1,,,-1,,180.0,360,0.5,0.4986376021798365,True,GLOBAL_GAN,train,syn_GLOBAL_GAN_r50_00188,True
timegan_uncond,-1,,,-1,,515.0,1030,0.5,0.4986376021798365,True,GLOBAL_GAN,train,syn_GLOBAL_GAN_r50_00189,True
timegan_uncond,-1,,,-1,,120.0,240,0.5,0.4986376021798365,True,GLOBAL_GAN,train,syn_GLOBAL_GAN_r50_00190,True
timegan_uncond,-1,,,-1,,925.0,1850,0.5,0.4986376021798365,True,GLOBAL_GAN,train,syn_GLOBAL_GAN_r50_00191,True
timegan_uncond,-1,,,-1,,395.0,790,0.5,0.4986376021798365,True,GLOBAL_GAN,train,syn_GLOBAL_GAN_r50_00192,True
timegan_uncond,-1,,,-1,,120.0,240,0.5,0.4986376021798365,True,GLOBAL_GAN,train,syn_GLOBAL_GAN_r50_00193,True
timegan_uncond,-1,,,-1,,155.0,310,0.5,0.4986376021798365,True,GLOBAL_GAN,train,syn_GLOBAL_GAN_r50_00194,True
timegan_uncond,-1,,,-1,,1110.0,2220,0.5,0.4986376021798365,True,GLOBAL_GAN,train,syn_GLOBAL_GAN_r50_00195,True
timegan_uncond,-1,,,-1,,205.0,410,0.5,0.4986376021798365,True,GLOBAL_GAN,train,syn_GLOBAL_GAN_r50_00196,True
timegan_uncond,-1,,,-1,,1405.0,2810,0.5,0.4986376021798365,True,GLOBAL_GAN,train,syn_GLOBAL_GAN_r50_00197,True
timegan_uncond,-1,,,-1,,180.0,360,0.5,0.4986376021798365,True,GLOBAL_GAN,train,syn_GLOBAL_GAN_r50_00198,True
timegan_uncond,-1,,,-1,,375.0,750,0.5,0.4986376021798365,True,GLOBAL_GAN,train,syn_GLOBAL_GAN_r50_00199,True
timegan_uncond,-1,,,-1,,205.0,410,0.5,0.4986376021798365,True,GLOBAL_GAN,train,syn_GLOBAL_GAN_r50_00200,True
timegan_uncond,-1,,,-1,,180.0,360,0.5,0.4986376021798365,True,GLOBAL_GAN,train,syn_GLOBAL_GAN_r50_00201,True
timegan_uncond,-1,,,-1,,230.0,460,0.5,0.4986376021798365,True,GLOBAL_GAN,train,syn_GLOBAL_GAN_r50_00202,True
timegan_uncond,-1,,,-1,,120.0,240,0.5,0.4986376021798365,True,GLOBAL_GAN,train,syn_GLOBAL_GAN_r50_00203,True
timegan_uncond,-1,,,-1,,285.0,570,0.5,0.4986376021798365,True,GLOBAL_GAN,train,syn_GLOBAL_GAN_r50_00204,True
timegan_uncond,-1,,,-1,,370.0,740,0.5,0.4986376021798365,True,GLOBAL_GAN,train,syn_GLOBAL_GAN_r50_00205,True
timegan_uncond,-1,,,-1,,330.0,660,0.5,0.4986376021798365,True,GLOBAL_GAN,train,syn_GLOBAL_GAN_r50_00206,True
timegan_uncond,-1,,,-1,,190.0,380,0.5,0.4986376021798365,True,GLOBAL_GAN,train,syn_GLOBAL_GAN_r50_00207,True
timegan_uncond,-1,,,-1,,230.0,460,0.5,0.4986376021798365,True,GLOBAL_GAN,train,syn_GLOBAL_GAN_r50_00208,True
timegan_uncond,-1,,,-1,,350.0,700,0.5,0.4986376021798365,True,GLOBAL_GAN,train,syn_GLOBAL_GAN_r50_00209,True
timegan_uncond,-1,,,-1,,180.0,360,0.5,0.4986376021798365,True,GLOBAL_GAN,train,syn_GLOBAL_GAN_r50_00210,True
timegan_uncond,-1,,,-1,,1340.0,2680,0.5,0.4986376021798365,True,GLOBAL_GAN,train,syn_GLOBAL_GAN_r50_00211,True
timegan_uncond,-1,,,-1,,795.0,1590,0.5,0.4986376021798365,True,GLOBAL_GAN,train,syn_GLOBAL_GAN_r50_00212,True
timegan_uncond,-1,,,-1,,410.0,820,0.5,0.4986376021798365,True,GLOBAL_GAN,train,syn_GLOBAL_GAN_r50_00213,True
timegan_uncond,-1,,,-1,,935.0,1870,0.5,0.4986376021798365,True,GLOBAL_GAN,train,syn_GLOBAL_GAN_r50_00214,True
timegan_uncond,-1,,,-1,,795.0,1590,0.5,0.4986376021798365,True,GLOBAL_GAN,train,syn_GLOBAL_GAN_r50_00215,True
timegan_uncond,-1,,,-1,,6025.0,12050,0.5,0.4986376021798365,True,GLOBAL_GAN,train,syn_GLOBAL_GAN_r50_00216,True
timegan_uncond,-1,,,-1,,3392.5,6785,0.5,0.4986376021798365,True,GLOBAL_GAN,train,syn_GLOBAL_GAN_r50_00217,True
timegan_uncond,-1,,,-1,,935.0,1870,0.5,0.4986376021798365,True,GLOBAL_GAN,train,syn_GLOBAL_GAN_r50_00218,True
timegan_uncond,-1,,,-1,,185.0,370,0.5,0.4986376021798365,True,GLOBAL_GAN,train,syn_GLOBAL_GAN_r50_00219,True
timegan_uncond,-1,,,-1,,255.0,510,0.5,0.4986376021798365,True,GLOBAL_GAN,train,syn_GLOBAL_GAN_r50_00220,True
timegan_uncond,-1,,,-1,,220.0,440,0.5,0.4986376021798365,True,GLOBAL_GAN,train,syn_GLOBAL_GAN_r50_00221,True
timegan_uncond,-1,,,-1,,180.0,360,0.5,0.4986376021798365,True,GLOBAL_GAN,train,syn_GLOBAL_GAN_r50_00222,True
timegan_uncond,-1,,,-1,,205.0,410,0.5,0.4986376021798365,True,GLOBAL_GAN,train,syn_GLOBAL_GAN_r50_00223,True
timegan_uncond,-1,,,-1,,1183.0,2366,0.5,0.4986376021798365,True,GLOBAL_GAN,train,syn_GLOBAL_GAN_r50_00224,True
timegan_uncond,-1,,,-1,,2610.0,5220,0.5,0.4986376021798365,True,GLOBAL_GAN,train,syn_GLOBAL_GAN_r50_00225,True
timegan_uncond,-1,,,-1,,205.0,410,0.5,0.4986376021798365,True,GLOBAL_GAN,train,syn_GLOBAL_GAN_r50_00226,True
timegan_uncond,-1,,,-1,,125.0,250,0.5,0.4986376021798365,True,GLOBAL_GAN,train,syn_GLOBAL_GAN_r50_00227,True
timegan_uncond,-1,,,-1,,1915.0,3830,0.5,0.4986376021798365,True,GLOBAL_GAN,train,syn_GLOBAL_GAN_r50_00228,True
timegan_uncond,-1,,,-1,,190.0,380,0.5,0.4986376021798365,True,GLOBAL_GAN,train,syn_GLOBAL_GAN_r50_00229,True
timegan_uncond,-1,,,-1,,125.0,250,0.5,0.4986376021798365,True,GLOBAL_GAN,train,syn_GLOBAL_GAN_r50_00230,True
timegan_uncond,-1,,,-1,,240.0,480,0.5,0.4986376021798365,True,GLOBAL_GAN,train,syn_GLOBAL_GAN_r50_00231,True
timegan_uncond,-1,,,-1,,360.0,720,0.5,0.4986376021798365,True,GLOBAL_GAN,train,syn_GLOBAL_GAN_r50_00232,True
timegan_uncond,-1,,,-1,,1115.0,2230,0.5,0.4986376021798365,True,GLOBAL_GAN,train,syn_GLOBAL_GAN_r50_00233,True
timegan_uncond,-1,,,-1,,5020.0,10040,0.5,0.4986376021798365,True,GLOBAL_GAN,train,syn_GLOBAL_GAN_r50_00234,True
timegan_uncond,-1,,,-1,,135.0,270,0.5,0.4986376021798365,True,GLOBAL_GAN,train,syn_GLOBAL_GAN_r50_00235,True
timegan_uncond,-1,,,-1,,325.0,650,0.5,0.4986376021798365,True,GLOBAL_GAN,train,syn_GLOBAL_GAN_r50_00236,True
timegan_uncond,-1,,,-1,,195.0,390,0.5,0.4986376021798365,True,GLOBAL_GAN,train,syn_GLOBAL_GAN_r50_00237,True
timegan_uncond,-1,,,-1,,370.0,740,0.5,0.4986376021798365,True,GLOBAL_GAN,train,syn_GLOBAL_GAN_r50_00238,True
timegan_uncond,-1,,,-1,,370.0,740,0.5,0.4986376021798365,True,GLOBAL_GAN,train,syn_GLOBAL_GAN_r50_00239,True
timegan_uncond,-1,,,-1,,4007.0,8014,0.5,0.4986376021798365,True,GLOBAL_GAN,train,syn_GLOBAL_GAN_r50_00240,True
timegan_uncond,-1,,,-1,,710.0,1420,0.5,0.4986376021798365,True,GLOBAL_GAN,train,syn_GLOBAL_GAN_r50_00241,True
timegan_uncond,-1,,,-1,,890.0,1780,0.5,0.4986376021798365,True,GLOBAL_GAN,train,syn_GLOBAL_GAN_r50_00242,True
timegan_uncond,-1,,,-1,,910.0,1820,0.5,0.4986376021798365,True,GLOBAL_GAN,train,syn_GLOBAL_GAN_r50_00243,True
timegan_uncond,-1,,,-1,,310.0,620,0.5,0.4986376021798365,True,GLOBAL_GAN,train,syn_GLOBAL_GAN_r50_00244,True
timegan_uncond,-1,,,-1,,160.0,320,0.5,0.4986376021798365,True,GLOBAL_GAN,train,syn_GLOBAL_GAN_r50_00245,True
timegan_uncond,-1,,,-1,,195.0,390,0.5,0.4986376021798365,True,GLOBAL_GAN,train,syn_GLOBAL_GAN_r50_00246,True
timegan_uncond,-1,,,-1,,120.0,240,0.5,0.4986376021798365,True,GLOBAL_GAN,train,syn_GLOBAL_GAN_r50_00247,True
timegan_uncond,-1,,,-1,,123.0,246,0.5,0.4986376021798365,True,GLOBAL_GAN,train,syn_GLOBAL_GAN_r50_00248,True
timegan_uncond,-1,,,-1,,1645.0,3290,0.5,0.4986376021798365,True,GLOBAL_GAN,train,syn_GLOBAL_GAN_r50_00249,True
timegan_uncond,-1,,,-1,,260.0,520,0.5,0.4986376021798365,True,GLOBAL_GAN,train,syn_GLOBAL_GAN_r50_00250,True
timegan_uncond,-1,,,-1,,685.0,1370,0.5,0.4986376021798365,True,GLOBAL_GAN,train,syn_GLOBAL_GAN_r50_00251,True
timegan_uncond,-1,,,-1,,410.0,820,0.5,0.4986376021798365,True,GLOBAL_GAN,train,syn_GLOBAL_GAN_r50_00252,True
timegan_uncond,-1,,,-1,,745.0,1490,0.5,0.4986376021798365,True,GLOBAL_GAN,train,syn_GLOBAL_GAN_r50_00253,True
timegan_uncond,-1,,,-1,,170.0,340,0.5,0.4986376021798365,True,GLOBAL_GAN,train,syn_GLOBAL_GAN_r50_00254,True
timegan_uncond,-1,,,-1,,170.0,340,0.5,0.4986376021798365,True,GLOBAL_GAN,train,syn_GLOBAL_GAN_r50_00255,True
timegan_uncond,-1,,,-1,,180.0,360,0.5,0.4986376021798365,True,GLOBAL_GAN,train,syn_GLOBAL_GAN_r50_00256,True
timegan_uncond,-1,,,-1,,160.0,320,0.5,0.4986376021798365,True,GLOBAL_GAN,train,syn_GLOBAL_GAN_r50_00257,True
timegan_uncond,-1,,,-1,,120.0,240,0.5,0.4986376021798365,True,GLOBAL_GAN,train,syn_GLOBAL_GAN_r50_00258,True
timegan_uncond,-1,,,-1,,120.0,240,0.5,0.4986376021798365,True,GLOBAL_GAN,train,syn_GLOBAL_GAN_r50_00259,True
timegan_uncond,-1,,,-1,,701.0,1402,0.5,0.4986376021798365,True,GLOBAL_GAN,train,syn_GLOBAL_GAN_r50_00260,True
timegan_uncond,-1,,,-1,,285.0,570,0.5,0.4986376021798365,True,GLOBAL_GAN,train,syn_GLOBAL_GAN_r50_00261,True
timegan_uncond,-1,,,-1,,390.0,780,0.5,0.4986376021798365,True,GLOBAL_GAN,train,syn_GLOBAL_GAN_r50_00262,True
timegan_uncond,-1,,,-1,,350.0,700,0.5,0.4986376021798365,True,GLOBAL_GAN,train,syn_GLOBAL_GAN_r50_00263,True
timegan_uncond,-1,,,-1,,415.0,830,0.5,0.4986376021798365,True,GLOBAL_GAN,train,syn_GLOBAL_GAN_r50_00264,True
timegan_uncond,-1,,,-1,,965.0,1930,0.5,0.4986376021798365,True,GLOBAL_GAN,train,syn_GLOBAL_GAN_r50_00265,True
timegan_uncond,-1,,,-1,,325.0,650,0.5,0.4986376021798365,True,GLOBAL_GAN,train,syn_GLOBAL_GAN_r50_00266,True
timegan_uncond,-1,,,-1,,190.0,380,0.5,0.4986376021798365,True,GLOBAL_GAN,train,syn_GLOBAL_GAN_r50_00267,True
timegan_uncond,-1,,,-1,,265.0,530,0.5,0.4986376021798365,True,GLOBAL_GAN,train,syn_GLOBAL_GAN_r50_00268,True
timegan_uncond,-1,,,-1,,255.0,510,0.5,0.4986376021798365,True,GLOBAL_GAN,train,syn_GLOBAL_GAN_r50_00269,True
timegan_uncond,-1,,,-1,,375.0,750,0.5,0.4986376021798365,True,GLOBAL_GAN,train,syn_GLOBAL_GAN_r50_00270,True
timegan_uncond,-1,,,-1,,505.0,1010,0.5,0.4986376021798365,True,GLOBAL_GAN,train,syn_GLOBAL_GAN_r50_00271,True
timegan_uncond,-1,,,-1,,120.0,240,0.5,0.4986376021798365,True,GLOBAL_GAN,train,syn_GLOBAL_GAN_r50_00272,True
timegan_uncond,-1,,,-1,,200.0,400,0.5,0.4986376021798365,True,GLOBAL_GAN,train,syn_GLOBAL_GAN_r50_00273,True
timegan_uncond,-1,,,-1,,7235.0,14470,0.5,0.4986376021798365,True,GLOBAL_GAN,train,syn_GLOBAL_GAN_r50_00274,True
timegan_uncond,-1,,,-1,,600.0,1200,0.5,0.4986376021798365,True,GLOBAL_GAN,train,syn_GLOBAL_GAN_r50_00275,True
timegan_uncond,-1,,,-1,,785.0,1570,0.5,0.4986376021798365,True,GLOBAL_GAN,train,syn_GLOBAL_GAN_r50_00276,True
timegan_uncond,-1,,,-1,,175.0,350,0.5,0.4986376021798365,True,GLOBAL_GAN,train,syn_GLOBAL_GAN_r50_00277,True
timegan_uncond,-1,,,-1,,405.0,810,0.5,0.4986376021798365,True,GLOBAL_GAN,train,syn_GLOBAL_GAN_r50_00278,True
timegan_uncond,-1,,,-1,,365.0,730,0.5,0.4986376021798365,True,GLOBAL_GAN,train,syn_GLOBAL_GAN_r50_00279,True
timegan_uncond,-1,,,-1,,175.0,350,0.5,0.4986376021798365,True,GLOBAL_GAN,train,syn_GLOBAL_GAN_r50_00280,True
timegan_uncond,-1,,,-1,,120.0,240,0.5,0.4986376021798365,True,GLOBAL_GAN,train,syn_GLOBAL_GAN_r50_00281,True
timegan_uncond,-1,,,-1,,160.0,320,0.5,0.4986376021798365,True,GLOBAL_GAN,train,syn_GLOBAL_GAN_r50_00282,True
timegan_uncond,-1,,,-1,,701.0,1402,0.5,0.4986376021798365,True,GLOBAL_GAN,train,syn_GLOBAL_GAN_r50_00283,True
timegan_uncond,-1,,,-1,,340.0,680,0.5,0.4986376021798365,True,GLOBAL_GAN,train,syn_GLOBAL_GAN_r50_00284,True
timegan_uncond,-1,,,-1,,150.0,300,0.5,0.4986376021798365,True,GLOBAL_GAN,train,syn_GLOBAL_GAN_r50_00285,True
timegan_uncond,-1,,,-1,,375.0,750,0.5,0.4986376021798365,True,GLOBAL_GAN,train,syn_GLOBAL_GAN_r50_00286,True
timegan_uncond,-1,,,-1,,130.0,260,0.5,0.4986376021798365,True,GLOBAL_GAN,train,syn_GLOBAL_GAN_r50_00287,True
timegan_uncond,-1,,,-1,,380.0,760,0.5,0.4986376021798365,True,GLOBAL_GAN,train,syn_GLOBAL_GAN_r50_00288,True
timegan_uncond,-1,,,-1,,150.0,300,0.5,0.4986376021798365,True,GLOBAL_GAN,train,syn_GLOBAL_GAN_r50_00289,True
timegan_uncond,-1,,,-1,,125.0,250,0.5,0.4986376021798365,True,GLOBAL_GAN,train,syn_GLOBAL_GAN_r50_00290,True
timegan_uncond,-1,,,-1,,515.0,1030,0.5,0.4986376021798365,True,GLOBAL_GAN,train,syn_GLOBAL_GAN_r50_00291,True
timegan_uncond,-1,,,-1,,2610.0,5220,0.5,0.4986376021798365,True,GLOBAL_GAN,train,syn_GLOBAL_GAN_r50_00292,True
timegan_uncond,-1,,,-1,,220.0,440,0.5,0.4986376021798365,True,GLOBAL_GAN,train,syn_GLOBAL_GAN_r50_00293,True
timegan_uncond,-1,,,-1,,2010.5,4021,0.5,0.4986376021798365,True,GLOBAL_GAN,train,syn_GLOBAL_GAN_r50_00294,True
timegan_uncond,-1,,,-1,,235.0,470,0.5,0.4986376021798365,True,GLOBAL_GAN,train,syn_GLOBAL_GAN_r50_00295,True
timegan_uncond,-1,,,-1,,135.0,270,0.5,0.4986376021798365,True,GLOBAL_GAN,train,syn_GLOBAL_GAN_r50_00296,True
timegan_uncond,-1,,,-1,,585.0,1170,0.5,0.4986376021798365,True,GLOBAL_GAN,train,syn_GLOBAL_GAN_r50_00297,True
timegan_uncond,-1,,,-1,,205.0,410,0.5,0.4986376021798365,True,GLOBAL_GAN,train,syn_GLOBAL_GAN_r50_00298,True
timegan_uncond,-1,,,-1,,120.0,240,0.5,0.4986376021798365,True,GLOBAL_GAN,train,syn_GLOBAL_GAN_r50_00299,True
timegan_uncond,-1,,,-1,,470.0,940,0.5,0.4986376021798365,True,GLOBAL_GAN,train,syn_GLOBAL_GAN_r50_00300,True
timegan_uncond,-1,,,-1,,130.0,260,0.5,0.4986376021798365,True,GLOBAL_GAN,train,syn_GLOBAL_GAN_r50_00301,True
timegan_uncond,-1,,,-1,,210.0,420,0.5,0.4986376021798365,True,GLOBAL_GAN,train,syn_GLOBAL_GAN_r50_00302,True
timegan_uncond,-1,,,-1,,120.0,240,0.5,0.4986376021798365,True,GLOBAL_GAN,train,syn_GLOBAL_GAN_r50_00303,True
timegan_uncond,-1,,,-1,,470.0,940,0.5,0.4986376021798365,True,GLOBAL_GAN,train,syn_GLOBAL_GAN_r50_00304,True
timegan_uncond,-1,,,-1,,345.0,690,0.5,0.4986376021798365,True,GLOBAL_GAN,train,syn_GLOBAL_GAN_r50_00305,True
timegan_uncond,-1,,,-1,,360.0,720,0.5,0.4986376021798365,True,GLOBAL_GAN,train,syn_GLOBAL_GAN_r50_00306,True
timegan_uncond,-1,,,-1,,430.0,860,0.5,0.4986376021798365,True,GLOBAL_GAN,train,syn_GLOBAL_GAN_r50_00307,True
timegan_uncond,-1,,,-1,,3392.5,6785,0.5,0.4986376021798365,True,GLOBAL_GAN,train,syn_GLOBAL_GAN_r50_00308,True
timegan_uncond,-1,,,-1,,330.0,660,0.5,0.4986376021798365,True,GLOBAL_GAN,train,syn_GLOBAL_GAN_r50_00309,True
timegan_uncond,-1,,,-1,,325.0,650,0.5,0.4986376021798365,True,GLOBAL_GAN,train,syn_GLOBAL_GAN_r50_00310,True
timegan_uncond,-1,,,-1,,300.0,600,0.5,0.4986376021798365,True,GLOBAL_GAN,train,syn_GLOBAL_GAN_r50_00311,True
timegan_uncond,-1,,,-1,,265.0,530,0.5,0.4986376021798365,True,GLOBAL_GAN,train,syn_GLOBAL_GAN_r50_00312,True
timegan_uncond,-1,,,-1,,165.0,330,0.5,0.4986376021798365,True,GLOBAL_GAN,train,syn_GLOBAL_GAN_r50_00313,True
timegan_uncond,-1,,,-1,,740.0,1480,0.5,0.4986376021798365,True,GLOBAL_GAN,train,syn_GLOBAL_GAN_r50_00314,True
timegan_uncond,-1,,,-1,,560.0,1120,0.5,0.4986376021798365,True,GLOBAL_GAN,train,syn_GLOBAL_GAN_r50_00315,True
timegan_uncond,-1,,,-1,,570.0,1140,0.5,0.4986376021798365,True,GLOBAL_GAN,train,syn_GLOBAL_GAN_r50_00316,True
timegan_uncond,-1,,,-1,,175.0,350,0.5,0.4986376021798365,True,GLOBAL_GAN,train,syn_GLOBAL_GAN_r50_00317,True
timegan_uncond,-1,,,-1,,607.5,1215,0.5,0.4986376021798365,True,GLOBAL_GAN,train,syn_GLOBAL_GAN_r50_00318,True
timegan_uncond,-1,,,-1,,610.0,1220,0.5,0.4986376021798365,True,GLOBAL_GAN,train,syn_GLOBAL_GAN_r50_00319,True
timegan_uncond,-1,,,-1,,210.0,420,0.5,0.4986376021798365,True,GLOBAL_GAN,train,syn_GLOBAL_GAN_r50_00320,True
timegan_uncond,-1,,,-1,,180.0,360,0.5,0.4986376021798365,True,GLOBAL_GAN,train,syn_GLOBAL_GAN_r50_00321,True
timegan_uncond,-1,,,-1,,390.0,780,0.5,0.4986376021798365,True,GLOBAL_GAN,train,syn_GLOBAL_GAN_r50_00322,True
timegan_uncond,-1,,,-1,,180.0,360,0.5,0.4986376021798365,True,GLOBAL_GAN,train,syn_GLOBAL_GAN_r50_00323,True
timegan_uncond,-1,,,-1,,125.0,250,0.5,0.4986376021798365,True,GLOBAL_GAN,train,syn_GLOBAL_GAN_r50_00324,True
timegan_uncond,-1,,,-1,,160.0,320,0.5,0.4986376021798365,True,GLOBAL_GAN,train,syn_GLOBAL_GAN_r50_00325,True
timegan_uncond,-1,,,-1,,255.0,510,0.5,0.4986376021798365,True,GLOBAL_GAN,train,syn_GLOBAL_GAN_r50_00326,True
timegan_uncond,-1,,,-1,,590.0,1180,0.5,0.4986376021798365,True,GLOBAL_GAN,train,syn_GLOBAL_GAN_r50_00327,True
timegan_uncond,-1,,,-1,,145.0,290,0.5,0.4986376021798365,True,GLOBAL_GAN,train,syn_GLOBAL_GAN_r50_00328,True
timegan_uncond,-1,,,-1,,415.0,830,0.5,0.4986376021798365,True,GLOBAL_GAN,train,syn_GLOBAL_GAN_r50_00329,True
timegan_uncond,-1,,,-1,,285.0,570,0.5,0.4986376021798365,True,GLOBAL_GAN,train,syn_GLOBAL_GAN_r50_00330,True
timegan_uncond,-1,,,-1,,295.0,590,0.5,0.4986376021798365,True,GLOBAL_GAN,train,syn_GLOBAL_GAN_r50_00331,True
timegan_uncond,-1,,,-1,,255.0,510,0.5,0.4986376021798365,True,GLOBAL_GAN,train,syn_GLOBAL_GAN_r50_00332,True
timegan_uncond,-1,,,-1,,570.0,1140,0.5,0.4986376021798365,True,GLOBAL_GAN,train,syn_GLOBAL_GAN_r50_00333,True
timegan_uncond,-1,,,-1,,220.0,440,0.5,0.4986376021798365,True,GLOBAL_GAN,train,syn_GLOBAL_GAN_r50_00334,True
timegan_uncond,-1,,,-1,,270.0,540,0.5,0.4986376021798365,True,GLOBAL_GAN,train,syn_GLOBAL_GAN_r50_00335,True
timegan_uncond,-1,,,-1,,210.0,420,0.5,0.4986376021798365,True,GLOBAL_GAN,train,syn_GLOBAL_GAN_r50_00336,True
timegan_uncond,-1,,,-1,,700.0,1400,0.5,0.4986376021798365,True,GLOBAL_GAN,train,syn_GLOBAL_GAN_r50_00337,True
timegan_uncond,-1,,,-1,,505.0,1010,0.5,0.4986376021798365,True,GLOBAL_GAN,train,syn_GLOBAL_GAN_r50_00338,True
timegan_uncond,-1,,,-1,,251.5,503,0.5,0.4986376021798365,True,GLOBAL_GAN,train,syn_GLOBAL_GAN_r50_00339,True
timegan_uncond,-1,,,-1,,710.0,1420,0.5,0.4986376021798365,True,GLOBAL_GAN,train,syn_GLOBAL_GAN_r50_00340,True
timegan_uncond,-1,,,-1,,226.5,453,0.5,0.4986376021798365,True,GLOBAL_GAN,train,syn_GLOBAL_GAN_r50_00341,True
timegan_uncond,-1,,,-1,,360.0,720,0.5,0.4986376021798365,True,GLOBAL_GAN,train,syn_GLOBAL_GAN_r50_00342,True
timegan_uncond,-1,,,-1,,725.0,1450,0.5,0.4986376021798365,True,GLOBAL_GAN,train,syn_GLOBAL_GAN_r50_00343,True
timegan_uncond,-1,,,-1,,120.0,240,0.5,0.4986376021798365,True,GLOBAL_GAN,train,syn_GLOBAL_GAN_r50_00344,True
timegan_uncond,-1,,,-1,,135.0,270,0.5,0.4986376021798365,True,GLOBAL_GAN,train,syn_GLOBAL_GAN_r50_00345,True
timegan_uncond,-1,,,-1,,135.0,270,0.5,0.4986376021798365,True,GLOBAL_GAN,train,syn_GLOBAL_GAN_r50_00346,True
timegan_uncond,-1,,,-1,,785.0,1570,0.5,0.4986376021798365,True,GLOBAL_GAN,train,syn_GLOBAL_GAN_r50_00347,True
timegan_uncond,-1,,,-1,,445.0,890,0.5,0.4986376021798365,True,GLOBAL_GAN,train,syn_GLOBAL_GAN_r50_00348,True
timegan_uncond,-1,,,-1,,235.0,470,0.5,0.4986376021798365,True,GLOBAL_GAN,train,syn_GLOBAL_GAN_r50_00349,True
timegan_uncond,-1,,,-1,,685.0,1370,0.5,0.4986376021798365,True,GLOBAL_GAN,train,syn_GLOBAL_GAN_r50_00350,True
timegan_uncond,-1,,,-1,,180.0,360,0.5,0.4986376021798365,True,GLOBAL_GAN,train,syn_GLOBAL_GAN_r50_00351,True
timegan_uncond,-1,,,-1,,210.0,420,0.5,0.4986376021798365,True,GLOBAL_GAN,train,syn_GLOBAL_GAN_r50_00352,True
timegan_uncond,-1,,,-1,,785.0,1570,0.5,0.4986376021798365,True,GLOBAL_GAN,train,syn_GLOBAL_GAN_r50_00353,True
timegan_uncond,-1,,,-1,,415.0,830,0.5,0.4986376021798365,True,GLOBAL_GAN,train,syn_GLOBAL_GAN_r50_00354,True
timegan_uncond,-1,,,-1,,170.0,340,0.5,0.4986376021798365,True,GLOBAL_GAN,train,syn_GLOBAL_GAN_r50_00355,True
timegan_uncond,-1,,,-1,,125.0,250,0.5,0.4986376021798365,True,GLOBAL_GAN,train,syn_GLOBAL_GAN_r50_00356,True
timegan_uncond,-1,,,-1,,245.0,490,0.5,0.4986376021798365,True,GLOBAL_GAN,train,syn_GLOBAL_GAN_r50_00357,True
timegan_uncond,-1,,,-1,,350.0,700,0.5,0.4986376021798365,True,GLOBAL_GAN,train,syn_GLOBAL_GAN_r50_00358,True
timegan_uncond,-1,,,-1,,185.0,370,0.5,0.4986376021798365,True,GLOBAL_GAN,train,syn_GLOBAL_GAN_r50_00359,True
timegan_uncond,-1,,,-1,,190.0,380,0.5,0.4986376021798365,True,GLOBAL_GAN,train,syn_GLOBAL_GAN_r50_00360,True
timegan_uncond,-1,,,-1,,585.0,1170,0.5,0.4986376021798365,True,GLOBAL_GAN,train,syn_GLOBAL_GAN_r50_00361,True
timegan_uncond,-1,,,-1,,215.0,430,0.5,0.4986376021798365,True,GLOBAL_GAN,train,syn_GLOBAL_GAN_r50_00362,True
timegan_uncond,-1,,,-1,,190.0,380,0.5,0.4986376021798365,True,GLOBAL_GAN,train,syn_GLOBAL_GAN_r50_00363,True
timegan_uncond,-1,,,-1,,1130.0,2260,0.5,0.4986376021798365,True,GLOBAL_GAN,train,syn_GLOBAL_GAN_r50_00364,True
timegan_uncond,-1,,,-1,,325.0,650,0.5,0.4986376021798365,True,GLOBAL_GAN,train,syn_GLOBAL_GAN_r50_00365,True
timegan_uncond,-1,,,-1,,1300.5,2601,1.0,1.0,True,GLOBAL_GAN,train,syn_GLOBAL_GAN_r100_00000,True
timegan_uncond,-1,,,-1,,450.0,900,1.0,1.0,True,GLOBAL_GAN,train,syn_GLOBAL_GAN_r100_00001,True
timegan_uncond,-1,,,-1,,255.0,510,1.0,1.0,True,GLOBAL_GAN,train,syn_GLOBAL_GAN_r100_00002,True
timegan_uncond,-1,,,-1,,1510.0,3020,1.0,1.0,True,GLOBAL_GAN,train,syn_GLOBAL_GAN_r100_00003,True
timegan_uncond,-1,,,-1,,325.0,650,1.0,1.0,True,GLOBAL_GAN,train,syn_GLOBAL_GAN_r100_00004,True
timegan_uncond,-1,,,-1,,175.0,350,1.0,1.0,True,GLOBAL_GAN,train,syn_GLOBAL_GAN_r100_00005,True
timegan_uncond,-1,,,-1,,1088.0,2176,1.0,1.0,True,GLOBAL_GAN,train,syn_GLOBAL_GAN_r100_00006,True
timegan_uncond,-1,,,-1,,465.0,930,1.0,1.0,True,GLOBAL_GAN,train,syn_GLOBAL_GAN_r100_00007,True
timegan_uncond,-1,,,-1,,265.0,530,1.0,1.0,True,GLOBAL_GAN,train,syn_GLOBAL_GAN_r100_00008,True
timegan_uncond,-1,,,-1,,990.0,1980,1.0,1.0,True,GLOBAL_GAN,train,syn_GLOBAL_GAN_r100_00009,True
timegan_uncond,-1,,,-1,,180.0,360,1.0,1.0,True,GLOBAL_GAN,train,syn_GLOBAL_GAN_r100_00010,True
timegan_uncond,-1,,,-1,,245.0,490,1.0,1.0,True,GLOBAL_GAN,train,syn_GLOBAL_GAN_r100_00011,True
timegan_uncond,-1,,,-1,,725.0,1450,1.0,1.0,True,GLOBAL_GAN,train,syn_GLOBAL_GAN_r100_00012,True
timegan_uncond,-1,,,-1,,120.0,240,1.0,1.0,True,GLOBAL_GAN,train,syn_GLOBAL_GAN_r100_00013,True
timegan_uncond,-1,,,-1,,150.0,300,1.0,1.0,True,GLOBAL_GAN,train,syn_GLOBAL_GAN_r100_00014,True
timegan_uncond,-1,,,-1,,135.0,270,1.0,1.0,True,GLOBAL_GAN,train,syn_GLOBAL_GAN_r100_00015,True
timegan_uncond,-1,,,-1,,190.0,380,1.0,1.0,True,GLOBAL_GAN,train,syn_GLOBAL_GAN_r100_00016,True
timegan_uncond,-1,,,-1,,375.0,750,1.0,1.0,True,GLOBAL_GAN,train,syn_GLOBAL_GAN_r100_00017,True
timegan_uncond,-1,,,-1,,345.0,690,1.0,1.0,True,GLOBAL_GAN,train,syn_GLOBAL_GAN_r100_00018,True
timegan_uncond,-1,,,-1,,200.0,400,1.0,1.0,True,GLOBAL_GAN,train,syn_GLOBAL_GAN_r100_00019,True
timegan_uncond,-1,,,-1,,700.0,1400,1.0,1.0,True,GLOBAL_GAN,train,syn_GLOBAL_GAN_r100_00020,True
timegan_uncond,-1,,,-1,,180.0,360,1.0,1.0,True,GLOBAL_GAN,train,syn_GLOBAL_GAN_r100_00021,True
timegan_uncond,-1,,,-1,,2010.5,4021,1.0,1.0,True,GLOBAL_GAN,train,syn_GLOBAL_GAN_r100_00022,True
timegan_uncond,-1,,,-1,,125.0,250,1.0,1.0,True,GLOBAL_GAN,train,syn_GLOBAL_GAN_r100_00023,True
timegan_uncond,-1,,,-1,,275.0,550,1.0,1.0,True,GLOBAL_GAN,train,syn_GLOBAL_GAN_r100_00024,True
timegan_uncond,-1,,,-1,,245.0,490,1.0,1.0,True,GLOBAL_GAN,train,syn_GLOBAL_GAN_r100_00025,True
timegan_uncond,-1,,,-1,,235.0,470,1.0,1.0,True,GLOBAL_GAN,train,syn_GLOBAL_GAN_r100_00026,True
timegan_uncond,-1,,,-1,,220.0,440,1.0,1.0,True,GLOBAL_GAN,train,syn_GLOBAL_GAN_r100_00027,True
timegan_uncond,-1,,,-1,,250.0,500,1.0,1.0,True,GLOBAL_GAN,train,syn_GLOBAL_GAN_r100_00028,True
timegan_uncond,-1,,,-1,,175.0,350,1.0,1.0,True,GLOBAL_GAN,train,syn_GLOBAL_GAN_r100_00029,True
timegan_uncond,-1,,,-1,,135.0,270,1.0,1.0,True,GLOBAL_GAN,train,syn_GLOBAL_GAN_r100_00030,True
timegan_uncond,-1,,,-1,,135.0,270,1.0,1.0,True,GLOBAL_GAN,train,syn_GLOBAL_GAN_r100_00031,True
timegan_uncond,-1,,,-1,,210.0,420,1.0,1.0,True,GLOBAL_GAN,train,syn_GLOBAL_GAN_r100_00032,True
timegan_uncond,-1,,,-1,,190.0,380,1.0,1.0,True,GLOBAL_GAN,train,syn_GLOBAL_GAN_r100_00033,True
timegan_uncond,-1,,,-1,,240.0,480,1.0,1.0,True,GLOBAL_GAN,train,syn_GLOBAL_GAN_r100_00034,True
timegan_uncond,-1,,,-1,,2205.0,4410,1.0,1.0,True,GLOBAL_GAN,train,syn_GLOBAL_GAN_r100_00035,True
timegan_uncond,-1,,,-1,,870.0,1740,1.0,1.0,True,GLOBAL_GAN,train,syn_GLOBAL_GAN_r100_00036,True
timegan_uncond,-1,,,-1,,350.0,700,1.0,1.0,True,GLOBAL_GAN,train,syn_GLOBAL_GAN_r100_00037,True
timegan_uncond,-1,,,-1,,1200.0,2400,1.0,1.0,True,GLOBAL_GAN,train,syn_GLOBAL_GAN_r100_00038,True
timegan_uncond,-1,,,-1,,405.0,810,1.0,1.0,True,GLOBAL_GAN,train,syn_GLOBAL_GAN_r100_00039,True
timegan_uncond,-1,,,-1,,1510.0,3020,1.0,1.0,True,GLOBAL_GAN,train,syn_GLOBAL_GAN_r100_00040,True
timegan_uncond,-1,,,-1,,410.0,820,1.0,1.0,True,GLOBAL_GAN,train,syn_GLOBAL_GAN_r100_00041,True
timegan_uncond,-1,,,-1,,680.0,1360,1.0,1.0,True,GLOBAL_GAN,train,syn_GLOBAL_GAN_r100_00042,True
timegan_uncond,-1,,,-1,,325.0,650,1.0,1.0,True,GLOBAL_GAN,train,syn_GLOBAL_GAN_r100_00043,True
timegan_uncond,-1,,,-1,,215.0,430,1.0,1.0,True,GLOBAL_GAN,train,syn_GLOBAL_GAN_r100_00044,True
timegan_uncond,-1,,,-1,,3707.0,7414,1.0,1.0,True,GLOBAL_GAN,train,syn_GLOBAL_GAN_r100_00045,True
timegan_uncond,-1,,,-1,,120.0,240,1.0,1.0,True,GLOBAL_GAN,train,syn_GLOBAL_GAN_r100_00046,True
timegan_uncond,-1,,,-1,,195.0,390,1.0,1.0,True,GLOBAL_GAN,train,syn_GLOBAL_GAN_r100_00047,True
timegan_uncond,-1,,,-1,,160.0,320,1.0,1.0,True,GLOBAL_GAN,train,syn_GLOBAL_GAN_r100_00048,True
timegan_uncond,-1,,,-1,,425.0,850,1.0,1.0,True,GLOBAL_GAN,train,syn_GLOBAL_GAN_r100_00049,True
timegan_uncond,-1,,,-1,,160.0,320,1.0,1.0,True,GLOBAL_GAN,train,syn_GLOBAL_GAN_r100_00050,True
timegan_uncond,-1,,,-1,,240.0,480,1.0,1.0,True,GLOBAL_GAN,train,syn_GLOBAL_GAN_r100_00051,True
timegan_uncond,-1,,,-1,,820.0,1640,1.0,1.0,True,GLOBAL_GAN,train,syn_GLOBAL_GAN_r100_00052,True
timegan_uncond,-1,,,-1,,810.5,1621,1.0,1.0,True,GLOBAL_GAN,train,syn_GLOBAL_GAN_r100_00053,True
timegan_uncond,-1,,,-1,,325.0,650,1.0,1.0,True,GLOBAL_GAN,train,syn_GLOBAL_GAN_r100_00054,True
timegan_uncond,-1,,,-1,,285.0,570,1.0,1.0,True,GLOBAL_GAN,train,syn_GLOBAL_GAN_r100_00055,True
timegan_uncond,-1,,,-1,,160.0,320,1.0,1.0,True,GLOBAL_GAN,train,syn_GLOBAL_GAN_r100_00056,True
timegan_uncond,-1,,,-1,,440.0,880,1.0,1.0,True,GLOBAL_GAN,train,syn_GLOBAL_GAN_r100_00057,True
timegan_uncond,-1,,,-1,,220.0,440,1.0,1.0,True,GLOBAL_GAN,train,syn_GLOBAL_GAN_r100_00058,True
timegan_uncond,-1,,,-1,,135.0,270,1.0,1.0,True,GLOBAL_GAN,train,syn_GLOBAL_GAN_r100_00059,True
timegan_uncond,-1,,,-1,,1455.0,2910,1.0,1.0,True,GLOBAL_GAN,train,syn_GLOBAL_GAN_r100_00060,True
timegan_uncond,-1,,,-1,,445.0,890,1.0,1.0,True,GLOBAL_GAN,train,syn_GLOBAL_GAN_r100_00061,True
timegan_uncond,-1,,,-1,,320.0,640,1.0,1.0,True,GLOBAL_GAN,train,syn_GLOBAL_GAN_r100_00062,True
timegan_uncond,-1,,,-1,,1540.0,3080,1.0,1.0,True,GLOBAL_GAN,train,syn_GLOBAL_GAN_r100_00063,True
timegan_uncond,-1,,,-1,,145.0,290,1.0,1.0,True,GLOBAL_GAN,train,syn_GLOBAL_GAN_r100_00064,True
timegan_uncond,-1,,,-1,,660.5,1321,1.0,1.0,True,GLOBAL_GAN,train,syn_GLOBAL_GAN_r100_00065,True
timegan_uncond,-1,,,-1,,255.0,510,1.0,1.0,True,GLOBAL_GAN,train,syn_GLOBAL_GAN_r100_00066,True
timegan_uncond,-1,,,-1,,355.0,710,1.0,1.0,True,GLOBAL_GAN,train,syn_GLOBAL_GAN_r100_00067,True
timegan_uncond,-1,,,-1,,470.0,940,1.0,1.0,True,GLOBAL_GAN,train,syn_GLOBAL_GAN_r100_00068,True
timegan_uncond,-1,,,-1,,345.0,690,1.0,1.0,True,GLOBAL_GAN,train,syn_GLOBAL_GAN_r100_00069,True
timegan_uncond,-1,,,-1,,9610.0,19220,1.0,1.0,True,GLOBAL_GAN,train,syn_GLOBAL_GAN_r100_00070,True
timegan_uncond,-1,,,-1,,660.0,1320,1.0,1.0,True,GLOBAL_GAN,train,syn_GLOBAL_GAN_r100_00071,True
timegan_uncond,-1,,,-1,,198.5,397,1.0,1.0,True,GLOBAL_GAN,train,syn_GLOBAL_GAN_r100_00072,True
timegan_uncond,-1,,,-1,,315.0,630,1.0,1.0,True,GLOBAL_GAN,train,syn_GLOBAL_GAN_r100_00073,True
timegan_uncond,-1,,,-1,,795.0,1590,1.0,1.0,True,GLOBAL_GAN,train,syn_GLOBAL_GAN_r100_00074,True
timegan_uncond,-1,,,-1,,490.0,980,1.0,1.0,True,GLOBAL_GAN,train,syn_GLOBAL_GAN_r100_00075,True
timegan_uncond,-1,,,-1,,245.0,490,1.0,1.0,True,GLOBAL_GAN,train,syn_GLOBAL_GAN_r100_00076,True
timegan_uncond,-1,,,-1,,190.0,380,1.0,1.0,True,GLOBAL_GAN,train,syn_GLOBAL_GAN_r100_00077,True
timegan_uncond,-1,,,-1,,340.0,680,1.0,1.0,True,GLOBAL_GAN,train,syn_GLOBAL_GAN_r100_00078,True
timegan_uncond,-1,,,-1,,410.0,820,1.0,1.0,True,GLOBAL_GAN,train,syn_GLOBAL_GAN_r100_00079,True
timegan_uncond,-1,,,-1,,120.0,240,1.0,1.0,True,GLOBAL_GAN,train,syn_GLOBAL_GAN_r100_00080,True
timegan_uncond,-1,,,-1,,470.0,940,1.0,1.0,True,GLOBAL_GAN,train,syn_GLOBAL_GAN_r100_00081,True
timegan_uncond,-1,,,-1,,125.0,250,1.0,1.0,True,GLOBAL_GAN,train,syn_GLOBAL_GAN_r100_00082,True
timegan_uncond,-1,,,-1,,3110.0,6220,1.0,1.0,True,GLOBAL_GAN,train,syn_GLOBAL_GAN_r100_00083,True
timegan_uncond,-1,,,-1,,310.0,620,1.0,1.0,True,GLOBAL_GAN,train,syn_GLOBAL_GAN_r100_00084,True
timegan_uncond,-1,,,-1,,255.0,510,1.0,1.0,True,GLOBAL_GAN,train,syn_GLOBAL_GAN_r100_00085,True
timegan_uncond,-1,,,-1,,330.0,660,1.0,1.0,True,GLOBAL_GAN,train,syn_GLOBAL_GAN_r100_00086,True
timegan_uncond,-1,,,-1,,170.0,340,1.0,1.0,True,GLOBAL_GAN,train,syn_GLOBAL_GAN_r100_00087,True
timegan_uncond,-1,,,-1,,240.0,480,1.0,1.0,True,GLOBAL_GAN,train,syn_GLOBAL_GAN_r100_00088,True
timegan_uncond,-1,,,-1,,475.0,950,1.0,1.0,True,GLOBAL_GAN,train,syn_GLOBAL_GAN_r100_00089,True
timegan_uncond,-1,,,-1,,450.0,900,1.0,1.0,True,GLOBAL_GAN,train,syn_GLOBAL_GAN_r100_00090,True
timegan_uncond,-1,,,-1,,810.0,1620,1.0,1.0,True,GLOBAL_GAN,train,syn_GLOBAL_GAN_r100_00091,True
timegan_uncond,-1,,,-1,,600.0,1200,1.0,1.0,True,GLOBAL_GAN,train,syn_GLOBAL_GAN_r100_00092,True
timegan_uncond,-1,,,-1,,225.0,450,1.0,1.0,True,GLOBAL_GAN,train,syn_GLOBAL_GAN_r100_00093,True
timegan_uncond,-1,,,-1,,185.0,370,1.0,1.0,True,GLOBAL_GAN,train,syn_GLOBAL_GAN_r100_00094,True
timegan_uncond,-1,,,-1,,350.0,700,1.0,1.0,True,GLOBAL_GAN,train,syn_GLOBAL_GAN_r100_00095,True
timegan_uncond,-1,,,-1,,685.0,1370,1.0,1.0,True,GLOBAL_GAN,train,syn_GLOBAL_GAN_r100_00096,True
timegan_uncond,-1,,,-1,,295.0,590,1.0,1.0,True,GLOBAL_GAN,train,syn_GLOBAL_GAN_r100_00097,True
timegan_uncond,-1,,,-1,,340.0,680,1.0,1.0,True,GLOBAL_GAN,train,syn_GLOBAL_GAN_r100_00098,True
timegan_uncond,-1,,,-1,,345.0,690,1.0,1.0,True,GLOBAL_GAN,train,syn_GLOBAL_GAN_r100_00099,True
timegan_uncond,-1,,,-1,,440.0,880,1.0,1.0,True,GLOBAL_GAN,train,syn_GLOBAL_GAN_r100_00100,True
timegan_uncond,-1,,,-1,,1100.0,2200,1.0,1.0,True,GLOBAL_GAN,train,syn_GLOBAL_GAN_r100_00101,True
timegan_uncond,-1,,,-1,,990.0,1980,1.0,1.0,True,GLOBAL_GAN,train,syn_GLOBAL_GAN_r100_00102,True
timegan_uncond,-1,,,-1,,140.0,280,1.0,1.0,True,GLOBAL_GAN,train,syn_GLOBAL_GAN_r100_00103,True
timegan_uncond,-1,,,-1,,1183.0,2366,1.0,1.0,True,GLOBAL_GAN,train,syn_GLOBAL_GAN_r100_00104,True
timegan_uncond,-1,,,-1,,180.0,360,1.0,1.0,True,GLOBAL_GAN,train,syn_GLOBAL_GAN_r100_00105,True
timegan_uncond,-1,,,-1,,610.0,1220,1.0,1.0,True,GLOBAL_GAN,train,syn_GLOBAL_GAN_r100_00106,True
timegan_uncond,-1,,,-1,,180.0,360,1.0,1.0,True,GLOBAL_GAN,train,syn_GLOBAL_GAN_r100_00107,True
timegan_uncond,-1,,,-1,,215.0,430,1.0,1.0,True,GLOBAL_GAN,train,syn_GLOBAL_GAN_r100_00108,True
timegan_uncond,-1,,,-1,,175.0,350,1.0,1.0,True,GLOBAL_GAN,train,syn_GLOBAL_GAN_r100_00109,True
timegan_uncond,-1,,,-1,,240.0,480,1.0,1.0,True,GLOBAL_GAN,train,syn_GLOBAL_GAN_r100_00110,True
timegan_uncond,-1,,,-1,,415.0,830,1.0,1.0,True,GLOBAL_GAN,train,syn_GLOBAL_GAN_r100_00111,True
timegan_uncond,-1,,,-1,,125.0,250,1.0,1.0,True,GLOBAL_GAN,train,syn_GLOBAL_GAN_r100_00112,True
timegan_uncond,-1,,,-1,,1776.5,3553,1.0,1.0,True,GLOBAL_GAN,train,syn_GLOBAL_GAN_r100_00113,True
timegan_uncond,-1,,,-1,,200.0,400,1.0,1.0,True,GLOBAL_GAN,train,syn_GLOBAL_GAN_r100_00114,True
timegan_uncond,-1,,,-1,,170.0,340,1.0,1.0,True,GLOBAL_GAN,train,syn_GLOBAL_GAN_r100_00115,True
timegan_uncond,-1,,,-1,,180.0,360,1.0,1.0,True,GLOBAL_GAN,train,syn_GLOBAL_GAN_r100_00116,True
timegan_uncond,-1,,,-1,,135.0,270,1.0,1.0,True,GLOBAL_GAN,train,syn_GLOBAL_GAN_r100_00117,True
timegan_uncond,-1,,,-1,,980.0,1960,1.0,1.0,True,GLOBAL_GAN,train,syn_GLOBAL_GAN_r100_00118,True
timegan_uncond,-1,,,-1,,375.0,750,1.0,1.0,True,GLOBAL_GAN,train,syn_GLOBAL_GAN_r100_00119,True
timegan_uncond,-1,,,-1,,445.0,890,1.0,1.0,True,GLOBAL_GAN,train,syn_GLOBAL_GAN_r100_00120,True
timegan_uncond,-1,,,-1,,180.0,360,1.0,1.0,True,GLOBAL_GAN,train,syn_GLOBAL_GAN_r100_00121,True
timegan_uncond,-1,,,-1,,410.0,820,1.0,1.0,True,GLOBAL_GAN,train,syn_GLOBAL_GAN_r100_00122,True
timegan_uncond,-1,,,-1,,165.0,330,1.0,1.0,True,GLOBAL_GAN,train,syn_GLOBAL_GAN_r100_00123,True
timegan_uncond,-1,,,-1,,155.5,311,1.0,1.0,True,GLOBAL_GAN,train,syn_GLOBAL_GAN_r100_00124,True
timegan_uncond,-1,,,-1,,130.0,260,1.0,1.0,True,GLOBAL_GAN,train,syn_GLOBAL_GAN_r100_00125,True
timegan_uncond,-1,,,-1,,375.0,750,1.0,1.0,True,GLOBAL_GAN,train,syn_GLOBAL_GAN_r100_00126,True
timegan_uncond,-1,,,-1,,2125.0,4250,1.0,1.0,True,GLOBAL_GAN,train,syn_GLOBAL_GAN_r100_00127,True
timegan_uncond,-1,,,-1,,185.0,370,1.0,1.0,True,GLOBAL_GAN,train,syn_GLOBAL_GAN_r100_00128,True
timegan_uncond,-1,,,-1,,405.0,810,1.0,1.0,True,GLOBAL_GAN,train,syn_GLOBAL_GAN_r100_00129,True
timegan_uncond,-1,,,-1,,570.0,1140,1.0,1.0,True,GLOBAL_GAN,train,syn_GLOBAL_GAN_r100_00130,True
timegan_uncond,-1,,,-1,,4333.0,8666,1.0,1.0,True,GLOBAL_GAN,train,syn_GLOBAL_GAN_r100_00131,True
timegan_uncond,-1,,,-1,,135.0,270,1.0,1.0,True,GLOBAL_GAN,train,syn_GLOBAL_GAN_r100_00132,True
timegan_uncond,-1,,,-1,,245.0,490,1.0,1.0,True,GLOBAL_GAN,train,syn_GLOBAL_GAN_r100_00133,True
timegan_uncond,-1,,,-1,,550.0,1100,1.0,1.0,True,GLOBAL_GAN,train,syn_GLOBAL_GAN_r100_00134,True
timegan_uncond,-1,,,-1,,935.0,1870,1.0,1.0,True,GLOBAL_GAN,train,syn_GLOBAL_GAN_r100_00135,True
timegan_uncond,-1,,,-1,,160.0,320,1.0,1.0,True,GLOBAL_GAN,train,syn_GLOBAL_GAN_r100_00136,True
timegan_uncond,-1,,,-1,,495.0,990,1.0,1.0,True,GLOBAL_GAN,train,syn_GLOBAL_GAN_r100_00137,True
timegan_uncond,-1,,,-1,,256.5,513,1.0,1.0,True,GLOBAL_GAN,train,syn_GLOBAL_GAN_r100_00138,True
timegan_uncond,-1,,,-1,,480.0,960,1.0,1.0,True,GLOBAL_GAN,train,syn_GLOBAL_GAN_r100_00139,True
timegan_uncond,-1,,,-1,,245.0,490,1.0,1.0,True,GLOBAL_GAN,train,syn_GLOBAL_GAN_r100_00140,True
timegan_uncond,-1,,,-1,,155.0,310,1.0,1.0,True,GLOBAL_GAN,train,syn_GLOBAL_GAN_r100_00141,True
timegan_uncond,-1,,,-1,,660.5,1321,1.0,1.0,True,GLOBAL_GAN,train,syn_GLOBAL_GAN_r100_00142,True
timegan_uncond,-1,,,-1,,220.0,440,1.0,1.0,True,GLOBAL_GAN,train,syn_GLOBAL_GAN_r100_00143,True
timegan_uncond,-1,,,-1,,370.0,740,1.0,1.0,True,GLOBAL_GAN,train,syn_GLOBAL_GAN_r100_00144,True
timegan_uncond,-1,,,-1,,515.0,1030,1.0,1.0,True,GLOBAL_GAN,train,syn_GLOBAL_GAN_r100_00145,True
timegan_uncond,-1,,,-1,,355.0,710,1.0,1.0,True,GLOBAL_GAN,train,syn_GLOBAL_GAN_r100_00146,True
timegan_uncond,-1,,,-1,,140.0,280,1.0,1.0,True,GLOBAL_GAN,train,syn_GLOBAL_GAN_r100_00147,True
timegan_uncond,-1,,,-1,,3110.0,6220,1.0,1.0,True,GLOBAL_GAN,train,syn_GLOBAL_GAN_r100_00148,True
timegan_uncond,-1,,,-1,,245.0,490,1.0,1.0,True,GLOBAL_GAN,train,syn_GLOBAL_GAN_r100_00149,True
timegan_uncond,-1,,,-1,,240.0,480,1.0,1.0,True,GLOBAL_GAN,train,syn_GLOBAL_GAN_r100_00150,True
timegan_uncond,-1,,,-1,,165.0,330,1.0,1.0,True,GLOBAL_GAN,train,syn_GLOBAL_GAN_r100_00151,True
timegan_uncond,-1,,,-1,,1090.0,2180,1.0,1.0,True,GLOBAL_GAN,train,syn_GLOBAL_GAN_r100_00152,True
timegan_uncond,-1,,,-1,,120.0,240,1.0,1.0,True,GLOBAL_GAN,train,syn_GLOBAL_GAN_r100_00153,True
timegan_uncond,-1,,,-1,,250.0,500,1.0,1.0,True,GLOBAL_GAN,train,syn_GLOBAL_GAN_r100_00154,True
timegan_uncond,-1,,,-1,,445.0,890,1.0,1.0,True,GLOBAL_GAN,train,syn_GLOBAL_GAN_r100_00155,True
timegan_uncond,-1,,,-1,,205.0,410,1.0,1.0,True,GLOBAL_GAN,train,syn_GLOBAL_GAN_r100_00156,True
timegan_uncond,-1,,,-1,,730.0,1460,1.0,1.0,True,GLOBAL_GAN,train,syn_GLOBAL_GAN_r100_00157,True
timegan_uncond,-1,,,-1,,175.0,350,1.0,1.0,True,GLOBAL_GAN,train,syn_GLOBAL_GAN_r100_00158,True
timegan_uncond,-1,,,-1,,445.0,890,1.0,1.0,True,GLOBAL_GAN,train,syn_GLOBAL_GAN_r100_00159,True
timegan_uncond,-1,,,-1,,300.0,600,1.0,1.0,True,GLOBAL_GAN,train,syn_GLOBAL_GAN_r100_00160,True
timegan_uncond,-1,,,-1,,350.0,700,1.0,1.0,True,GLOBAL_GAN,train,syn_GLOBAL_GAN_r100_00161,True
timegan_uncond,-1,,,-1,,1192.0,2384,1.0,1.0,True,GLOBAL_GAN,train,syn_GLOBAL_GAN_r100_00162,True
timegan_uncond,-1,,,-1,,120.0,240,1.0,1.0,True,GLOBAL_GAN,train,syn_GLOBAL_GAN_r100_00163,True
timegan_uncond,-1,,,-1,,250.0,500,1.0,1.0,True,GLOBAL_GAN,train,syn_GLOBAL_GAN_r100_00164,True
timegan_uncond,-1,,,-1,,235.0,470,1.0,1.0,True,GLOBAL_GAN,train,syn_GLOBAL_GAN_r100_00165,True
timegan_uncond,-1,,,-1,,3545.0,7090,1.0,1.0,True,GLOBAL_GAN,train,syn_GLOBAL_GAN_r100_00166,True
timegan_uncond,-1,,,-1,,445.0,890,1.0,1.0,True,GLOBAL_GAN,train,syn_GLOBAL_GAN_r100_00167,True
timegan_uncond,-1,,,-1,,215.0,430,1.0,1.0,True,GLOBAL_GAN,train,syn_GLOBAL_GAN_r100_00168,True
timegan_uncond,-1,,,-1,,810.5,1621,1.0,1.0,True,GLOBAL_GAN,train,syn_GLOBAL_GAN_r100_00169,True
timegan_uncond,-1,,,-1,,1165.0,2330,1.0,1.0,True,GLOBAL_GAN,train,syn_GLOBAL_GAN_r100_00170,True
timegan_uncond,-1,,,-1,,220.0,440,1.0,1.0,True,GLOBAL_GAN,train,syn_GLOBAL_GAN_r100_00171,True
timegan_uncond,-1,,,-1,,195.0,390,1.0,1.0,True,GLOBAL_GAN,train,syn_GLOBAL_GAN_r100_00172,True
timegan_uncond,-1,,,-1,,135.0,270,1.0,1.0,True,GLOBAL_GAN,train,syn_GLOBAL_GAN_r100_00173,True
timegan_uncond,-1,,,-1,,600.0,1200,1.0,1.0,True,GLOBAL_GAN,train,syn_GLOBAL_GAN_r100_00174,True
timegan_uncond,-1,,,-1,,475.0,950,1.0,1.0,True,GLOBAL_GAN,train,syn_GLOBAL_GAN_r100_00175,True
timegan_uncond,-1,,,-1,,1675.0,3350,1.0,1.0,True,GLOBAL_GAN,train,syn_GLOBAL_GAN_r100_00176,True
timegan_uncond,-1,,,-1,,570.0,1140,1.0,1.0,True,GLOBAL_GAN,train,syn_GLOBAL_GAN_r100_00177,True
timegan_uncond,-1,,,-1,,150.0,300,1.0,1.0,True,GLOBAL_GAN,train,syn_GLOBAL_GAN_r100_00178,True
timegan_uncond,-1,,,-1,,265.0,530,1.0,1.0,True,GLOBAL_GAN,train,syn_GLOBAL_GAN_r100_00179,True
timegan_uncond,-1,,,-1,,395.0,790,1.0,1.0,True,GLOBAL_GAN,train,syn_GLOBAL_GAN_r100_00180,True
timegan_uncond,-1,,,-1,,348.0,696,1.0,1.0,True,GLOBAL_GAN,train,syn_GLOBAL_GAN_r100_00181,True
timegan_uncond,-1,,,-1,,490.0,980,1.0,1.0,True,GLOBAL_GAN,train,syn_GLOBAL_GAN_r100_00182,True
timegan_uncond,-1,,,-1,,160.0,320,1.0,1.0,True,GLOBAL_GAN,train,syn_GLOBAL_GAN_r100_00183,True
timegan_uncond,-1,,,-1,,315.0,630,1.0,1.0,True,GLOBAL_GAN,train,syn_GLOBAL_GAN_r100_00184,True
timegan_uncond,-1,,,-1,,170.0,340,1.0,1.0,True,GLOBAL_GAN,train,syn_GLOBAL_GAN_r100_00185,True
timegan_uncond,-1,,,-1,,120.0,240,1.0,1.0,True,GLOBAL_GAN,train,syn_GLOBAL_GAN_r100_00186,True
timegan_uncond,-1,,,-1,,1510.0,3020,1.0,1.0,True,GLOBAL_GAN,train,syn_GLOBAL_GAN_r100_00187,True
timegan_uncond,-1,,,-1,,410.0,820,1.0,1.0,True,GLOBAL_GAN,train,syn_GLOBAL_GAN_r100_00188,True
timegan_uncond,-1,,,-1,,310.0,620,1.0,1.0,True,GLOBAL_GAN,train,syn_GLOBAL_GAN_r100_00189,True
timegan_uncond,-1,,,-1,,1840.0,3680,1.0,1.0,True,GLOBAL_GAN,train,syn_GLOBAL_GAN_r100_00190,True
timegan_uncond,-1,,,-1,,120.0,240,1.0,1.0,True,GLOBAL_GAN,train,syn_GLOBAL_GAN_r100_00191,True
timegan_uncond,-1,,,-1,,290.0,580,1.0,1.0,True,GLOBAL_GAN,train,syn_GLOBAL_GAN_r100_00192,True
timegan_uncond,-1,,,-1,,270.0,540,1.0,1.0,True,GLOBAL_GAN,train,syn_GLOBAL_GAN_r100_00193,True
timegan_uncond,-1,,,-1,,120.0,240,1.0,1.0,True,GLOBAL_GAN,train,syn_GLOBAL_GAN_r100_00194,True
timegan_uncond,-1,,,-1,,123.0,246,1.0,1.0,True,GLOBAL_GAN,train,syn_GLOBAL_GAN_r100_00195,True
timegan_uncond,-1,,,-1,,145.0,290,1.0,1.0,True,GLOBAL_GAN,train,syn_GLOBAL_GAN_r100_00196,True
timegan_uncond,-1,,,-1,,160.0,320,1.0,1.0,True,GLOBAL_GAN,train,syn_GLOBAL_GAN_r100_00197,True
timegan_uncond,-1,,,-1,,145.0,290,1.0,1.0,True,GLOBAL_GAN,train,syn_GLOBAL_GAN_r100_00198,True
timegan_uncond,-1,,,-1,,355.0,710,1.0,1.0,True,GLOBAL_GAN,train,syn_GLOBAL_GAN_r100_00199,True
timegan_uncond,-1,,,-1,,638.5,1277,1.0,1.0,True,GLOBAL_GAN,train,syn_GLOBAL_GAN_r100_00200,True
timegan_uncond,-1,,,-1,,785.0,1570,1.0,1.0,True,GLOBAL_GAN,train,syn_GLOBAL_GAN_r100_00201,True
timegan_uncond,-1,,,-1,,3707.0,7414,1.0,1.0,True,GLOBAL_GAN,train,syn_GLOBAL_GAN_r100_00202,True
timegan_uncond,-1,,,-1,,175.0,350,1.0,1.0,True,GLOBAL_GAN,train,syn_GLOBAL_GAN_r100_00203,True
timegan_uncond,-1,,,-1,,275.0,550,1.0,1.0,True,GLOBAL_GAN,train,syn_GLOBAL_GAN_r100_00204,True
timegan_uncond,-1,,,-1,,335.0,670,1.0,1.0,True,GLOBAL_GAN,train,syn_GLOBAL_GAN_r100_00205,True
timegan_uncond,-1,,,-1,,125.0,250,1.0,1.0,True,GLOBAL_GAN,train,syn_GLOBAL_GAN_r100_00206,True
timegan_uncond,-1,,,-1,,185.0,370,1.0,1.0,True,GLOBAL_GAN,train,syn_GLOBAL_GAN_r100_00207,True
timegan_uncond,-1,,,-1,,270.0,540,1.0,1.0,True,GLOBAL_GAN,train,syn_GLOBAL_GAN_r100_00208,True
timegan_uncond,-1,,,-1,,240.0,480,1.0,1.0,True,GLOBAL_GAN,train,syn_GLOBAL_GAN_r100_00209,True
timegan_uncond,-1,,,-1,,130.0,260,1.0,1.0,True,GLOBAL_GAN,train,syn_GLOBAL_GAN_r100_00210,True
timegan_uncond,-1,,,-1,,310.0,620,1.0,1.0,True,GLOBAL_GAN,train,syn_GLOBAL_GAN_r100_00211,True
timegan_uncond,-1,,,-1,,325.0,650,1.0,1.0,True,GLOBAL_GAN,train,syn_GLOBAL_GAN_r100_00212,True
timegan_uncond,-1,,,-1,,140.0,280,1.0,1.0,True,GLOBAL_GAN,train,syn_GLOBAL_GAN_r100_00213,True
timegan_uncond,-1,,,-1,,190.0,380,1.0,1.0,True,GLOBAL_GAN,train,syn_GLOBAL_GAN_r100_00214,True
timegan_uncond,-1,,,-1,,195.0,390,1.0,1.0,True,GLOBAL_GAN,train,syn_GLOBAL_GAN_r100_00215,True
timegan_uncond,-1,,,-1,,395.0,790,1.0,1.0,True,GLOBAL_GAN,train,syn_GLOBAL_GAN_r100_00216,True
timegan_uncond,-1,,,-1,,120.0,240,1.0,1.0,True,GLOBAL_GAN,train,syn_GLOBAL_GAN_r100_00217,True
timegan_uncond,-1,,,-1,,1130.0,2260,1.0,1.0,True,GLOBAL_GAN,train,syn_GLOBAL_GAN_r100_00218,True
timegan_uncond,-1,,,-1,,140.0,280,1.0,1.0,True,GLOBAL_GAN,train,syn_GLOBAL_GAN_r100_00219,True
timegan_uncond,-1,,,-1,,210.0,420,1.0,1.0,True,GLOBAL_GAN,train,syn_GLOBAL_GAN_r100_00220,True
timegan_uncond,-1,,,-1,,348.0,696,1.0,1.0,True,GLOBAL_GAN,train,syn_GLOBAL_GAN_r100_00221,True
timegan_uncond,-1,,,-1,,2205.0,4410,1.0,1.0,True,GLOBAL_GAN,train,syn_GLOBAL_GAN_r100_00222,True
timegan_uncond,-1,,,-1,,245.0,490,1.0,1.0,True,GLOBAL_GAN,train,syn_GLOBAL_GAN_r100_00223,True
timegan_uncond,-1,,,-1,,295.0,590,1.0,1.0,True,GLOBAL_GAN,train,syn_GLOBAL_GAN_r100_00224,True
timegan_uncond,-1,,,-1,,150.0,300,1.0,1.0,True,GLOBAL_GAN,train,syn_GLOBAL_GAN_r100_00225,True
timegan_uncond,-1,,,-1,,170.0,340,1.0,1.0,True,GLOBAL_GAN,train,syn_GLOBAL_GAN_r100_00226,True
timegan_uncond,-1,,,-1,,395.0,790,1.0,1.0,True,GLOBAL_GAN,train,syn_GLOBAL_GAN_r100_00227,True
timegan_uncond,-1,,,-1,,160.0,320,1.0,1.0,True,GLOBAL_GAN,train,syn_GLOBAL_GAN_r100_00228,True
timegan_uncond,-1,,,-1,,225.0,450,1.0,1.0,True,GLOBAL_GAN,train,syn_GLOBAL_GAN_r100_00229,True
timegan_uncond,-1,,,-1,,455.0,910,1.0,1.0,True,GLOBAL_GAN,train,syn_GLOBAL_GAN_r100_00230,True
timegan_uncond,-1,,,-1,,175.0,350,1.0,1.0,True,GLOBAL_GAN,train,syn_GLOBAL_GAN_r100_00231,True
timegan_uncond,-1,,,-1,,790.0,1580,1.0,1.0,True,GLOBAL_GAN,train,syn_GLOBAL_GAN_r100_00232,True
timegan_uncond,-1,,,-1,,170.0,340,1.0,1.0,True,GLOBAL_GAN,train,syn_GLOBAL_GAN_r100_00233,True
timegan_uncond,-1,,,-1,,170.0,340,1.0,1.0,True,GLOBAL_GAN,train,syn_GLOBAL_GAN_r100_00234,True
timegan_uncond,-1,,,-1,,4333.0,8666,1.0,1.0,True,GLOBAL_GAN,train,syn_GLOBAL_GAN_r100_00235,True
timegan_uncond,-1,,,-1,,810.0,1620,1.0,1.0,True,GLOBAL_GAN,train,syn_GLOBAL_GAN_r100_00236,True
timegan_uncond,-1,,,-1,,145.0,290,1.0,1.0,True,GLOBAL_GAN,train,syn_GLOBAL_GAN_r100_00237,True
timegan_uncond,-1,,,-1,,350.0,700,1.0,1.0,True,GLOBAL_GAN,train,syn_GLOBAL_GAN_r100_00238,True
timegan_uncond,-1,,,-1,,125.0,250,1.0,1.0,True,GLOBAL_GAN,train,syn_GLOBAL_GAN_r100_00239,True
timegan_uncond,-1,,,-1,,358.0,716,1.0,1.0,True,GLOBAL_GAN,train,syn_GLOBAL_GAN_r100_00240,True
timegan_uncond,-1,,,-1,,210.0,420,1.0,1.0,True,GLOBAL_GAN,train,syn_GLOBAL_GAN_r100_00241,True
timegan_uncond,-1,,,-1,,180.0,360,1.0,1.0,True,GLOBAL_GAN,train,syn_GLOBAL_GAN_r100_00242,True
timegan_uncond,-1,,,-1,,255.0,510,1.0,1.0,True,GLOBAL_GAN,train,syn_GLOBAL_GAN_r100_00243,True
timegan_uncond,-1,,,-1,,135.0,270,1.0,1.0,True,GLOBAL_GAN,train,syn_GLOBAL_GAN_r100_00244,True
timegan_uncond,-1,,,-1,,5020.0,10040,1.0,1.0,True,GLOBAL_GAN,train,syn_GLOBAL_GAN_r100_00245,True
timegan_uncond,-1,,,-1,,210.0,420,1.0,1.0,True,GLOBAL_GAN,train,syn_GLOBAL_GAN_r100_00246,True
timegan_uncond,-1,,,-1,,570.0,1140,1.0,1.0,True,GLOBAL_GAN,train,syn_GLOBAL_GAN_r100_00247,True
timegan_uncond,-1,,,-1,,335.0,670,1.0,1.0,True,GLOBAL_GAN,train,syn_GLOBAL_GAN_r100_00248,True
timegan_uncond,-1,,,-1,,505.0,1010,1.0,1.0,True,GLOBAL_GAN,train,syn_GLOBAL_GAN_r100_00249,True
timegan_uncond,-1,,,-1,,120.0,240,1.0,1.0,True,GLOBAL_GAN,train,syn_GLOBAL_GAN_r100_00250,True
timegan_uncond,-1,,,-1,,410.0,820,1.0,1.0,True,GLOBAL_GAN,train,syn_GLOBAL_GAN_r100_00251,True
timegan_uncond,-1,,,-1,,525.0,1050,1.0,1.0,True,GLOBAL_GAN,train,syn_GLOBAL_GAN_r100_00252,True
timegan_uncond,-1,,,-1,,1660.0,3320,1.0,1.0,True,GLOBAL_GAN,train,syn_GLOBAL_GAN_r100_00253,True
timegan_uncond,-1,,,-1,,120.0,240,1.0,1.0,True,GLOBAL_GAN,train,syn_GLOBAL_GAN_r100_00254,True
timegan_uncond,-1,,,-1,,155.0,310,1.0,1.0,True,GLOBAL_GAN,train,syn_GLOBAL_GAN_r100_00255,True
timegan_uncond,-1,,,-1,,135.0,270,1.0,1.0,True,GLOBAL_GAN,train,syn_GLOBAL_GAN_r100_00256,True
timegan_uncond,-1,,,-1,,295.0,590,1.0,1.0,True,GLOBAL_GAN,train,syn_GLOBAL_GAN_r100_00257,True
timegan_uncond,-1,,,-1,,325.0,650,1.0,1.0,True,GLOBAL_GAN,train,syn_GLOBAL_GAN_r100_00258,True
timegan_uncond,-1,,,-1,,205.0,410,1.0,1.0,True,GLOBAL_GAN,train,syn_GLOBAL_GAN_r100_00259,True
timegan_uncond,-1,,,-1,,225.0,450,1.0,1.0,True,GLOBAL_GAN,train,syn_GLOBAL_GAN_r100_00260,True
timegan_uncond,-1,,,-1,,120.0,240,1.0,1.0,True,GLOBAL_GAN,train,syn_GLOBAL_GAN_r100_00261,True
timegan_uncond,-1,,,-1,,205.0,410,1.0,1.0,True,GLOBAL_GAN,train,syn_GLOBAL_GAN_r100_00262,True
timegan_uncond,-1,,,-1,,205.0,410,1.0,1.0,True,GLOBAL_GAN,train,syn_GLOBAL_GAN_r100_00263,True
timegan_uncond,-1,,,-1,,205.0,410,1.0,1.0,True,GLOBAL_GAN,train,syn_GLOBAL_GAN_r100_00264,True
timegan_uncond,-1,,,-1,,405.0,810,1.0,1.0,True,GLOBAL_GAN,train,syn_GLOBAL_GAN_r100_00265,True
timegan_uncond,-1,,,-1,,470.0,940,1.0,1.0,True,GLOBAL_GAN,train,syn_GLOBAL_GAN_r100_00266,True
timegan_uncond,-1,,,-1,,180.0,360,1.0,1.0,True,GLOBAL_GAN,train,syn_GLOBAL_GAN_r100_00267,True
timegan_uncond,-1,,,-1,,225.0,450,1.0,1.0,True,GLOBAL_GAN,train,syn_GLOBAL_GAN_r100_00268,True
timegan_uncond,-1,,,-1,,175.0,350,1.0,1.0,True,GLOBAL_GAN,train,syn_GLOBAL_GAN_r100_00269,True
timegan_uncond,-1,,,-1,,340.0,680,1.0,1.0,True,GLOBAL_GAN,train,syn_GLOBAL_GAN_r100_00270,True
timegan_uncond,-1,,,-1,,505.0,1010,1.0,1.0,True,GLOBAL_GAN,train,syn_GLOBAL_GAN_r100_00271,True
timegan_uncond,-1,,,-1,,415.0,830,1.0,1.0,True,GLOBAL_GAN,train,syn_GLOBAL_GAN_r100_00272,True
timegan_uncond,-1,,,-1,,740.0,1480,1.0,1.0,True,GLOBAL_GAN,train,syn_GLOBAL_GAN_r100_00273,True
timegan_uncond,-1,,,-1,,200.0,400,1.0,1.0,True,GLOBAL_GAN,train,syn_GLOBAL_GAN_r100_00274,True
timegan_uncond,-1,,,-1,,195.0,390,1.0,1.0,True,GLOBAL_GAN,train,syn_GLOBAL_GAN_r100_00275,True
timegan_uncond,-1,,,-1,,605.0,1210,1.0,1.0,True,GLOBAL_GAN,train,syn_GLOBAL_GAN_r100_00276,True
timegan_uncond,-1,,,-1,,135.0,270,1.0,1.0,True,GLOBAL_GAN,train,syn_GLOBAL_GAN_r100_00277,True
timegan_uncond,-1,,,-1,,950.0,1900,1.0,1.0,True,GLOBAL_GAN,train,syn_GLOBAL_GAN_r100_00278,True
timegan_uncond,-1,,,-1,,275.0,550,1.0,1.0,True,GLOBAL_GAN,train,syn_GLOBAL_GAN_r100_00279,True
timegan_uncond,-1,,,-1,,1160.0,2320,1.0,1.0,True,GLOBAL_GAN,train,syn_GLOBAL_GAN_r100_00280,True
timegan_uncond,-1,,,-1,,120.0,240,1.0,1.0,True,GLOBAL_GAN,train,syn_GLOBAL_GAN_r100_00281,True
timegan_uncond,-1,,,-1,,175.0,350,1.0,1.0,True,GLOBAL_GAN,train,syn_GLOBAL_GAN_r100_00282,True
timegan_uncond,-1,,,-1,,140.0,280,1.0,1.0,True,GLOBAL_GAN,train,syn_GLOBAL_GAN_r100_00283,True
timegan_uncond,-1,,,-1,,190.0,380,1.0,1.0,True,GLOBAL_GAN,train,syn_GLOBAL_GAN_r100_00284,True
timegan_uncond,-1,,,-1,,1776.5,3553,1.0,1.0,True,GLOBAL_GAN,train,syn_GLOBAL_GAN_r100_00285,True
timegan_uncond,-1,,,-1,,230.0,460,1.0,1.0,True,GLOBAL_GAN,train,syn_GLOBAL_GAN_r100_00286,True
timegan_uncond,-1,,,-1,,607.5,1215,1.0,1.0,True,GLOBAL_GAN,train,syn_GLOBAL_GAN_r100_00287,True
timegan_uncond,-1,,,-1,,135.0,270,1.0,1.0,True,GLOBAL_GAN,train,syn_GLOBAL_GAN_r100_00288,True
timegan_uncond,-1,,,-1,,455.0,910,1.0,1.0,True,GLOBAL_GAN,train,syn_GLOBAL_GAN_r100_00289,True
timegan_uncond,-1,,,-1,,120.0,240,1.0,1.0,True,GLOBAL_GAN,train,syn_GLOBAL_GAN_r100_00290,True
timegan_uncond,-1,,,-1,,135.0,270,1.0,1.0,True,GLOBAL_GAN,train,syn_GLOBAL_GAN_r100_00291,True
timegan_uncond,-1,,,-1,,1660.0,3320,1.0,1.0,True,GLOBAL_GAN,train,syn_GLOBAL_GAN_r100_00292,True
timegan_uncond,-1,,,-1,,380.0,760,1.0,1.0,True,GLOBAL_GAN,train,syn_GLOBAL_GAN_r100_00293,True
timegan_uncond,-1,,,-1,,795.0,1590,1.0,1.0,True,GLOBAL_GAN,train,syn_GLOBAL_GAN_r100_00294,True
timegan_uncond,-1,,,-1,,130.0,260,1.0,1.0,True,GLOBAL_GAN,train,syn_GLOBAL_GAN_r100_00295,True
timegan_uncond,-1,,,-1,,155.0,310,1.0,1.0,True,GLOBAL_GAN,train,syn_GLOBAL_GAN_r100_00296,True
timegan_uncond,-1,,,-1,,185.0,370,1.0,1.0,True,GLOBAL_GAN,train,syn_GLOBAL_GAN_r100_00297,True
timegan_uncond,-1,,,-1,,8343.0,16686,1.0,1.0,True,GLOBAL_GAN,train,syn_GLOBAL_GAN_r100_00298,True
timegan_uncond,-1,,,-1,,170.0,340,1.0,1.0,True,GLOBAL_GAN,train,syn_GLOBAL_GAN_r100_00299,True
timegan_uncond,-1,,,-1,,160.0,320,1.0,1.0,True,GLOBAL_GAN,train,syn_GLOBAL_GAN_r100_00300,True
timegan_uncond,-1,,,-1,,180.0,360,1.0,1.0,True,GLOBAL_GAN,train,syn_GLOBAL_GAN_r100_00301,True
timegan_uncond,-1,,,-1,,490.0,980,1.0,1.0,True,GLOBAL_GAN,train,syn_GLOBAL_GAN_r100_00302,True
timegan_uncond,-1,,,-1,,990.0,1980,1.0,1.0,True,GLOBAL_GAN,train,syn_GLOBAL_GAN_r100_00303,True
timegan_uncond,-1,,,-1,,220.0,440,1.0,1.0,True,GLOBAL_GAN,train,syn_GLOBAL_GAN_r100_00304,True
timegan_uncond,-1,,,-1,,225.0,450,1.0,1.0,True,GLOBAL_GAN,train,syn_GLOBAL_GAN_r100_00305,True
timegan_uncond,-1,,,-1,,4395.0,8790,1.0,1.0,True,GLOBAL_GAN,train,syn_GLOBAL_GAN_r100_00306,True
timegan_uncond,-1,,,-1,,210.0,420,1.0,1.0,True,GLOBAL_GAN,train,syn_GLOBAL_GAN_r100_00307,True
timegan_uncond,-1,,,-1,,405.0,810,1.0,1.0,True,GLOBAL_GAN,train,syn_GLOBAL_GAN_r100_00308,True
timegan_uncond,-1,,,-1,,325.0,650,1.0,1.0,True,GLOBAL_GAN,train,syn_GLOBAL_GAN_r100_00309,True
timegan_uncond,-1,,,-1,,235.0,470,1.0,1.0,True,GLOBAL_GAN,train,syn_GLOBAL_GAN_r100_00310,True
timegan_uncond,-1,,,-1,,350.0,700,1.0,1.0,True,GLOBAL_GAN,train,syn_GLOBAL_GAN_r100_00311,True
timegan_uncond,-1,,,-1,,620.0,1240,1.0,1.0,True,GLOBAL_GAN,train,syn_GLOBAL_GAN_r100_00312,True
timegan_uncond,-1,,,-1,,130.0,260,1.0,1.0,True,GLOBAL_GAN,train,syn_GLOBAL_GAN_r100_00313,True
timegan_uncond,-1,,,-1,,935.0,1870,1.0,1.0,True,GLOBAL_GAN,train,syn_GLOBAL_GAN_r100_00314,True
timegan_uncond,-1,,,-1,,345.0,690,1.0,1.0,True,GLOBAL_GAN,train,syn_GLOBAL_GAN_r100_00315,True
timegan_uncond,-1,,,-1,,125.0,250,1.0,1.0,True,GLOBAL_GAN,train,syn_GLOBAL_GAN_r100_00316,True
timegan_uncond,-1,,,-1,,405.0,810,1.0,1.0,True,GLOBAL_GAN,train,syn_GLOBAL_GAN_r100_00317,True
timegan_uncond,-1,,,-1,,175.0,350,1.0,1.0,True,GLOBAL_GAN,train,syn_GLOBAL_GAN_r100_00318,True
timegan_uncond,-1,,,-1,,1340.0,2680,1.0,1.0,True,GLOBAL_GAN,train,syn_GLOBAL_GAN_r100_00319,True
timegan_uncond,-1,,,-1,,225.0,450,1.0,1.0,True,GLOBAL_GAN,train,syn_GLOBAL_GAN_r100_00320,True
timegan_uncond,-1,,,-1,,145.0,290,1.0,1.0,True,GLOBAL_GAN,train,syn_GLOBAL_GAN_r100_00321,True
timegan_uncond,-1,,,-1,,145.0,290,1.0,1.0,True,GLOBAL_GAN,train,syn_GLOBAL_GAN_r100_00322,True
timegan_uncond,-1,,,-1,,725.0,1450,1.0,1.0,True,GLOBAL_GAN,train,syn_GLOBAL_GAN_r100_00323,True
timegan_uncond,-1,,,-1,,195.0,390,1.0,1.0,True,GLOBAL_GAN,train,syn_GLOBAL_GAN_r100_00324,True
timegan_uncond,-1,,,-1,,1090.0,2180,1.0,1.0,True,GLOBAL_GAN,train,syn_GLOBAL_GAN_r100_00325,True
timegan_uncond,-1,,,-1,,375.0,750,1.0,1.0,True,GLOBAL_GAN,train,syn_GLOBAL_GAN_r100_00326,True
timegan_uncond,-1,,,-1,,195.0,390,1.0,1.0,True,GLOBAL_GAN,train,syn_GLOBAL_GAN_r100_00327,True
timegan_uncond,-1,,,-1,,300.0,600,1.0,1.0,True,GLOBAL_GAN,train,syn_GLOBAL_GAN_r100_00328,True
timegan_uncond,-1,,,-1,,245.0,490,1.0,1.0,True,GLOBAL_GAN,train,syn_GLOBAL_GAN_r100_00329,True
timegan_uncond,-1,,,-1,,610.0,1220,1.0,1.0,True,GLOBAL_GAN,train,syn_GLOBAL_GAN_r100_00330,True
timegan_uncond,-1,,,-1,,175.0,350,1.0,1.0,True,GLOBAL_GAN,train,syn_GLOBAL_GAN_r100_00331,True
timegan_uncond,-1,,,-1,,285.0,570,1.0,1.0,True,GLOBAL_GAN,train,syn_GLOBAL_GAN_r100_00332,True
timegan_uncond,-1,,,-1,,150.0,300,1.0,1.0,True,GLOBAL_GAN,train,syn_GLOBAL_GAN_r100_00333,True
timegan_uncond,-1,,,-1,,175.0,350,1.0,1.0,True,GLOBAL_GAN,train,syn_GLOBAL_GAN_r100_00334,True
timegan_uncond,-1,,,-1,,2818.0,5636,1.0,1.0,True,GLOBAL_GAN,train,syn_GLOBAL_GAN_r100_00335,True
timegan_uncond,-1,,,-1,,800.0,1600,1.0,1.0,True,GLOBAL_GAN,train,syn_GLOBAL_GAN_r100_00336,True
timegan_uncond,-1,,,-1,,285.0,570,1.0,1.0,True,GLOBAL_GAN,train,syn_GLOBAL_GAN_r100_00337,True
timegan_uncond,-1,,,-1,,251.5,503,1.0,1.0,True,GLOBAL_GAN,train,syn_GLOBAL_GAN_r100_00338,True
timegan_uncond,-1,,,-1,,405.0,810,1.0,1.0,True,GLOBAL_GAN,train,syn_GLOBAL_GAN_r100_00339,True
timegan_uncond,-1,,,-1,,190.0,380,1.0,1.0,True,GLOBAL_GAN,train,syn_GLOBAL_GAN_r100_00340,True
timegan_uncond,-1,,,-1,,220.0,440,1.0,1.0,True,GLOBAL_GAN,train,syn_GLOBAL_GAN_r100_00341,True
timegan_uncond,-1,,,-1,,470.0,940,1.0,1.0,True,GLOBAL_GAN,train,syn_GLOBAL_GAN_r100_00342,True
timegan_uncond,-1,,,-1,,120.0,240,1.0,1.0,True,GLOBAL_GAN,train,syn_GLOBAL_GAN_r100_00343,True
timegan_uncond,-1,,,-1,,170.0,340,1.0,1.0,True,GLOBAL_GAN,train,syn_GLOBAL_GAN_r100_00344,True
timegan_uncond,-1,,,-1,,120.0,240,1.0,1.0,True,GLOBAL_GAN,train,syn_GLOBAL_GAN_r100_00345,True
timegan_uncond,-1,,,-1,,1675.0,3350,1.0,1.0,True,GLOBAL_GAN,train,syn_GLOBAL_GAN_r100_00346,True
timegan_uncond,-1,,,-1,,180.0,360,1.0,1.0,True,GLOBAL_GAN,train,syn_GLOBAL_GAN_r100_00347,True
timegan_uncond,-1,,,-1,,245.0,490,1.0,1.0,True,GLOBAL_GAN,train,syn_GLOBAL_GAN_r100_00348,True
timegan_uncond,-1,,,-1,,135.0,270,1.0,1.0,True,GLOBAL_GAN,train,syn_GLOBAL_GAN_r100_00349,True
timegan_uncond,-1,,,-1,,475.0,950,1.0,1.0,True,GLOBAL_GAN,train,syn_GLOBAL_GAN_r100_00350,True
timegan_uncond,-1,,,-1,,180.0,360,1.0,1.0,True,GLOBAL_GAN,train,syn_GLOBAL_GAN_r100_00351,True
timegan_uncond,-1,,,-1,,120.0,240,1.0,1.0,True,GLOBAL_GAN,train,syn_GLOBAL_GAN_r100_00352,True
timegan_uncond,-1,,,-1,,205.0,410,1.0,1.0,True,GLOBAL_GAN,train,syn_GLOBAL_GAN_r100_00353,True
timegan_uncond,-1,,,-1,,348.0,696,1.0,1.0,True,GLOBAL_GAN,train,syn_GLOBAL_GAN_r100_00354,True
timegan_uncond,-1,,,-1,,120.0,240,1.0,1.0,True,GLOBAL_GAN,train,syn_GLOBAL_GAN_r100_00355,True
timegan_uncond,-1,,,-1,,130.0,260,1.0,1.0,True,GLOBAL_GAN,train,syn_GLOBAL_GAN_r100_00356,True
timegan_uncond,-1,,,-1,,470.0,940,1.0,1.0,True,GLOBAL_GAN,train,syn_GLOBAL_GAN_r100_00357,True
timegan_uncond,-1,,,-1,,215.0,430,1.0,1.0,True,GLOBAL_GAN,train,syn_GLOBAL_GAN_r100_00358,True
timegan_uncond,-1,,,-1,,120.0,240,1.0,1.0,True,GLOBAL_GAN,train,syn_GLOBAL_GAN_r100_00359,True
timegan_uncond,-1,,,-1,,130.0,260,1.0,1.0,True,GLOBAL_GAN,train,syn_GLOBAL_GAN_r100_00360,True
timegan_uncond,-1,,,-1,,215.0,430,1.0,1.0,True,GLOBAL_GAN,train,syn_GLOBAL_GAN_r100_00361,True
timegan_uncond,-1,,,-1,,1455.0,2910,1.0,1.0,True,GLOBAL_GAN,train,syn_GLOBAL_GAN_r100_00362,True
timegan_uncond,-1,,,-1,,135.0,270,1.0,1.0,True,GLOBAL_GAN,train,syn_GLOBAL_GAN_r100_00363,True
timegan_uncond,-1,,,-1,,165.0,330,1.0,1.0,True,GLOBAL_GAN,train,syn_GLOBAL_GAN_r100_00364,True
timegan_uncond,-1,,,-1,,355.0,710,1.0,1.0,True,GLOBAL_GAN,train,syn_GLOBAL_GAN_r100_00365,True
timegan_uncond,-1,,,-1,,125.0,250,1.0,1.0,True,GLOBAL_GAN,train,syn_GLOBAL_GAN_r100_00366,True
timegan_uncond,-1,,,-1,,470.0,940,1.0,1.0,True,GLOBAL_GAN,train,syn_GLOBAL_GAN_r100_00367,True
timegan_uncond,-1,,,-1,,135.0,270,1.0,1.0,True,GLOBAL_GAN,train,syn_GLOBAL_GAN_r100_00368,True
timegan_uncond,-1,,,-1,,4274.0,8548,1.0,1.0,True,GLOBAL_GAN,train,syn_GLOBAL_GAN_r100_00369,True
timegan_uncond,-1,,,-1,,205.0,410,1.0,1.0,True,GLOBAL_GAN,train,syn_GLOBAL_GAN_r100_00370,True
timegan_uncond,-1,,,-1,,505.0,1010,1.0,1.0,True,GLOBAL_GAN,train,syn_GLOBAL_GAN_r100_00371,True
timegan_uncond,-1,,,-1,,810.0,1620,1.0,1.0,True,GLOBAL_GAN,train,syn_GLOBAL_GAN_r100_00372,True
timegan_uncond,-1,,,-1,,123.0,246,1.0,1.0,True,GLOBAL_GAN,train,syn_GLOBAL_GAN_r100_00373,True
timegan_uncond,-1,,,-1,,135.0,270,1.0,1.0,True,GLOBAL_GAN,train,syn_GLOBAL_GAN_r100_00374,True
timegan_uncond,-1,,,-1,,200.0,400,1.0,1.0,True,GLOBAL_GAN,train,syn_GLOBAL_GAN_r100_00375,True
timegan_uncond,-1,,,-1,,800.0,1600,1.0,1.0,True,GLOBAL_GAN,train,syn_GLOBAL_GAN_r100_00376,True
timegan_uncond,-1,,,-1,,480.0,960,1.0,1.0,True,GLOBAL_GAN,train,syn_GLOBAL_GAN_r100_00377,True
timegan_uncond,-1,,,-1,,170.0,340,1.0,1.0,True,GLOBAL_GAN,train,syn_GLOBAL_GAN_r100_00378,True
timegan_uncond,-1,,,-1,,465.0,930,1.0,1.0,True,GLOBAL_GAN,train,syn_GLOBAL_GAN_r100_00379,True
timegan_uncond,-1,,,-1,,120.0,240,1.0,1.0,True,GLOBAL_GAN,train,syn_GLOBAL_GAN_r100_00380,True
timegan_uncond,-1,,,-1,,130.0,260,1.0,1.0,True,GLOBAL_GAN,train,syn_GLOBAL_GAN_r100_00381,True
timegan_uncond,-1,,,-1,,210.0,420,1.0,1.0,True,GLOBAL_GAN,train,syn_GLOBAL_GAN_r100_00382,True
timegan_uncond,-1,,,-1,,295.0,590,1.0,1.0,True,GLOBAL_GAN,train,syn_GLOBAL_GAN_r100_00383,True
timegan_uncond,-1,,,-1,,150.0,300,1.0,1.0,True,GLOBAL_GAN,train,syn_GLOBAL_GAN_r100_00384,True
timegan_uncond,-1,,,-1,,210.0,420,1.0,1.0,True,GLOBAL_GAN,train,syn_GLOBAL_GAN_r100_00385,True
timegan_uncond,-1,,,-1,,345.0,690,1.0,1.0,True,GLOBAL_GAN,train,syn_GLOBAL_GAN_r100_00386,True
timegan_uncond,-1,,,-1,,130.0,260,1.0,1.0,True,GLOBAL_GAN,train,syn_GLOBAL_GAN_r100_00387,True
timegan_uncond,-1,,,-1,,300.0,600,1.0,1.0,True,GLOBAL_GAN,train,syn_GLOBAL_GAN_r100_00388,True
timegan_uncond,-1,,,-1,,280.0,560,1.0,1.0,True,GLOBAL_GAN,train,syn_GLOBAL_GAN_r100_00389,True
timegan_uncond,-1,,,-1,,380.0,760,1.0,1.0,True,GLOBAL_GAN,train,syn_GLOBAL_GAN_r100_00390,True
timegan_uncond,-1,,,-1,,315.0,630,1.0,1.0,True,GLOBAL_GAN,train,syn_GLOBAL_GAN_r100_00391,True
timegan_uncond,-1,,,-1,,135.0,270,1.0,1.0,True,GLOBAL_GAN,train,syn_GLOBAL_GAN_r100_00392,True
timegan_uncond,-1,,,-1,,480.0,960,1.0,1.0,True,GLOBAL_GAN,train,syn_GLOBAL_GAN_r100_00393,True
timegan_uncond,-1,,,-1,,275.0,550,1.0,1.0,True,GLOBAL_GAN,train,syn_GLOBAL_GAN_r100_00394,True
timegan_uncond,-1,,,-1,,535.0,1070,1.0,1.0,True,GLOBAL_GAN,train,syn_GLOBAL_GAN_r100_00395,True
timegan_uncond,-1,,,-1,,250.0,500,1.0,1.0,True,GLOBAL_GAN,train,syn_GLOBAL_GAN_r100_00396,True
timegan_uncond,-1,,,-1,,1250.0,2500,1.0,1.0,True,GLOBAL_GAN,train,syn_GLOBAL_GAN_r100_00397,True
timegan_uncond,-1,,,-1,,130.0,260,1.0,1.0,True,GLOBAL_GAN,train,syn_GLOBAL_GAN_r100_00398,True
timegan_uncond,-1,,,-1,,225.0,450,1.0,1.0,True,GLOBAL_GAN,train,syn_GLOBAL_GAN_r100_00399,True
timegan_uncond,-1,,,-1,,180.0,360,1.0,1.0,True,GLOBAL_GAN,train,syn_GLOBAL_GAN_r100_00400,True
timegan_uncond,-1,,,-1,,295.0,590,1.0,1.0,True,GLOBAL_GAN,train,syn_GLOBAL_GAN_r100_00401,True
timegan_uncond,-1,,,-1,,3545.0,7090,1.0,1.0,True,GLOBAL_GAN,train,syn_GLOBAL_GAN_r100_00402,True
timegan_uncond,-1,,,-1,,445.0,890,1.0,1.0,True,GLOBAL_GAN,train,syn_GLOBAL_GAN_r100_00403,True
timegan_uncond,-1,,,-1,,480.0,960,1.0,1.0,True,GLOBAL_GAN,train,syn_GLOBAL_GAN_r100_00404,True
timegan_uncond,-1,,,-1,,1035.0,2070,1.0,1.0,True,GLOBAL_GAN,train,syn_GLOBAL_GAN_r100_00405,True
timegan_uncond,-1,,,-1,,440.0,880,1.0,1.0,True,GLOBAL_GAN,train,syn_GLOBAL_GAN_r100_00406,True
timegan_uncond,-1,,,-1,,170.0,340,1.0,1.0,True,GLOBAL_GAN,train,syn_GLOBAL_GAN_r100_00407,True
timegan_uncond,-1,,,-1,,348.0,696,1.0,1.0,True,GLOBAL_GAN,train,syn_GLOBAL_GAN_r100_00408,True
timegan_uncond,-1,,,-1,,125.0,250,1.0,1.0,True,GLOBAL_GAN,train,syn_GLOBAL_GAN_r100_00409,True
timegan_uncond,-1,,,-1,,1165.0,2330,1.0,1.0,True,GLOBAL_GAN,train,syn_GLOBAL_GAN_r100_00410,True
timegan_uncond,-1,,,-1,,460.0,920,1.0,1.0,True,GLOBAL_GAN,train,syn_GLOBAL_GAN_r100_00411,True
timegan_uncond,-1,,,-1,,175.0,350,1.0,1.0,True,GLOBAL_GAN,train,syn_GLOBAL_GAN_r100_00412,True
timegan_uncond,-1,,,-1,,405.0,810,1.0,1.0,True,GLOBAL_GAN,train,syn_GLOBAL_GAN_r100_00413,True
timegan_uncond,-1,,,-1,,300.0,600,1.0,1.0,True,GLOBAL_GAN,train,syn_GLOBAL_GAN_r100_00414,True
timegan_uncond,-1,,,-1,,945.0,1890,1.0,1.0,True,GLOBAL_GAN,train,syn_GLOBAL_GAN_r100_00415,True
timegan_uncond,-1,,,-1,,190.0,380,1.0,1.0,True,GLOBAL_GAN,train,syn_GLOBAL_GAN_r100_00416,True
timegan_uncond,-1,,,-1,,245.0,490,1.0,1.0,True,GLOBAL_GAN,train,syn_GLOBAL_GAN_r100_00417,True
timegan_uncond,-1,,,-1,,6025.0,12050,1.0,1.0,True,GLOBAL_GAN,train,syn_GLOBAL_GAN_r100_00418,True
timegan_uncond,-1,,,-1,,200.0,400,1.0,1.0,True,GLOBAL_GAN,train,syn_GLOBAL_GAN_r100_00419,True
timegan_uncond,-1,,,-1,,220.0,440,1.0,1.0,True,GLOBAL_GAN,train,syn_GLOBAL_GAN_r100_00420,True
timegan_uncond,-1,,,-1,,170.0,340,1.0,1.0,True,GLOBAL_GAN,train,syn_GLOBAL_GAN_r100_00421,True
timegan_uncond,-1,,,-1,,135.0,270,1.0,1.0,True,GLOBAL_GAN,train,syn_GLOBAL_GAN_r100_00422,True
timegan_uncond,-1,,,-1,,125.0,250,1.0,1.0,True,GLOBAL_GAN,train,syn_GLOBAL_GAN_r100_00423,True
timegan_uncond,-1,,,-1,,135.0,270,1.0,1.0,True,GLOBAL_GAN,train,syn_GLOBAL_GAN_r100_00424,True
timegan_uncond,-1,,,-1,,160.0,320,1.0,1.0,True,GLOBAL_GAN,train,syn_GLOBAL_GAN_r100_00425,True
timegan_uncond,-1,,,-1,,300.0,600,1.0,1.0,True,GLOBAL_GAN,train,syn_GLOBAL_GAN_r100_00426,True
timegan_uncond,-1,,,-1,,120.0,240,1.0,1.0,True,GLOBAL_GAN,train,syn_GLOBAL_GAN_r100_00427,True
timegan_uncond,-1,,,-1,,515.0,1030,1.0,1.0,True,GLOBAL_GAN,train,syn_GLOBAL_GAN_r100_00428,True
timegan_uncond,-1,,,-1,,270.0,540,1.0,1.0,True,GLOBAL_GAN,train,syn_GLOBAL_GAN_r100_00429,True
timegan_uncond,-1,,,-1,,170.0,340,1.0,1.0,True,GLOBAL_GAN,train,syn_GLOBAL_GAN_r100_00430,True
timegan_uncond,-1,,,-1,,135.0,270,1.0,1.0,True,GLOBAL_GAN,train,syn_GLOBAL_GAN_r100_00431,True
timegan_uncond,-1,,,-1,,160.0,320,1.0,1.0,True,GLOBAL_GAN,train,syn_GLOBAL_GAN_r100_00432,True
timegan_uncond,-1,,,-1,,425.0,850,1.0,1.0,True,GLOBAL_GAN,train,syn_GLOBAL_GAN_r100_00433,True
timegan_uncond,-1,,,-1,,140.0,280,1.0,1.0,True,GLOBAL_GAN,train,syn_GLOBAL_GAN_r100_00434,True
timegan_uncond,-1,,,-1,,285.0,570,1.0,1.0,True,GLOBAL_GAN,train,syn_GLOBAL_GAN_r100_00435,True
timegan_uncond,-1,,,-1,,5221.0,10442,1.0,1.0,True,GLOBAL_GAN,train,syn_GLOBAL_GAN_r100_00436,True
timegan_uncond,-1,,,-1,,265.0,530,1.0,1.0,True,GLOBAL_GAN,train,syn_GLOBAL_GAN_r100_00437,True
timegan_uncond,-1,,,-1,,965.0,1930,1.0,1.0,True,GLOBAL_GAN,train,syn_GLOBAL_GAN_r100_00438,True
timegan_uncond,-1,,,-1,,320.0,640,1.0,1.0,True,GLOBAL_GAN,train,syn_GLOBAL_GAN_r100_00439,True
timegan_uncond,-1,,,-1,,220.0,440,1.0,1.0,True,GLOBAL_GAN,train,syn_GLOBAL_GAN_r100_00440,True
timegan_uncond,-1,,,-1,,170.0,340,1.0,1.0,True,GLOBAL_GAN,train,syn_GLOBAL_GAN_r100_00441,True
timegan_uncond,-1,,,-1,,135.0,270,1.0,1.0,True,GLOBAL_GAN,train,syn_GLOBAL_GAN_r100_00442,True
timegan_uncond,-1,,,-1,,480.0,960,1.0,1.0,True,GLOBAL_GAN,train,syn_GLOBAL_GAN_r100_00443,True
timegan_uncond,-1,,,-1,,495.0,990,1.0,1.0,True,GLOBAL_GAN,train,syn_GLOBAL_GAN_r100_00444,True
timegan_uncond,-1,,,-1,,1300.5,2601,1.0,1.0,True,GLOBAL_GAN,train,syn_GLOBAL_GAN_r100_00445,True
timegan_uncond,-1,,,-1,,245.0,490,1.0,1.0,True,GLOBAL_GAN,train,syn_GLOBAL_GAN_r100_00446,True
timegan_uncond,-1,,,-1,,335.0,670,1.0,1.0,True,GLOBAL_GAN,train,syn_GLOBAL_GAN_r100_00447,True
timegan_uncond,-1,,,-1,,215.0,430,1.0,1.0,True,GLOBAL_GAN,train,syn_GLOBAL_GAN_r100_00448,True
timegan_uncond,-1,,,-1,,130.0,260,1.0,1.0,True,GLOBAL_GAN,train,syn_GLOBAL_GAN_r100_00449,True
timegan_uncond,-1,,,-1,,1370.0,2740,1.0,1.0,True,GLOBAL_GAN,train,syn_GLOBAL_GAN_r100_00450,True
timegan_uncond,-1,,,-1,,750.0,1500,1.0,1.0,True,GLOBAL_GAN,train,syn_GLOBAL_GAN_r100_00451,True
timegan_uncond,-1,,,-1,,120.0,240,1.0,1.0,True,GLOBAL_GAN,train,syn_GLOBAL_GAN_r100_00452,True
timegan_uncond,-1,,,-1,,120.0,240,1.0,1.0,True,GLOBAL_GAN,train,syn_GLOBAL_GAN_r100_00453,True
timegan_uncond,-1,,,-1,,750.0,1500,1.0,1.0,True,GLOBAL_GAN,train,syn_GLOBAL_GAN_r100_00454,True
timegan_uncond,-1,,,-1,,638.5,1277,1.0,1.0,True,GLOBAL_GAN,train,syn_GLOBAL_GAN_r100_00455,True
timegan_uncond,-1,,,-1,,130.0,260,1.0,1.0,True,GLOBAL_GAN,train,syn_GLOBAL_GAN_r100_00456,True
timegan_uncond,-1,,,-1,,130.0,260,1.0,1.0,True,GLOBAL_GAN,train,syn_GLOBAL_GAN_r100_00457,True
timegan_uncond,-1,,,-1,,255.0,510,1.0,1.0,True,GLOBAL_GAN,train,syn_GLOBAL_GAN_r100_00458,True
timegan_uncond,-1,,,-1,,235.0,470,1.0,1.0,True,GLOBAL_GAN,train,syn_GLOBAL_GAN_r100_00459,True
timegan_uncond,-1,,,-1,,275.0,550,1.0,1.0,True,GLOBAL_GAN,train,syn_GLOBAL_GAN_r100_00460,True
timegan_uncond,-1,,,-1,,415.0,830,1.0,1.0,True,GLOBAL_GAN,train,syn_GLOBAL_GAN_r100_00461,True
timegan_uncond,-1,,,-1,,125.0,250,1.0,1.0,True,GLOBAL_GAN,train,syn_GLOBAL_GAN_r100_00462,True
timegan_uncond,-1,,,-1,,235.0,470,1.0,1.0,True,GLOBAL_GAN,train,syn_GLOBAL_GAN_r100_00463,True
timegan_uncond,-1,,,-1,,120.0,240,1.0,1.0,True,GLOBAL_GAN,train,syn_GLOBAL_GAN_r100_00464,True
timegan_uncond,-1,,,-1,,160.0,320,1.0,1.0,True,GLOBAL_GAN,train,syn_GLOBAL_GAN_r100_00465,True
timegan_uncond,-1,,,-1,,180.0,360,1.0,1.0,True,GLOBAL_GAN,train,syn_GLOBAL_GAN_r100_00466,True
timegan_uncond,-1,,,-1,,225.0,450,1.0,1.0,True,GLOBAL_GAN,train,syn_GLOBAL_GAN_r100_00467,True
timegan_uncond,-1,,,-1,,235.0,470,1.0,1.0,True,GLOBAL_GAN,train,syn_GLOBAL_GAN_r100_00468,True
timegan_uncond,-1,,,-1,,170.0,340,1.0,1.0,True,GLOBAL_GAN,train,syn_GLOBAL_GAN_r100_00469,True
timegan_uncond,-1,,,-1,,300.0,600,1.0,1.0,True,GLOBAL_GAN,train,syn_GLOBAL_GAN_r100_00470,True
timegan_uncond,-1,,,-1,,190.0,380,1.0,1.0,True,GLOBAL_GAN,train,syn_GLOBAL_GAN_r100_00471,True
timegan_uncond,-1,,,-1,,3545.0,7090,1.0,1.0,True,GLOBAL_GAN,train,syn_GLOBAL_GAN_r100_00472,True
timegan_uncond,-1,,,-1,,2818.0,5636,1.0,1.0,True,GLOBAL_GAN,train,syn_GLOBAL_GAN_r100_00473,True
timegan_uncond,-1,,,-1,,610.0,1220,1.0,1.0,True,GLOBAL_GAN,train,syn_GLOBAL_GAN_r100_00474,True
timegan_uncond,-1,,,-1,,570.0,1140,1.0,1.0,True,GLOBAL_GAN,train,syn_GLOBAL_GAN_r100_00475,True
timegan_uncond,-1,,,-1,,125.0,250,1.0,1.0,True,GLOBAL_GAN,train,syn_GLOBAL_GAN_r100_00476,True
timegan_uncond,-1,,,-1,,275.0,550,1.0,1.0,True,GLOBAL_GAN,train,syn_GLOBAL_GAN_r100_00477,True
timegan_uncond,-1,,,-1,,785.0,1570,1.0,1.0,True,GLOBAL_GAN,train,syn_GLOBAL_GAN_r100_00478,True
timegan_uncond,-1,,,-1,,475.0,950,1.0,1.0,True,GLOBAL_GAN,train,syn_GLOBAL_GAN_r100_00479,True
timegan_uncond,-1,,,-1,,375.0,750,1.0,1.0,True,GLOBAL_GAN,train,syn_GLOBAL_GAN_r100_00480,True
timegan_uncond,-1,,,-1,,605.0,1210,1.0,1.0,True,GLOBAL_GAN,train,syn_GLOBAL_GAN_r100_00481,True
timegan_uncond,-1,,,-1,,220.0,440,1.0,1.0,True,GLOBAL_GAN,train,syn_GLOBAL_GAN_r100_00482,True
timegan_uncond,-1,,,-1,,135.0,270,1.0,1.0,True,GLOBAL_GAN,train,syn_GLOBAL_GAN_r100_00483,True
timegan_uncond,-1,,,-1,,230.0,460,1.0,1.0,True,GLOBAL_GAN,train,syn_GLOBAL_GAN_r100_00484,True
timegan_uncond,-1,,,-1,,335.0,670,1.0,1.0,True,GLOBAL_GAN,train,syn_GLOBAL_GAN_r100_00485,True
timegan_uncond,-1,,,-1,,175.0,350,1.0,1.0,True,GLOBAL_GAN,train,syn_GLOBAL_GAN_r100_00486,True
timegan_uncond,-1,,,-1,,358.0,716,1.0,1.0,True,GLOBAL_GAN,train,syn_GLOBAL_GAN_r100_00487,True
timegan_uncond,-1,,,-1,,120.0,240,1.0,1.0,True,GLOBAL_GAN,train,syn_GLOBAL_GAN_r100_00488,True
timegan_uncond,-1,,,-1,,600.0,1200,1.0,1.0,True,GLOBAL_GAN,train,syn_GLOBAL_GAN_r100_00489,True
timegan_uncond,-1,,,-1,,235.0,470,1.0,1.0,True,GLOBAL_GAN,train,syn_GLOBAL_GAN_r100_00490,True
timegan_uncond,-1,,,-1,,1510.0,3020,1.0,1.0,True,GLOBAL_GAN,train,syn_GLOBAL_GAN_r100_00491,True
timegan_uncond,-1,,,-1,,135.0,270,1.0,1.0,True,GLOBAL_GAN,train,syn_GLOBAL_GAN_r100_00492,True
timegan_uncond,-1,,,-1,,155.0,310,1.0,1.0,True,GLOBAL_GAN,train,syn_GLOBAL_GAN_r100_00493,True
timegan_uncond,-1,,,-1,,340.0,680,1.0,1.0,True,GLOBAL_GAN,train,syn_GLOBAL_GAN_r100_00494,True
timegan_uncond,-1,,,-1,,300.0,600,1.0,1.0,True,GLOBAL_GAN,train,syn_GLOBAL_GAN_r100_00495,True
timegan_uncond,-1,,,-1,,945.0,1890,1.0,1.0,True,GLOBAL_GAN,train,syn_GLOBAL_GAN_r100_00496,True
timegan_uncond,-1,,,-1,,845.0,1690,1.0,1.0,True,GLOBAL_GAN,train,syn_GLOBAL_GAN_r100_00497,True
timegan_uncond,-1,,,-1,,1080.0,2160,1.0,1.0,True,GLOBAL_GAN,train,syn_GLOBAL_GAN_r100_00498,True
timegan_uncond,-1,,,-1,,200.0,400,1.0,1.0,True,GLOBAL_GAN,train,syn_GLOBAL_GAN_r100_00499,True
timegan_uncond,-1,,,-1,,435.0,870,1.0,1.0,True,GLOBAL_GAN,train,syn_GLOBAL_GAN_r100_00500,True
timegan_uncond,-1,,,-1,,140.0,280,1.0,1.0,True,GLOBAL_GAN,train,syn_GLOBAL_GAN_r100_00501,True
timegan_uncond,-1,,,-1,,120.0,240,1.0,1.0,True,GLOBAL_GAN,train,syn_GLOBAL_GAN_r100_00502,True
timegan_uncond,-1,,,-1,,5315.5,10631,1.0,1.0,True,GLOBAL_GAN,train,syn_GLOBAL_GAN_r100_00503,True
timegan_uncond,-1,,,-1,,5315.5,10631,1.0,1.0,True,GLOBAL_GAN,train,syn_GLOBAL_GAN_r100_00504,True
timegan_uncond,-1,,,-1,,240.0,480,1.0,1.0,True,GLOBAL_GAN,train,syn_GLOBAL_GAN_r100_00505,True
timegan_uncond,-1,,,-1,,180.0,360,1.0,1.0,True,GLOBAL_GAN,train,syn_GLOBAL_GAN_r100_00506,True
timegan_uncond,-1,,,-1,,405.0,810,1.0,1.0,True,GLOBAL_GAN,train,syn_GLOBAL_GAN_r100_00507,True
timegan_uncond,-1,,,-1,,226.5,453,1.0,1.0,True,GLOBAL_GAN,train,syn_GLOBAL_GAN_r100_00508,True
timegan_uncond,-1,,,-1,,175.0,350,1.0,1.0,True,GLOBAL_GAN,train,syn_GLOBAL_GAN_r100_00509,True
timegan_uncond,-1,,,-1,,750.0,1500,1.0,1.0,True,GLOBAL_GAN,train,syn_GLOBAL_GAN_r100_00510,True
timegan_uncond,-1,,,-1,,160.0,320,1.0,1.0,True,GLOBAL_GAN,train,syn_GLOBAL_GAN_r100_00511,True
timegan_uncond,-1,,,-1,,725.0,1450,1.0,1.0,True,GLOBAL_GAN,train,syn_GLOBAL_GAN_r100_00512,True
timegan_uncond,-1,,,-1,,225.0,450,1.0,1.0,True,GLOBAL_GAN,train,syn_GLOBAL_GAN_r100_00513,True
timegan_uncond,-1,,,-1,,780.0,1560,1.0,1.0,True,GLOBAL_GAN,train,syn_GLOBAL_GAN_r100_00514,True
timegan_uncond,-1,,,-1,,205.0,410,1.0,1.0,True,GLOBAL_GAN,train,syn_GLOBAL_GAN_r100_00515,True
timegan_uncond,-1,,,-1,,375.0,750,1.0,1.0,True,GLOBAL_GAN,train,syn_GLOBAL_GAN_r100_00516,True
timegan_uncond,-1,,,-1,,150.0,300,1.0,1.0,True,GLOBAL_GAN,train,syn_GLOBAL_GAN_r100_00517,True
timegan_uncond,-1,,,-1,,1840.0,3680,1.0,1.0,True,GLOBAL_GAN,train,syn_GLOBAL_GAN_r100_00518,True
timegan_uncond,-1,,,-1,,855.0,1710,1.0,1.0,True,GLOBAL_GAN,train,syn_GLOBAL_GAN_r100_00519,True
timegan_uncond,-1,,,-1,,175.0,350,1.0,1.0,True,GLOBAL_GAN,train,syn_GLOBAL_GAN_r100_00520,True
timegan_uncond,-1,,,-1,,425.0,850,1.0,1.0,True,GLOBAL_GAN,train,syn_GLOBAL_GAN_r100_00521,True
timegan_uncond,-1,,,-1,,225.0,450,1.0,1.0,True,GLOBAL_GAN,train,syn_GLOBAL_GAN_r100_00522,True
timegan_uncond,-1,,,-1,,1340.0,2680,1.0,1.0,True,GLOBAL_GAN,train,syn_GLOBAL_GAN_r100_00523,True
timegan_uncond,-1,,,-1,,230.0,460,1.0,1.0,True,GLOBAL_GAN,train,syn_GLOBAL_GAN_r100_00524,True
timegan_uncond,-1,,,-1,,140.0,280,1.0,1.0,True,GLOBAL_GAN,train,syn_GLOBAL_GAN_r100_00525,True
timegan_uncond,-1,,,-1,,130.0,260,1.0,1.0,True,GLOBAL_GAN,train,syn_GLOBAL_GAN_r100_00526,True
timegan_uncond,-1,,,-1,,480.0,960,1.0,1.0,True,GLOBAL_GAN,train,syn_GLOBAL_GAN_r100_00527,True
timegan_uncond,-1,,,-1,,130.0,260,1.0,1.0,True,GLOBAL_GAN,train,syn_GLOBAL_GAN_r100_00528,True
timegan_uncond,-1,,,-1,,125.0,250,1.0,1.0,True,GLOBAL_GAN,train,syn_GLOBAL_GAN_r100_00529,True
timegan_uncond,-1,,,-1,,170.0,340,1.0,1.0,True,GLOBAL_GAN,train,syn_GLOBAL_GAN_r100_00530,True
timegan_uncond,-1,,,-1,,150.0,300,1.0,1.0,True,GLOBAL_GAN,train,syn_GLOBAL_GAN_r100_00531,True
timegan_uncond,-1,,,-1,,410.0,820,1.0,1.0,True,GLOBAL_GAN,train,syn_GLOBAL_GAN_r100_00532,True
timegan_uncond,-1,,,-1,,505.0,1010,1.0,1.0,True,GLOBAL_GAN,train,syn_GLOBAL_GAN_r100_00533,True
timegan_uncond,-1,,,-1,,340.0,680,1.0,1.0,True,GLOBAL_GAN,train,syn_GLOBAL_GAN_r100_00534,True
timegan_uncond,-1,,,-1,,195.0,390,1.0,1.0,True,GLOBAL_GAN,train,syn_GLOBAL_GAN_r100_00535,True
timegan_uncond,-1,,,-1,,550.0,1100,1.0,1.0,True,GLOBAL_GAN,train,syn_GLOBAL_GAN_r100_00536,True
timegan_uncond,-1,,,-1,,180.0,360,1.0,1.0,True,GLOBAL_GAN,train,syn_GLOBAL_GAN_r100_00537,True
timegan_uncond,-1,,,-1,,135.0,270,1.0,1.0,True,GLOBAL_GAN,train,syn_GLOBAL_GAN_r100_00538,True
timegan_uncond,-1,,,-1,,300.0,600,1.0,1.0,True,GLOBAL_GAN,train,syn_GLOBAL_GAN_r100_00539,True
timegan_uncond,-1,,,-1,,120.0,240,1.0,1.0,True,GLOBAL_GAN,train,syn_GLOBAL_GAN_r100_00540,True
timegan_uncond,-1,,,-1,,205.0,410,1.0,1.0,True,GLOBAL_GAN,train,syn_GLOBAL_GAN_r100_00541,True
timegan_uncond,-1,,,-1,,310.0,620,1.0,1.0,True,GLOBAL_GAN,train,syn_GLOBAL_GAN_r100_00542,True
timegan_uncond,-1,,,-1,,140.0,280,1.0,1.0,True,GLOBAL_GAN,train,syn_GLOBAL_GAN_r100_00543,True
timegan_uncond,-1,,,-1,,170.0,340,1.0,1.0,True,GLOBAL_GAN,train,syn_GLOBAL_GAN_r100_00544,True
timegan_uncond,-1,,,-1,,1230.0,2460,1.0,1.0,True,GLOBAL_GAN,train,syn_GLOBAL_GAN_r100_00545,True
timegan_uncond,-1,,,-1,,235.0,470,1.0,1.0,True,GLOBAL_GAN,train,syn_GLOBAL_GAN_r100_00546,True
timegan_uncond,-1,,,-1,,130.0,260,1.0,1.0,True,GLOBAL_GAN,train,syn_GLOBAL_GAN_r100_00547,True
timegan_uncond,-1,,,-1,,255.0,510,1.0,1.0,True,GLOBAL_GAN,train,syn_GLOBAL_GAN_r100_00548,True
timegan_uncond,-1,,,-1,,125.0,250,1.0,1.0,True,GLOBAL_GAN,train,syn_GLOBAL_GAN_r100_00549,True
timegan_uncond,-1,,,-1,,205.0,410,1.0,1.0,True,GLOBAL_GAN,train,syn_GLOBAL_GAN_r100_00550,True
timegan_uncond,-1,,,-1,,240.0,480,1.0,1.0,True,GLOBAL_GAN,train,syn_GLOBAL_GAN_r100_00551,True
timegan_uncond,-1,,,-1,,180.0,360,1.0,1.0,True,GLOBAL_GAN,train,syn_GLOBAL_GAN_r100_00552,True
timegan_uncond,-1,,,-1,,170.0,340,1.0,1.0,True,GLOBAL_GAN,train,syn_GLOBAL_GAN_r100_00553,True
timegan_uncond,-1,,,-1,,5315.5,10631,1.0,1.0,True,GLOBAL_GAN,train,syn_GLOBAL_GAN_r100_00554,True
timegan_uncond,-1,,,-1,,1090.0,2180,1.0,1.0,True,GLOBAL_GAN,train,syn_GLOBAL_GAN_r100_00555,True
timegan_uncond,-1,,,-1,,535.0,1070,1.0,1.0,True,GLOBAL_GAN,train,syn_GLOBAL_GAN_r100_00556,True
timegan_uncond,-1,,,-1,,305.0,610,1.0,1.0,True,GLOBAL_GAN,train,syn_GLOBAL_GAN_r100_00557,True
timegan_uncond,-1,,,-1,,1130.0,2260,1.0,1.0,True,GLOBAL_GAN,train,syn_GLOBAL_GAN_r100_00558,True
timegan_uncond,-1,,,-1,,135.0,270,1.0,1.0,True,GLOBAL_GAN,train,syn_GLOBAL_GAN_r100_00559,True
timegan_uncond,-1,,,-1,,335.0,670,1.0,1.0,True,GLOBAL_GAN,train,syn_GLOBAL_GAN_r100_00560,True
timegan_uncond,-1,,,-1,,1183.0,2366,1.0,1.0,True,GLOBAL_GAN,train,syn_GLOBAL_GAN_r100_00561,True
timegan_uncond,-1,,,-1,,180.0,360,1.0,1.0,True,GLOBAL_GAN,train,syn_GLOBAL_GAN_r100_00562,True
timegan_uncond,-1,,,-1,,215.0,430,1.0,1.0,True,GLOBAL_GAN,train,syn_GLOBAL_GAN_r100_00563,True
timegan_uncond,-1,,,-1,,215.0,430,1.0,1.0,True,GLOBAL_GAN,train,syn_GLOBAL_GAN_r100_00564,True
timegan_uncond,-1,,,-1,,195.0,390,1.0,1.0,True,GLOBAL_GAN,train,syn_GLOBAL_GAN_r100_00565,True
timegan_uncond,-1,,,-1,,200.0,400,1.0,1.0,True,GLOBAL_GAN,train,syn_GLOBAL_GAN_r100_00566,True
timegan_uncond,-1,,,-1,,235.0,470,1.0,1.0,True,GLOBAL_GAN,train,syn_GLOBAL_GAN_r100_00567,True
timegan_uncond,-1,,,-1,,965.0,1930,1.0,1.0,True,GLOBAL_GAN,train,syn_GLOBAL_GAN_r100_00568,True
timegan_uncond,-1,,,-1,,730.0,1460,1.0,1.0,True,GLOBAL_GAN,train,syn_GLOBAL_GAN_r100_00569,True
timegan_uncond,-1,,,-1,,550.0,1100,1.0,1.0,True,GLOBAL_GAN,train,syn_GLOBAL_GAN_r100_00570,True
timegan_uncond,-1,,,-1,,140.0,280,1.0,1.0,True,GLOBAL_GAN,train,syn_GLOBAL_GAN_r100_00571,True
timegan_uncond,-1,,,-1,,620.0,1240,1.0,1.0,True,GLOBAL_GAN,train,syn_GLOBAL_GAN_r100_00572,True
timegan_uncond,-1,,,-1,,200.0,400,1.0,1.0,True,GLOBAL_GAN,train,syn_GLOBAL_GAN_r100_00573,True
timegan_uncond,-1,,,-1,,230.0,460,1.0,1.0,True,GLOBAL_GAN,train,syn_GLOBAL_GAN_r100_00574,True
timegan_uncond,-1,,,-1,,180.0,360,1.0,1.0,True,GLOBAL_GAN,train,syn_GLOBAL_GAN_r100_00575,True
timegan_uncond,-1,,,-1,,545.0,1090,1.0,1.0,True,GLOBAL_GAN,train,syn_GLOBAL_GAN_r100_00576,True
timegan_uncond,-1,,,-1,,325.0,650,1.0,1.0,True,GLOBAL_GAN,train,syn_GLOBAL_GAN_r100_00577,True
timegan_uncond,-1,,,-1,,140.0,280,1.0,1.0,True,GLOBAL_GAN,train,syn_GLOBAL_GAN_r100_00578,True
timegan_uncond,-1,,,-1,,335.0,670,1.0,1.0,True,GLOBAL_GAN,train,syn_GLOBAL_GAN_r100_00579,True
timegan_uncond,-1,,,-1,,190.0,380,1.0,1.0,True,GLOBAL_GAN,train,syn_GLOBAL_GAN_r100_00580,True
timegan_uncond,-1,,,-1,,175.0,350,1.0,1.0,True,GLOBAL_GAN,train,syn_GLOBAL_GAN_r100_00581,True
timegan_uncond,-1,,,-1,,1660.0,3320,1.0,1.0,True,GLOBAL_GAN,train,syn_GLOBAL_GAN_r100_00582,True
timegan_uncond,-1,,,-1,,200.0,400,1.0,1.0,True,GLOBAL_GAN,train,syn_GLOBAL_GAN_r100_00583,True
timegan_uncond,-1,,,-1,,175.0,350,1.0,1.0,True,GLOBAL_GAN,train,syn_GLOBAL_GAN_r100_00584,True
timegan_uncond,-1,,,-1,,190.0,380,1.0,1.0,True,GLOBAL_GAN,train,syn_GLOBAL_GAN_r100_00585,True
timegan_uncond,-1,,,-1,,455.0,910,1.0,1.0,True,GLOBAL_GAN,train,syn_GLOBAL_GAN_r100_00586,True
timegan_uncond,-1,,,-1,,120.0,240,1.0,1.0,True,GLOBAL_GAN,train,syn_GLOBAL_GAN_r100_00587,True
timegan_uncond,-1,,,-1,,340.0,680,1.0,1.0,True,GLOBAL_GAN,train,syn_GLOBAL_GAN_r100_00588,True
timegan_uncond,-1,,,-1,,160.0,320,1.0,1.0,True,GLOBAL_GAN,train,syn_GLOBAL_GAN_r100_00589,True
timegan_uncond,-1,,,-1,,600.0,1200,1.0,1.0,True,GLOBAL_GAN,train,syn_GLOBAL_GAN_r100_00590,True
timegan_uncond,-1,,,-1,,245.0,490,1.0,1.0,True,GLOBAL_GAN,train,syn_GLOBAL_GAN_r100_00591,True
timegan_uncond,-1,,,-1,,725.0,1450,1.0,1.0,True,GLOBAL_GAN,train,syn_GLOBAL_GAN_r100_00592,True
timegan_uncond,-1,,,-1,,240.0,480,1.0,1.0,True,GLOBAL_GAN,train,syn_GLOBAL_GAN_r100_00593,True
timegan_uncond,-1,,,-1,,120.0,240,1.0,1.0,True,GLOBAL_GAN,train,syn_GLOBAL_GAN_r100_00594,True
timegan_uncond,-1,,,-1,,340.0,680,1.0,1.0,True,GLOBAL_GAN,train,syn_GLOBAL_GAN_r100_00595,True
timegan_uncond,-1,,,-1,,405.0,810,1.0,1.0,True,GLOBAL_GAN,train,syn_GLOBAL_GAN_r100_00596,True
timegan_uncond,-1,,,-1,,405.0,810,1.0,1.0,True,GLOBAL_GAN,train,syn_GLOBAL_GAN_r100_00597,True
timegan_uncond,-1,,,-1,,135.0,270,1.0,1.0,True,GLOBAL_GAN,train,syn_GLOBAL_GAN_r100_00598,True
timegan_uncond,-1,,,-1,,550.0,1100,1.0,1.0,True,GLOBAL_GAN,train,syn_GLOBAL_GAN_r100_00599,True
timegan_uncond,-1,,,-1,,160.0,320,1.0,1.0,True,GLOBAL_GAN,train,syn_GLOBAL_GAN_r100_00600,True
timegan_uncond,-1,,,-1,,180.0,360,1.0,1.0,True,GLOBAL_GAN,train,syn_GLOBAL_GAN_r100_00601,True
timegan_uncond,-1,,,-1,,195.0,390,1.0,1.0,True,GLOBAL_GAN,train,syn_GLOBAL_GAN_r100_00602,True
timegan_uncond,-1,,,-1,,170.0,340,1.0,1.0,True,GLOBAL_GAN,train,syn_GLOBAL_GAN_r100_00603,True
timegan_uncond,-1,,,-1,,135.0,270,1.0,1.0,True,GLOBAL_GAN,train,syn_GLOBAL_GAN_r100_00604,True
timegan_uncond,-1,,,-1,,230.0,460,1.0,1.0,True,GLOBAL_GAN,train,syn_GLOBAL_GAN_r100_00605,True
timegan_uncond,-1,,,-1,,330.0,660,1.0,1.0,True,GLOBAL_GAN,train,syn_GLOBAL_GAN_r100_00606,True
timegan_uncond,-1,,,-1,,185.0,370,1.0,1.0,True,GLOBAL_GAN,train,syn_GLOBAL_GAN_r100_00607,True
timegan_uncond,-1,,,-1,,610.0,1220,1.0,1.0,True,GLOBAL_GAN,train,syn_GLOBAL_GAN_r100_00608,True
timegan_uncond,-1,,,-1,,120.0,240,1.0,1.0,True,GLOBAL_GAN,train,syn_GLOBAL_GAN_r100_00609,True
timegan_uncond,-1,,,-1,,130.0,260,1.0,1.0,True,GLOBAL_GAN,train,syn_GLOBAL_GAN_r100_00610,True
timegan_uncond,-1,,,-1,,120.0,240,1.0,1.0,True,GLOBAL_GAN,train,syn_GLOBAL_GAN_r100_00611,True
timegan_uncond,-1,,,-1,,245.0,490,1.0,1.0,True,GLOBAL_GAN,train,syn_GLOBAL_GAN_r100_00612,True
timegan_uncond,-1,,,-1,,550.0,1100,1.0,1.0,True,GLOBAL_GAN,train,syn_GLOBAL_GAN_r100_00613,True
timegan_uncond,-1,,,-1,,460.0,920,1.0,1.0,True,GLOBAL_GAN,train,syn_GLOBAL_GAN_r100_00614,True
timegan_uncond,-1,,,-1,,4395.0,8790,1.0,1.0,True,GLOBAL_GAN,train,syn_GLOBAL_GAN_r100_00615,True
timegan_uncond,-1,,,-1,,240.0,480,1.0,1.0,True,GLOBAL_GAN,train,syn_GLOBAL_GAN_r100_00616,True
timegan_uncond,-1,,,-1,,600.0,1200,1.0,1.0,True,GLOBAL_GAN,train,syn_GLOBAL_GAN_r100_00617,True
timegan_uncond,-1,,,-1,,440.0,880,1.0,1.0,True,GLOBAL_GAN,train,syn_GLOBAL_GAN_r100_00618,True
timegan_uncond,-1,,,-1,,230.0,460,1.0,1.0,True,GLOBAL_GAN,train,syn_GLOBAL_GAN_r100_00619,True
timegan_uncond,-1,,,-1,,440.0,880,1.0,1.0,True,GLOBAL_GAN,train,syn_GLOBAL_GAN_r100_00620,True
timegan_uncond,-1,,,-1,,165.0,330,1.0,1.0,True,GLOBAL_GAN,train,syn_GLOBAL_GAN_r100_00621,True
timegan_uncond,-1,,,-1,,800.0,1600,1.0,1.0,True,GLOBAL_GAN,train,syn_GLOBAL_GAN_r100_00622,True
timegan_uncond,-1,,,-1,,130.0,260,1.0,1.0,True,GLOBAL_GAN,train,syn_GLOBAL_GAN_r100_00623,True
timegan_uncond,-1,,,-1,,160.0,320,1.0,1.0,True,GLOBAL_GAN,train,syn_GLOBAL_GAN_r100_00624,True
timegan_uncond,-1,,,-1,,240.0,480,1.0,1.0,True,GLOBAL_GAN,train,syn_GLOBAL_GAN_r100_00625,True
timegan_uncond,-1,,,-1,,120.0,240,1.0,1.0,True,GLOBAL_GAN,train,syn_GLOBAL_GAN_r100_00626,True
timegan_uncond,-1,,,-1,,135.0,270,1.0,1.0,True,GLOBAL_GAN,train,syn_GLOBAL_GAN_r100_00627,True
timegan_uncond,-1,,,-1,,135.0,270,1.0,1.0,True,GLOBAL_GAN,train,syn_GLOBAL_GAN_r100_00628,True
timegan_uncond,-1,,,-1,,210.0,420,1.0,1.0,True,GLOBAL_GAN,train,syn_GLOBAL_GAN_r100_00629,True
timegan_uncond,-1,,,-1,,1895.0,3790,1.0,1.0,True,GLOBAL_GAN,train,syn_GLOBAL_GAN_r100_00630,True
timegan_uncond,-1,,,-1,,550.0,1100,1.0,1.0,True,GLOBAL_GAN,train,syn_GLOBAL_GAN_r100_00631,True
timegan_uncond,-1,,,-1,,410.0,820,1.0,1.0,True,GLOBAL_GAN,train,syn_GLOBAL_GAN_r100_00632,True
timegan_uncond,-1,,,-1,,245.0,490,1.0,1.0,True,GLOBAL_GAN,train,syn_GLOBAL_GAN_r100_00633,True
timegan_uncond,-1,,,-1,,5055.0,10110,1.0,1.0,True,GLOBAL_GAN,train,syn_GLOBAL_GAN_r100_00634,True
timegan_uncond,-1,,,-1,,1050.0,2100,1.0,1.0,True,GLOBAL_GAN,train,syn_GLOBAL_GAN_r100_00635,True
timegan_uncond,-1,,,-1,,360.0,720,1.0,1.0,True,GLOBAL_GAN,train,syn_GLOBAL_GAN_r100_00636,True
timegan_uncond,-1,,,-1,,260.0,520,1.0,1.0,True,GLOBAL_GAN,train,syn_GLOBAL_GAN_r100_00637,True
timegan_uncond,-1,,,-1,,220.0,440,1.0,1.0,True,GLOBAL_GAN,train,syn_GLOBAL_GAN_r100_00638,True
timegan_uncond,-1,,,-1,,225.0,450,1.0,1.0,True,GLOBAL_GAN,train,syn_GLOBAL_GAN_r100_00639,True
timegan_uncond,-1,,,-1,,365.0,730,1.0,1.0,True,GLOBAL_GAN,train,syn_GLOBAL_GAN_r100_00640,True
timegan_uncond,-1,,,-1,,125.0,250,1.0,1.0,True,GLOBAL_GAN,train,syn_GLOBAL_GAN_r100_00641,True
timegan_uncond,-1,,,-1,,225.0,450,1.0,1.0,True,GLOBAL_GAN,train,syn_GLOBAL_GAN_r100_00642,True
timegan_uncond,-1,,,-1,,245.0,490,1.0,1.0,True,GLOBAL_GAN,train,syn_GLOBAL_GAN_r100_00643,True
timegan_uncond,-1,,,-1,,120.0,240,1.0,1.0,True,GLOBAL_GAN,train,syn_GLOBAL_GAN_r100_00644,True
timegan_uncond,-1,,,-1,,685.0,1370,1.0,1.0,True,GLOBAL_GAN,train,syn_GLOBAL_GAN_r100_00645,True
timegan_uncond,-1,,,-1,,235.0,470,1.0,1.0,True,GLOBAL_GAN,train,syn_GLOBAL_GAN_r100_00646,True
timegan_uncond,-1,,,-1,,795.0,1590,1.0,1.0,True,GLOBAL_GAN,train,syn_GLOBAL_GAN_r100_00647,True
timegan_uncond,-1,,,-1,,1230.0,2460,1.0,1.0,True,GLOBAL_GAN,train,syn_GLOBAL_GAN_r100_00648,True
timegan_uncond,-1,,,-1,,120.0,240,1.0,1.0,True,GLOBAL_GAN,train,syn_GLOBAL_GAN_r100_00649,True
timegan_uncond,-1,,,-1,,170.0,340,1.0,1.0,True,GLOBAL_GAN,train,syn_GLOBAL_GAN_r100_00650,True
timegan_uncond,-1,,,-1,,175.0,350,1.0,1.0,True,GLOBAL_GAN,train,syn_GLOBAL_GAN_r100_00651,True
timegan_uncond,-1,,,-1,,260.0,520,1.0,1.0,True,GLOBAL_GAN,train,syn_GLOBAL_GAN_r100_00652,True
timegan_uncond,-1,,,-1,,200.0,400,1.0,1.0,True,GLOBAL_GAN,train,syn_GLOBAL_GAN_r100_00653,True
timegan_uncond,-1,,,-1,,120.0,240,1.0,1.0,True,GLOBAL_GAN,train,syn_GLOBAL_GAN_r100_00654,True
timegan_uncond,-1,,,-1,,545.0,1090,1.0,1.0,True,GLOBAL_GAN,train,syn_GLOBAL_GAN_r100_00655,True
timegan_uncond,-1,,,-1,,325.0,650,1.0,1.0,True,GLOBAL_GAN,train,syn_GLOBAL_GAN_r100_00656,True
timegan_uncond,-1,,,-1,,535.0,1070,1.0,1.0,True,GLOBAL_GAN,train,syn_GLOBAL_GAN_r100_00657,True
timegan_uncond,-1,,,-1,,255.0,510,1.0,1.0,True,GLOBAL_GAN,train,syn_GLOBAL_GAN_r100_00658,True
timegan_uncond,-1,,,-1,,320.0,640,1.0,1.0,True,GLOBAL_GAN,train,syn_GLOBAL_GAN_r100_00659,True
timegan_uncond,-1,,,-1,,725.0,1450,1.0,1.0,True,GLOBAL_GAN,train,syn_GLOBAL_GAN_r100_00660,True
timegan_uncond,-1,,,-1,,335.0,670,1.0,1.0,True,GLOBAL_GAN,train,syn_GLOBAL_GAN_r100_00661,True
timegan_uncond,-1,,,-1,,210.0,420,1.0,1.0,True,GLOBAL_GAN,train,syn_GLOBAL_GAN_r100_00662,True
timegan_uncond,-1,,,-1,,305.0,610,1.0,1.0,True,GLOBAL_GAN,train,syn_GLOBAL_GAN_r100_00663,True
timegan_uncond,-1,,,-1,,170.0,340,1.0,1.0,True,GLOBAL_GAN,train,syn_GLOBAL_GAN_r100_00664,True
timegan_uncond,-1,,,-1,,120.0,240,1.0,1.0,True,GLOBAL_GAN,train,syn_GLOBAL_GAN_r100_00665,True
timegan_uncond,-1,,,-1,,1070.0,2140,1.0,1.0,True,GLOBAL_GAN,train,syn_GLOBAL_GAN_r100_00666,True
timegan_uncond,-1,,,-1,,270.0,540,1.0,1.0,True,GLOBAL_GAN,train,syn_GLOBAL_GAN_r100_00667,True
timegan_uncond,-1,,,-1,,170.0,340,1.0,1.0,True,GLOBAL_GAN,train,syn_GLOBAL_GAN_r100_00668,True
timegan_uncond,-1,,,-1,,155.0,310,1.0,1.0,True,GLOBAL_GAN,train,syn_GLOBAL_GAN_r100_00669,True
timegan_uncond,-1,,,-1,,120.0,240,1.0,1.0,True,GLOBAL_GAN,train,syn_GLOBAL_GAN_r100_00670,True
timegan_uncond,-1,,,-1,,155.0,310,1.0,1.0,True,GLOBAL_GAN,train,syn_GLOBAL_GAN_r100_00671,True
timegan_uncond,-1,,,-1,,600.0,1200,1.0,1.0,True,GLOBAL_GAN,train,syn_GLOBAL_GAN_r100_00672,True
timegan_uncond,-1,,,-1,,300.0,600,1.0,1.0,True,GLOBAL_GAN,train,syn_GLOBAL_GAN_r100_00673,True
timegan_uncond,-1,,,-1,,795.0,1590,1.0,1.0,True,GLOBAL_GAN,train,syn_GLOBAL_GAN_r100_00674,True
timegan_uncond,-1,,,-1,,155.0,310,1.0,1.0,True,GLOBAL_GAN,train,syn_GLOBAL_GAN_r100_00675,True
timegan_uncond,-1,,,-1,,210.0,420,1.0,1.0,True,GLOBAL_GAN,train,syn_GLOBAL_GAN_r100_00676,True
timegan_uncond,-1,,,-1,,120.0,240,1.0,1.0,True,GLOBAL_GAN,train,syn_GLOBAL_GAN_r100_00677,True
timegan_uncond,-1,,,-1,,1550.0,3100,1.0,1.0,True,GLOBAL_GAN,train,syn_GLOBAL_GAN_r100_00678,True
timegan_uncond,-1,,,-1,,205.0,410,1.0,1.0,True,GLOBAL_GAN,train,syn_GLOBAL_GAN_r100_00679,True
timegan_uncond,-1,,,-1,,245.0,490,1.0,1.0,True,GLOBAL_GAN,train,syn_GLOBAL_GAN_r100_00680,True
timegan_uncond,-1,,,-1,,2818.0,5636,1.0,1.0,True,GLOBAL_GAN,train,syn_GLOBAL_GAN_r100_00681,True
timegan_uncond,-1,,,-1,,370.0,740,1.0,1.0,True,GLOBAL_GAN,train,syn_GLOBAL_GAN_r100_00682,True
timegan_uncond,-1,,,-1,,370.0,740,1.0,1.0,True,GLOBAL_GAN,train,syn_GLOBAL_GAN_r100_00683,True
timegan_uncond,-1,,,-1,,550.0,1100,1.0,1.0,True,GLOBAL_GAN,train,syn_GLOBAL_GAN_r100_00684,True
timegan_uncond,-1,,,-1,,300.0,600,1.0,1.0,True,GLOBAL_GAN,train,syn_GLOBAL_GAN_r100_00685,True
timegan_uncond,-1,,,-1,,155.0,310,1.0,1.0,True,GLOBAL_GAN,train,syn_GLOBAL_GAN_r100_00686,True
timegan_uncond,-1,,,-1,,200.0,400,1.0,1.0,True,GLOBAL_GAN,train,syn_GLOBAL_GAN_r100_00687,True
timegan_uncond,-1,,,-1,,185.0,370,1.0,1.0,True,GLOBAL_GAN,train,syn_GLOBAL_GAN_r100_00688,True
timegan_uncond,-1,,,-1,,225.0,450,1.0,1.0,True,GLOBAL_GAN,train,syn_GLOBAL_GAN_r100_00689,True
timegan_uncond,-1,,,-1,,835.0,1670,1.0,1.0,True,GLOBAL_GAN,train,syn_GLOBAL_GAN_r100_00690,True
timegan_uncond,-1,,,-1,,330.0,660,1.0,1.0,True,GLOBAL_GAN,train,syn_GLOBAL_GAN_r100_00691,True
timegan_uncond,-1,,,-1,,205.0,410,1.0,1.0,True,GLOBAL_GAN,train,syn_GLOBAL_GAN_r100_00692,True
timegan_uncond,-1,,,-1,,185.0,370,1.0,1.0,True,GLOBAL_GAN,train,syn_GLOBAL_GAN_r100_00693,True
timegan_uncond,-1,,,-1,,150.0,300,1.0,1.0,True,GLOBAL_GAN,train,syn_GLOBAL_GAN_r100_00694,True
timegan_uncond,-1,,,-1,,240.0,480,1.0,1.0,True,GLOBAL_GAN,train,syn_GLOBAL_GAN_r100_00695,True
timegan_uncond,-1,,,-1,,370.0,740,1.0,1.0,True,GLOBAL_GAN,train,syn_GLOBAL_GAN_r100_00696,True
timegan_uncond,-1,,,-1,,235.0,470,1.0,1.0,True,GLOBAL_GAN,train,syn_GLOBAL_GAN_r100_00697,True
timegan_uncond,-1,,,-1,,550.0,1100,1.0,1.0,True,GLOBAL_GAN,train,syn_GLOBAL_GAN_r100_00698,True
timegan_uncond,-1,,,-1,,965.0,1930,1.0,1.0,True,GLOBAL_GAN,train,syn_GLOBAL_GAN_r100_00699,True
timegan_uncond,-1,,,-1,,165.0,330,1.0,1.0,True,GLOBAL_GAN,train,syn_GLOBAL_GAN_r100_00700,True
timegan_uncond,-1,,,-1,,160.0,320,1.0,1.0,True,GLOBAL_GAN,train,syn_GLOBAL_GAN_r100_00701,True
timegan_uncond,-1,,,-1,,120.0,240,1.0,1.0,True,GLOBAL_GAN,train,syn_GLOBAL_GAN_r100_00702,True
timegan_uncond,-1,,,-1,,135.0,270,1.0,1.0,True,GLOBAL_GAN,train,syn_GLOBAL_GAN_r100_00703,True
timegan_uncond,-1,,,-1,,195.0,390,1.0,1.0,True,GLOBAL_GAN,train,syn_GLOBAL_GAN_r100_00704,True
timegan_uncond,-1,,,-1,,480.0,960,1.0,1.0,True,GLOBAL_GAN,train,syn_GLOBAL_GAN_r100_00705,True
timegan_uncond,-1,,,-1,,2818.0,5636,1.0,1.0,True,GLOBAL_GAN,train,syn_GLOBAL_GAN_r100_00706,True
timegan_uncond,-1,,,-1,,610.0,1220,1.0,1.0,True,GLOBAL_GAN,train,syn_GLOBAL_GAN_r100_00707,True
timegan_uncond,-1,,,-1,,175.0,350,1.0,1.0,True,GLOBAL_GAN,train,syn_GLOBAL_GAN_r100_00708,True
timegan_uncond,-1,,,-1,,1200.0,2400,1.0,1.0,True,GLOBAL_GAN,train,syn_GLOBAL_GAN_r100_00709,True
timegan_uncond,-1,,,-1,,185.0,370,1.0,1.0,True,GLOBAL_GAN,train,syn_GLOBAL_GAN_r100_00710,True
timegan_uncond,-1,,,-1,,150.0,300,1.0,1.0,True,GLOBAL_GAN,train,syn_GLOBAL_GAN_r100_00711,True
timegan_uncond,-1,,,-1,,405.0,810,1.0,1.0,True,GLOBAL_GAN,train,syn_GLOBAL_GAN_r100_00712,True
timegan_uncond,-1,,,-1,,1175.0,2350,1.0,1.0,True,GLOBAL_GAN,train,syn_GLOBAL_GAN_r100_00713,True
timegan_uncond,-1,,,-1,,245.0,490,1.0,1.0,True,GLOBAL_GAN,train,syn_GLOBAL_GAN_r100_00714,True
timegan_uncond,-1,,,-1,,140.0,280,1.0,1.0,True,GLOBAL_GAN,train,syn_GLOBAL_GAN_r100_00715,True
timegan_uncond,-1,,,-1,,1115.0,2230,1.0,1.0,True,GLOBAL_GAN,train,syn_GLOBAL_GAN_r100_00716,True
timegan_uncond,-1,,,-1,,160.0,320,1.0,1.0,True,GLOBAL_GAN,train,syn_GLOBAL_GAN_r100_00717,True
timegan_uncond,-1,,,-1,,125.0,250,1.0,1.0,True,GLOBAL_GAN,train,syn_GLOBAL_GAN_r100_00718,True
timegan_uncond,-1,,,-1,,255.0,510,1.0,1.0,True,GLOBAL_GAN,train,syn_GLOBAL_GAN_r100_00719,True
timegan_uncond,-1,,,-1,,325.0,650,1.0,1.0,True,GLOBAL_GAN,train,syn_GLOBAL_GAN_r100_00720,True
timegan_uncond,-1,,,-1,,450.0,900,1.0,1.0,True,GLOBAL_GAN,train,syn_GLOBAL_GAN_r100_00721,True
timegan_uncond,-1,,,-1,,140.0,280,1.0,1.0,True,GLOBAL_GAN,train,syn_GLOBAL_GAN_r100_00722,True
timegan_uncond,-1,,,-1,,1035.0,2070,1.0,1.0,True,GLOBAL_GAN,train,syn_GLOBAL_GAN_r100_00723,True
timegan_uncond,-1,,,-1,,6930.0,13860,1.0,1.0,True,GLOBAL_GAN,train,syn_GLOBAL_GAN_r100_00724,True
timegan_uncond,-1,,,-1,,685.0,1370,1.0,1.0,True,GLOBAL_GAN,train,syn_GLOBAL_GAN_r100_00725,True
timegan_uncond,-1,,,-1,,135.0,270,1.0,1.0,True,GLOBAL_GAN,train,syn_GLOBAL_GAN_r100_00726,True
timegan_uncond,-1,,,-1,,260.0,520,1.0,1.0,True,GLOBAL_GAN,train,syn_GLOBAL_GAN_r100_00727,True
timegan_uncond,-1,,,-1,,160.0,320,1.0,1.0,True,GLOBAL_GAN,train,syn_GLOBAL_GAN_r100_00728,True
timegan_uncond,-1,,,-1,,345.0,690,1.0,1.0,True,GLOBAL_GAN,train,syn_GLOBAL_GAN_r100_00729,True
timegan_uncond,-1,,,-1,,205.0,410,1.0,1.0,True,GLOBAL_GAN,train,syn_GLOBAL_GAN_r100_00730,True
timegan_uncond,-1,,,-1,,155.0,310,1.0,1.0,True,GLOBAL_GAN,train,syn_GLOBAL_GAN_r100_00731,True
timegan_uncond,-1,,,-1,,265.0,530,1.0,1.0,True,GLOBAL_GAN,train,syn_GLOBAL_GAN_r100_00732,True
timegan_uncond,-1,,,-1,,205.0,410,1.0,1.0,True,GLOBAL_GAN,train,syn_GLOBAL_GAN_r100_00733,True
jitter,0,51_333,,51,,480.0,960,1.0,0.5070422535211268,True,HYBRID_AUG,train,syn_HYBRID_AUG_r100_00000,False
jitter,0,63_676,,63,,535.0,1070,1.0,0.5070422535211268,True,HYBRID_AUG,train,syn_HYBRID_AUG_r100_00001,False
jitter,0,79_1052,,79,,215.0,430,1.0,0.5070422535211268,True,HYBRID_AUG,train,syn_HYBRID_AUG_r100_00002,False
jitter,0,72_914,,72,,135.0,270,1.0,0.5070422535211268,True,HYBRID_AUG,train,syn_HYBRID_AUG_r100_00003,False
jitter,0,51_334,,51,,320.0,640,1.0,0.5070422535211268,True,HYBRID_AUG,train,syn_HYBRID_AUG_r100_00004,False
jitter,0,64_699,,64,,210.0,420,1.0,0.5070422535211268,True,HYBRID_AUG,train,syn_HYBRID_AUG_r100_00005,False
jitter,0,68_837,,68,,405.0,810,1.0,0.5070422535211268,True,HYBRID_AUG,train,syn_HYBRID_AUG_r100_00006,False
jitter,0,73_930,,73,,150.0,300,1.0,0.5070422535211268,True,HYBRID_AUG,train,syn_HYBRID_AUG_r100_00007,False
jitter,0,80_1076,,80,,245.0,490,1.0,0.5070422535211268,True,HYBRID_AUG,train,syn_HYBRID_AUG_r100_00008,False
jitter,0,73_943,,73,,445.0,890,1.0,0.5070422535211268,True,HYBRID_AUG,train,syn_HYBRID_AUG_r100_00009,False
jitter,0,72_915,,72,,445.0,890,1.0,0.5070422535211268,True,HYBRID_AUG,train,syn_HYBRID_AUG_r100_00010,False
jitter,0,46_225,,46,,160.0,320,1.0,0.5070422535211268,True,HYBRID_AUG,train,syn_HYBRID_AUG_r100_00011,False
jitter,0,68_822,,68,,760.0,1520,1.0,0.5070422535211268,True,HYBRID_AUG,train,syn_HYBRID_AUG_r100_00012,False
jitter,0,76_1012,,76,,220.0,440,1.0,0.5070422535211268,True,HYBRID_AUG,train,syn_HYBRID_AUG_r100_00013,False
jitter,0,61_650,,61,,360.0,720,1.0,0.5070422535211268,True,HYBRID_AUG,train,syn_HYBRID_AUG_r100_00014,False
jitter,0,81_1115,,81,,210.0,420,1.0,0.5070422535211268,True,HYBRID_AUG,train,syn_HYBRID_AUG_r100_00015,False
jitter,0,46_224,,46,,455.0,910,1.0,0.5070422535211268,True,HYBRID_AUG,train,syn_HYBRID_AUG_r100_00016,False
jitter,0,68_833,,68,,120.0,240,1.0,0.5070422535211268,True,HYBRID_AUG,train,syn_HYBRID_AUG_r100_00017,False
jitter,0,53_378,,53,,1340.0,2680,1.0,0.5070422535211268,True,HYBRID_AUG,train,syn_HYBRID_AUG_r100_00018,False
jitter,0,53_358,,53,,820.0,1640,1.0,0.5070422535211268,True,HYBRID_AUG,train,syn_HYBRID_AUG_r100_00019,False
jitter,0,60_627,,60,,310.0,620,1.0,0.5070422535211268,True,HYBRID_AUG,train,syn_HYBRID_AUG_r100_00020,False
jitter,0,79_1071,,79,,145.0,290,1.0,0.5070422535211268,True,HYBRID_AUG,train,syn_HYBRID_AUG_r100_00021,False
jitter,0,52_339,,52,,210.0,420,1.0,0.5070422535211268,True,HYBRID_AUG,train,syn_HYBRID_AUG_r100_00022,False
jitter,0,73_931,,73,,410.0,820,1.0,0.5070422535211268,True,HYBRID_AUG,train,syn_HYBRID_AUG_r100_00023,False
jitter,0,51_330,,51,,185.0,370,1.0,0.5070422535211268,True,HYBRID_AUG,train,syn_HYBRID_AUG_r100_00024,False
jitter,0,63_680,,63,,285.0,570,1.0,0.5070422535211268,True,HYBRID_AUG,train,syn_HYBRID_AUG_r100_00025,False
jitter,0,76_1006,,76,,195.0,390,1.0,0.5070422535211268,True,HYBRID_AUG,train,syn_HYBRID_AUG_r100_00026,False
jitter,0,74_972,,74,,325.0,650,1.0,0.5070422535211268,True,HYBRID_AUG,train,syn_HYBRID_AUG_r100_00027,False
jitter,0,60_619,,60,,165.0,330,1.0,0.5070422535211268,True,HYBRID_AUG,train,syn_HYBRID_AUG_r100_00028,False
jitter,0,80_1087,,80,,125.0,250,1.0,0.5070422535211268,True,HYBRID_AUG,train,syn_HYBRID_AUG_r100_00029,False
jitter,0,61_648,,61,,355.0,710,1.0,0.5070422535211268,True,HYBRID_AUG,train,syn_HYBRID_AUG_r100_00030,False
jitter,0,70_878,,70,,120.0,240,1.0,0.5070422535211268,True,HYBRID_AUG,train,syn_HYBRID_AUG_r100_00031,False
jitter,0,79_1040,,79,,160.0,320,1.0,0.5070422535211268,True,HYBRID_AUG,train,syn_HYBRID_AUG_r100_00032,False
jitter,0,47_227,,47,,350.0,700,1.0,0.5070422535211268,True,HYBRID_AUG,train,syn_HYBRID_AUG_r100_00033,False
jitter,0,62_664,,62,,120.0,240,1.0,0.5070422535211268,True,HYBRID_AUG,train,syn_HYBRID_AUG_r100_00034,False
jitter,0,53_371,,53,,370.0,740,1.0,0.5070422535211268,True,HYBRID_AUG,train,syn_HYBRID_AUG_r100_00035,False
jitter,0,73_942,,73,,120.0,240,1.0,0.5070422535211268,True,HYBRID_AUG,train,syn_HYBRID_AUG_r100_00036,False
jitter,0,76_1019,,76,,150.0,300,1.0,0.5070422535211268,True,HYBRID_AUG,train,syn_HYBRID_AUG_r100_00037,False
jitter,0,74_959,,74,,215.0,430,1.0,0.5070422535211268,True,HYBRID_AUG,train,syn_HYBRID_AUG_r100_00038,False
jitter,0,51_332,,51,,320.0,640,1.0,0.5070422535211268,True,HYBRID_AUG,train,syn_HYBRID_AUG_r100_00039,False
jitter,0,55_409,,55,,185.0,370,1.0,0.5070422535211268,True,HYBRID_AUG,train,syn_HYBRID_AUG_r100_00040,False
jitter,0,79_1052,,79,,215.0,430,1.0,0.5070422535211268,True,HYBRID_AUG,train,syn_HYBRID_AUG_r100_00041,False
jitter,0,70_884,,70,,480.0,960,1.0,0.5070422535211268,True,HYBRID_AUG,train,syn_HYBRID_AUG_r100_00042,False
jitter,0,64_699,,64,,210.0,420,1.0,0.5070422535211268,True,HYBRID_AUG,train,syn_HYBRID_AUG_r100_00043,False
jitter,0,53_384,,53,,340.0,680,1.0,0.5070422535211268,True,HYBRID_AUG,train,syn_HYBRID_AUG_r100_00044,False
jitter,0,51_328,,51,,345.0,690,1.0,0.5070422535211268,True,HYBRID_AUG,train,syn_HYBRID_AUG_r100_00045,False
jitter,0,55_409,,55,,185.0,370,1.0,0.5070422535211268,True,HYBRID_AUG,train,syn_HYBRID_AUG_r100_00046,False
jitter,0,53_354,,53,,200.0,400,1.0,0.5070422535211268,True,HYBRID_AUG,train,syn_HYBRID_AUG_r100_00047,False
jitter,0,62_667,,62,,155.0,310,1.0,0.5070422535211268,True,HYBRID_AUG,train,syn_HYBRID_AUG_r100_00048,False
jitter,0,79_1045,,79,,120.0,240,1.0,0.5070422535211268,True,HYBRID_AUG,train,syn_HYBRID_AUG_r100_00049,False
jitter,0,63_679,,63,,620.0,1240,1.0,0.5070422535211268,True,HYBRID_AUG,train,syn_HYBRID_AUG_r100_00050,False
jitter,0,70_883,,70,,175.0,350,1.0,0.5070422535211268,True,HYBRID_AUG,train,syn_HYBRID_AUG_r100_00051,False
jitter,0,80_1095,,80,,170.0,340,1.0,0.5070422535211268,True,HYBRID_AUG,train,syn_HYBRID_AUG_r100_00052,False
jitter,0,79_1062,,79,,170.0,340,1.0,0.5070422535211268,True,HYBRID_AUG,train,syn_HYBRID_AUG_r100_00053,False
jitter,0,80_1086,,80,,745.0,1490,1.0,0.5070422535211268,True,HYBRID_AUG,train,syn_HYBRID_AUG_r100_00054,False
jitter,0,74_956,,74,,310.0,620,1.0,0.5070422535211268,True,HYBRID_AUG,train,syn_HYBRID_AUG_r100_00055,False
jitter,0,66_776,,66,,135.0,270,1.0,0.5070422535211268,True,HYBRID_AUG,train,syn_HYBRID_AUG_r100_00056,False
jitter,0,79_1047,,79,,570.0,1140,1.0,0.5070422535211268,True,HYBRID_AUG,train,syn_HYBRID_AUG_r100_00057,False
jitter,0,62_669,,62,,220.0,440,1.0,0.5070422535211268,True,HYBRID_AUG,train,syn_HYBRID_AUG_r100_00058,False
jitter,0,60_624,,60,,405.0,810,1.0,0.5070422535211268,True,HYBRID_AUG,train,syn_HYBRID_AUG_r100_00059,False
jitter,0,68_831,,68,,240.0,480,1.0,0.5070422535211268,True,HYBRID_AUG,train,syn_HYBRID_AUG_r100_00060,False
jitter,0,52_338,,52,,135.0,270,1.0,0.5070422535211268,True,HYBRID_AUG,train,syn_HYBRID_AUG_r100_00061,False
jitter,0,61_644,,61,,380.0,760,1.0,0.5070422535211268,True,HYBRID_AUG,train,syn_HYBRID_AUG_r100_00062,False
jitter,0,70_879,,70,,305.0,610,1.0,0.5070422535211268,True,HYBRID_AUG,train,syn_HYBRID_AUG_r100_00063,False
jitter,0,68_810,,68,,120.0,240,1.0,0.5070422535211268,True,HYBRID_AUG,train,syn_HYBRID_AUG_r100_00064,False
jitter,0,52_341,,52,,120.0,240,1.0,0.5070422535211268,True,HYBRID_AUG,train,syn_HYBRID_AUG_r100_00065,False
jitter,0,55_408,,55,,230.0,460,1.0,0.5070422535211268,True,HYBRID_AUG,train,syn_HYBRID_AUG_r100_00066,False
jitter,0,53_383,,53,,405.0,810,1.0,0.5070422535211268,True,HYBRID_AUG,train,syn_HYBRID_AUG_r100_00067,False
jitter,0,79_1040,,79,,160.0,320,1.0,0.5070422535211268,True,HYBRID_AUG,train,syn_HYBRID_AUG_r100_00068,False
jitter,0,76_1007,,76,,795.0,1590,1.0,0.5070422535211268,True,HYBRID_AUG,train,syn_HYBRID_AUG_r100_00069,False
jitter,0,53_355,,53,,725.0,1450,1.0,0.5070422535211268,True,HYBRID_AUG,train,syn_HYBRID_AUG_r100_00070,False
jitter,0,68_838,,68,,230.0,460,1.0,0.5070422535211268,True,HYBRID_AUG,train,syn_HYBRID_AUG_r100_00071,False
jitter,0,66_778,,66,,235.0,470,1.0,0.5070422535211268,True,HYBRID_AUG,train,syn_HYBRID_AUG_r100_00072,False
jitter,0,79_1067,,79,,610.0,1220,1.0,0.5070422535211268,True,HYBRID_AUG,train,syn_HYBRID_AUG_r100_00073,False
jitter,0,55_409,,55,,185.0,370,1.0,0.5070422535211268,True,HYBRID_AUG,train,syn_HYBRID_AUG_r100_00074,False
jitter,0,70_867,,70,,175.0,350,1.0,0.5070422535211268,True,HYBRID_AUG,train,syn_HYBRID_AUG_r100_00075,False
jitter,0,53_383,,53,,405.0,810,1.0,0.5070422535211268,True,HYBRID_AUG,train,syn_HYBRID_AUG_r100_00076,False
jitter,0,73_929,,73,,255.0,510,1.0,0.5070422535211268,True,HYBRID_AUG,train,syn_HYBRID_AUG_r100_00077,False
jitter,0,68_813,,68,,325.0,650,1.0,0.5070422535211268,True,HYBRID_AUG,train,syn_HYBRID_AUG_r100_00078,False
jitter,0,66_759,,66,,145.0,290,1.0,0.5070422535211268,True,HYBRID_AUG,train,syn_HYBRID_AUG_r100_00079,False
jitter,0,63_681,,63,,165.0,330,1.0,0.5070422535211268,True,HYBRID_AUG,train,syn_HYBRID_AUG_r100_00080,False
jitter,0,74_957,,74,,235.0,470,1.0,0.5070422535211268,True,HYBRID_AUG,train,syn_HYBRID_AUG_r100_00081,False
jitter,0,79_1068,,79,,160.0,320,1.0,0.5070422535211268,True,HYBRID_AUG,train,syn_HYBRID_AUG_r100_00082,False
jitter,0,61_643,,61,,135.0,270,1.0,0.5070422535211268,True,HYBRID_AUG,train,syn_HYBRID_AUG_r100_00083,False
jitter,0,53_386,,53,,470.0,940,1.0,0.5070422535211268,True,HYBRID_AUG,train,syn_HYBRID_AUG_r100_00084,False
jitter,0,63_682,,63,,180.0,360,1.0,0.5070422535211268,True,HYBRID_AUG,train,syn_HYBRID_AUG_r100_00085,False
jitter,0,73_934,,73,,990.0,1980,1.0,0.5070422535211268,True,HYBRID_AUG,train,syn_HYBRID_AUG_r100_00086,False
jitter,0,81_1115,,81,,210.0,420,1.0,0.5070422535211268,True,HYBRID_AUG,train,syn_HYBRID_AUG_r100_00087,False
jitter,0,66_782,,66,,120.0,240,1.0,0.5070422535211268,True,HYBRID_AUG,train,syn_HYBRID_AUG_r100_00088,False
jitter,0,55_411,,55,,195.0,390,1.0,0.5070422535211268,True,HYBRID_AUG,train,syn_HYBRID_AUG_r100_00089,False
interpolation,0,74_959,52_342,74,0.3304971754550934,322.12046310305595,430,1.0,0.5070422535211268,True,HYBRID_AUG,train,syn_HYBRID_AUG_r100_00090,False
interpolation,0,76_1013,74_956,76,0.2943974435329437,348.27165842056274,880,1.0,0.5070422535211268,True,HYBRID_AUG,train,syn_HYBRID_AUG_r100_00091,False
interpolation,0,76_1020,70_878,76,0.628627359867096,173.43332558870316,410,1.0,0.5070422535211268,True,HYBRID_AUG,train,syn_HYBRID_AUG_r100_00092,False
interpolation,0,53_386,68_838,53,0.42465436458587646,331.91704750061035,940,1.0,0.5070422535211268,True,HYBRID_AUG,train,syn_HYBRID_AUG_r100_00093,False
interpolation,0,80_1084,73_942,80,0.44897186756134033,456.72890067100525,1740,1.0,0.5070422535211268,True,HYBRID_AUG,train,syn_HYBRID_AUG_r100_00094,False
interpolation,0,62_670,81_1113,62,0.4753091633319855,129.5061868429184,280,1.0,0.5070422535211268,True,HYBRID_AUG,train,syn_HYBRID_AUG_r100_00095,False
interpolation,0,63_692,66_772,63,0.5856855511665344,275.8669126033783,270,1.0,0.5070422535211268,True,HYBRID_AUG,train,syn_HYBRID_AUG_r100_00096,False
interpolation,0,55_412,51_329,55,0.41262784600257874,181.8941804766655,540,1.0,0.5070422535211268,True,HYBRID_AUG,train,syn_HYBRID_AUG_r100_00097,False
interpolation,0,74_954,51_334,74,0.5548489689826965,211.80445104837418,250,1.0,0.5070422535211268,True,HYBRID_AUG,train,syn_HYBRID_AUG_r100_00098,False
interpolation,0,74_984,74_978,74,0.6148495078086853,172.2969901561737,360,1.0,0.5070422535211268,True,HYBRID_AUG,train,syn_HYBRID_AUG_r100_00099,False
interpolation,0,80_1081,64_706,80,0.6503919363021851,1067.7849930524826,3090,1.0,0.5070422535211268,True,HYBRID_AUG,train,syn_HYBRID_AUG_r100_00100,False
interpolation,0,73_925,73_927,73,0.531611442565918,178.4194278717041,310,1.0,0.5070422535211268,True,HYBRID_AUG,train,syn_HYBRID_AUG_r100_00101,False
interpolation,0,80_1087,62_670,80,0.6666074395179749,130.00088840723038,250,1.0,0.5070422535211268,True,HYBRID_AUG,train,syn_HYBRID_AUG_r100_00102,False
interpolation,0,64_700,79_1044,64,0.7098525166511536,440.7020679116249,1070,1.0,0.5070422535211268,True,HYBRID_AUG,train,syn_HYBRID_AUG_r100_00103,False
interpolation,0,63_678,64_702,63,0.4974188506603241,204.9999938905239,410,1.0,0.5070422535211268,True,HYBRID_AUG,train,syn_HYBRID_AUG_r100_00104,False
interpolation,0,70_877,53_375,70,0.5934248566627502,2299.565032720566,7250,1.0,0.5070422535211268,True,HYBRID_AUG,train,syn_HYBRID_AUG_r100_00105,False
interpolation,0,78_1028,63_688,78,0.356891393661499,239.24045085906982,710,1.0,0.5070422535211268,True,HYBRID_AUG,train,syn_HYBRID_AUG_r100_00106,False
interpolation,0,70_870,53_354,70,0.2938642203807831,183.83746191859245,290,1.0,0.5070422535211268,True,HYBRID_AUG,train,syn_HYBRID_AUG_r100_00107,False
interpolation,0,68_811,79_1040,68,0.2646709978580475,215.58091431856155,740,1.0,0.5070422535211268,True,HYBRID_AUG,train,syn_HYBRID_AUG_r100_00108,False
interpolation,0,53_361,79_1044,53,0.28853708505630493,469.68337655067444,2220,1.0,0.5070422535211268,True,HYBRID_AUG,train,syn_HYBRID_AUG_r100_00109,False
interpolation,0,76_1017,66_758,76,0.6840437054634094,394.73934441804886,780,1.0,0.5070422535211268,True,HYBRID_AUG,train,syn_HYBRID_AUG_r100_00110,False
interpolation,0,63_675,73_925,63,0.44665196537971497,179.5658627152443,420,1.0,0.5070422535211268,True,HYBRID_AUG,train,syn_HYBRID_AUG_r100_00111,False
interpolation,0,53_357,73_927,53,0.506222128868103,177.15778291225433,300,1.0,0.5070422535211268,True,HYBRID_AUG,train,syn_HYBRID_AUG_r100_00112,False
interpolation,0,51_328,81_1113,51,0.39149364829063416,208.086067289114,690,1.0,0.5070422535211268,True,HYBRID_AUG,train,syn_HYBRID_AUG_r100_00113,False
interpolation,0,53_386,60_622,53,0.28030118346214294,477.1969738602638,940,1.0,0.5070422535211268,True,HYBRID_AUG,train,syn_HYBRID_AUG_r100_00114,False
interpolation,0,62_666,62_669,62,0.3025902211666107,322.8806686401367,1120,1.0,0.5070422535211268,True,HYBRID_AUG,train,syn_HYBRID_AUG_r100_00115,False
interpolation,0,68_829,61_653,68,0.540963888168335,125.0,250,1.0,0.5070422535211268,True,HYBRID_AUG,train,syn_HYBRID_AUG_r100_00116,False
interpolation,0,73_926,53_354,73,0.5002624988555908,462.6378118991852,1450,1.0,0.5070422535211268,True,HYBRID_AUG,train,syn_HYBRID_AUG_r100_00117,False
interpolation,0,60_627,60_618,60,0.492297887802124,317.61553168296814,620,1.0,0.5070422535211268,True,HYBRID_AUG,train,syn_HYBRID_AUG_r100_00118,False
interpolation,0,60_632,76_1016,60,0.5165019035339355,248.4570336341858,260,1.0,0.5070422535211268,True,HYBRID_AUG,train,syn_HYBRID_AUG_r100_00119,False
interpolation,0,60_625,74_968,60,0.660319983959198,205.47600120306015,360,1.0,0.5070422535211268,True,HYBRID_AUG,train,syn_HYBRID_AUG_r100_00120,False
interpolation,0,76_1020,74_960,76,0.5241647958755493,235.9292882680893,410,1.0,0.5070422535211268,True,HYBRID_AUG,train,syn_HYBRID_AUG_r100_00121,False
interpolation,0,68_821,66_757,68,0.29193276166915894,255.83865523338318,540,1.0,0.5070422535211268,True,HYBRID_AUG,train,syn_HYBRID_AUG_r100_00122,False
interpolation,0,70_879,53_372,70,0.3131866455078125,177.9395294189453,610,1.0,0.5070422535211268,True,HYBRID_AUG,train,syn_HYBRID_AUG_r100_00123,False
interpolation,0,52_344,66_782,52,0.44193196296691895,199.5477533340454,600,1.0,0.5070422535211268,True,HYBRID_AUG,train,syn_HYBRID_AUG_r100_00124,False
interpolation,0,72_916,55_422,72,0.5257612466812134,245.68206733465195,360,1.0,0.5070422535211268,True,HYBRID_AUG,train,syn_HYBRID_AUG_r100_00125,False
interpolation,0,73_943,73_937,73,0.26608806848526,283.5393750667572,890,1.0,0.5070422535211268,True,HYBRID_AUG,train,syn_HYBRID_AUG_r100_00126,False
interpolation,0,79_1067,63_691,79,0.5923887491226196,446.95549964904785,1220,1.0,0.5070422535211268,True,HYBRID_AUG,train,syn_HYBRID_AUG_r100_00127,False
interpolation,0,62_673,81_1116,62,0.3438802659511566,178.43879744410515,370,1.0,0.5070422535211268,True,HYBRID_AUG,train,syn_HYBRID_AUG_r100_00128,False
interpolation,0,74_963,73_951,74,0.602246105670929,232.21338003873825,540,1.0,0.5070422535211268,True,HYBRID_AUG,train,syn_HYBRID_AUG_r100_00129,False
interpolation,0,70_878,53_367,70,0.271028608083725,149.15885090827942,240,1.0,0.5070422535211268,True,HYBRID_AUG,train,syn_HYBRID_AUG_r100_00130,False
interpolation,0,79_1051,81_1116,79,0.28751641511917114,183.62549245357513,410,1.0,0.5070422535211268,True,HYBRID_AUG,train,syn_HYBRID_AUG_r100_00131,False
interpolation,0,73_925,11_42,73,0.34086504578590393,184.6610789000988,310,1.0,0.5070422535211268,True,HYBRID_AUG,train,syn_HYBRID_AUG_r100_00132,False
interpolation,0,68_826,74_971,68,0.6774547100067139,261.4454257488251,410,1.0,0.5070422535211268,True,HYBRID_AUG,train,syn_HYBRID_AUG_r100_00133,False
interpolation,0,80_1097,62_667,80,0.5870880484580994,231.32144629955292,570,1.0,0.5070422535211268,True,HYBRID_AUG,train,syn_HYBRID_AUG_r100_00134,False
interpolation,0,53_376,66_772,53,0.6946983933448792,513.2084116339684,1060,1.0,0.5070422535211268,True,HYBRID_AUG,train,syn_HYBRID_AUG_r100_00135,False
interpolation,0,63_692,70_868,63,0.614010214805603,169.73908066749573,270,1.0,0.5070422535211268,True,HYBRID_AUG,train,syn_HYBRID_AUG_r100_00136,False
interpolation,0,53_357,68_829,53,0.5349491238594055,138.37372809648514,300,1.0,0.5070422535211268,True,HYBRID_AUG,train,syn_HYBRID_AUG_r100_00137,False
interpolation,0,76_1020,63_691,76,0.25268101692199707,208.73659491539001,410,1.0,0.5070422535211268,True,HYBRID_AUG,train,syn_HYBRID_AUG_r100_00138,False
interpolation,0,60_634,61_638,60,0.6756516695022583,229.93083602190018,503,1.0,0.5070422535211268,True,HYBRID_AUG,train,syn_HYBRID_AUG_r100_00139,False
interpolation,0,74_955,53_382,74,0.3739593029022217,206.8697965145111,420,1.0,0.5070422535211268,True,HYBRID_AUG,train,syn_HYBRID_AUG_r100_00140,False
interpolation,0,64_706,81_1112,64,0.6507114171981812,176.5071141719818,360,1.0,0.5070422535211268,True,HYBRID_AUG,train,syn_HYBRID_AUG_r100_00141,False
interpolation,0,80_1092,79_1054,80,0.71213698387146,210.6016445159912,260,1.0,0.5070422535211268,True,HYBRID_AUG,train,syn_HYBRID_AUG_r100_00142,False
interpolation,0,53_346,79_1065,53,0.6450313925743103,170.49686074256897,270,1.0,0.5070422535211268,True,HYBRID_AUG,train,syn_HYBRID_AUG_r100_00143,False
interpolation,0,47_230,80_1099,47,0.30605125427246094,127.85764122009277,246,1.0,0.5070422535211268,True,HYBRID_AUG,train,syn_HYBRID_AUG_r100_00144,False
interpolation,0,53_348,68_826,53,0.6114797592163086,153.02422046661377,240,1.0,0.5070422535211268,True,HYBRID_AUG,train,syn_HYBRID_AUG_r100_00145,False
interpolation,0,76_1006,52_345,76,0.6376970410346985,254.05538231134415,390,1.0,0.5070422535211268,True,HYBRID_AUG,train,syn_HYBRID_AUG_r100_00146,False
interpolation,0,74_957,74_978,74,0.42941805720329285,192.20634952187538,470,1.0,0.5070422535211268,True,HYBRID_AUG,train,syn_HYBRID_AUG_r100_00147,False
interpolation,0,62_660,53_354,62,0.41901376843452454,348.7498937547207,1110,1.0,0.5070422535211268,True,HYBRID_AUG,train,syn_HYBRID_AUG_r100_00148,False
interpolation,0,51_334,81_1116,51,0.6326048374176025,266.72770142555237,640,1.0,0.5070422535211268,True,HYBRID_AUG,train,syn_HYBRID_AUG_r100_00149,False
interpolation,0,61_637,66_791,61,0.28772464394569397,426.2784194946289,240,1.0,0.5070422535211268,True,HYBRID_AUG,train,syn_HYBRID_AUG_r100_00150,False
interpolation,0,60_634,73_945,60,0.4347924590110779,211.08766081929207,503,1.0,0.5070422535211268,True,HYBRID_AUG,train,syn_HYBRID_AUG_r100_00151,False
interpolation,0,64_700,63_676,64,0.6133413910865784,535.0,1070,1.0,0.5070422535211268,True,HYBRID_AUG,train,syn_HYBRID_AUG_r100_00152,False
interpolation,0,80_1083,80_1085,80,0.4871884882450104,311.54089719057083,900,1.0,0.5070422535211268,True,HYBRID_AUG,train,syn_HYBRID_AUG_r100_00153,False
interpolation,0,62_672,80_1082,62,0.6250155568122864,176.25140011310577,420,1.0,0.5070422535211268,True,HYBRID_AUG,train,syn_HYBRID_AUG_r100_00154,False
interpolation,0,55_413,78_1033,55,0.4257209897041321,367.183937728405,430,1.0,0.5070422535211268,True,HYBRID_AUG,train,syn_HYBRID_AUG_r100_00155,False
interpolation,0,79_1062,80_1090,79,0.6775698065757751,223.2009819149971,340,1.0,0.5070422535211268,True,HYBRID_AUG,train,syn_HYBRID_AUG_r100_00156,False
interpolation,0,68_821,51_328,68,0.5114301443099976,306.6427391767502,540,1.0,0.5070422535211268,True,HYBRID_AUG,train,syn_HYBRID_AUG_r100_00157,False
interpolation,0,55_408,73_951,55,0.6618044376373291,211.3992440700531,460,1.0,0.5070422535211268,True,HYBRID_AUG,train,syn_HYBRID_AUG_r100_00158,False
interpolation,0,52_342,74_970,52,0.6959362626075745,517.90995657444,750,1.0,0.5070422535211268,True,HYBRID_AUG,train,syn_HYBRID_AUG_r100_00159,False
interpolation,0,61_635,74_968,61,0.6365113258361816,318.65113258361816,710,1.0,0.5070422535211268,True,HYBRID_AUG,train,syn_HYBRID_AUG_r100_00160,False
interpolation,0,46_225,55_422,46,0.39874282479286194,255.29927176237106,320,1.0,0.5070422535211268,True,HYBRID_AUG,train,syn_HYBRID_AUG_r100_00161,False
interpolation,0,66_760,70_873,66,0.44917696714401245,190.72119385004044,420,1.0,0.5070422535211268,True,HYBRID_AUG,train,syn_HYBRID_AUG_r100_00162,False
interpolation,0,55_408,51_330,55,0.3580743670463562,201.11334651708603,460,1.0,0.5070422535211268,True,HYBRID_AUG,train,syn_HYBRID_AUG_r100_00163,False
interpolation,0,53_353,78_1031,53,0.5360345840454102,339.526743888855,860,1.0,0.5070422535211268,True,HYBRID_AUG,train,syn_HYBRID_AUG_r100_00164,False
interpolation,0,74_972,53_349,74,0.304445743560791,352.82217025756836,650,1.0,0.5070422535211268,True,HYBRID_AUG,train,syn_HYBRID_AUG_r100_00165,False
interpolation,0,51_337,79_1073,51,0.7075821161270142,423.9460354447365,971,1.0,0.5070422535211268,True,HYBRID_AUG,train,syn_HYBRID_AUG_r100_00166,False
interpolation,0,68_810,63_676,68,0.6152379512786865,279.6762502193451,240,1.0,0.5070422535211268,True,HYBRID_AUG,train,syn_HYBRID_AUG_r100_00167,False
interpolation,0,79_1057,80_1102,79,0.40846604108810425,279.86252903938293,820,1.0,0.5070422535211268,True,HYBRID_AUG,train,syn_HYBRID_AUG_r100_00168,False
interpolation,0,61_644,76_1011,61,0.4022049903869629,344.1322994232178,760,1.0,0.5070422535211268,True,HYBRID_AUG,train,syn_HYBRID_AUG_r100_00169,False
interpolation,0,64_706,79_1062,64,0.4341721534729004,174.341721534729,360,1.0,0.5070422535211268,True,HYBRID_AUG,train,syn_HYBRID_AUG_r100_00170,False
interpolation,0,79_1058,80_1097,79,0.345479279756546,231.45072013139725,260,1.0,0.5070422535211268,True,HYBRID_AUG,train,syn_HYBRID_AUG_r100_00171,False
interpolation,0,63_680,81_1113,63,0.7114437818527222,237.38822400569916,570,1.0,0.5070422535211268,True,HYBRID_AUG,train,syn_HYBRID_AUG_r100_00172,False
interpolation,0,55_415,66_778,55,0.26380279660224915,323.3739438652992,1140,1.0,0.5070422535211268,True,HYBRID_AUG,train,syn_HYBRID_AUG_r100_00173,False
interpolation,0,78_1028,79_1042,78,0.6839420199394226,283.8869544863701,710,1.0,0.5070422535211268,True,HYBRID_AUG,train,syn_HYBRID_AUG_r100_00174,False
interpolation,0,76_1015,74_981,76,0.2703039348125458,181.75759315490723,400,1.0,0.5070422535211268,True,HYBRID_AUG,train,syn_HYBRID_AUG_r100_00175,False
interpolation,0,74_983,79_1058,74,0.6154590249061584,145.38647562265396,310,1.0,0.5070422535211268,True,HYBRID_AUG,train,syn_HYBRID_AUG_r100_00176,False
interpolation,0,66_762,52_340,66,0.7105870246887207,633.8579821586609,1670,1.0,0.5070422535211268,True,HYBRID_AUG,train,syn_HYBRID_AUG_r100_00177,False
interpolation,0,46_226,46_223,46,0.5245214700698853,231.98266923427582,250,1.0,0.5070422535211268,True,HYBRID_AUG,train,syn_HYBRID_AUG_r100_00178,False
interpolation,0,73_949,47_229,73,0.48152416944503784,145.55427491664886,260,1.0,0.5070422535211268,True,HYBRID_AUG,train,syn_HYBRID_AUG_r100_00179,False
jitter,1,57_514,,57,,160.0,320,1.0,0.49076517150395776,True,HYBRID_AUG,train,syn_HYBRID_AUG_r100_00180,False
jitter,1,42_174,,42,,600.0,1200,1.0,0.49076517150395776,True,HYBRID_AUG,train,syn_HYBRID_AUG_r100_00181,False
jitter,1,48_231,,48,,225.0,450,1.0,0.49076517150395776,True,HYBRID_AUG,train,syn_HYBRID_AUG_r100_00182,False
jitter,1,79_1060,,79,,935.0,1870,1.0,0.49076517150395776,True,HYBRID_AUG,train,syn_HYBRID_AUG_r100_00183,False
jitter,1,32_132,,32,,1160.0,2320,1.0,0.49076517150395776,True,HYBRID_AUG,train,syn_HYBRID_AUG_r100_00184,False
jitter,1,68_820,,68,,130.0,260,1.0,0.49076517150395776,True,HYBRID_AUG,train,syn_HYBRID_AUG_r100_00185,False
jitter,1,10_40,,10,,290.0,580,1.0,0.49076517150395776,True,HYBRID_AUG,train,syn_HYBRID_AUG_r100_00186,False
jitter,1,50_318,,50,,290.0,580,1.0,0.49076517150395776,True,HYBRID_AUG,train,syn_HYBRID_AUG_r100_00187,False
jitter,1,49_296,,49,,290.0,580,1.0,0.49076517150395776,True,HYBRID_AUG,train,syn_HYBRID_AUG_r100_00188,False
jitter,1,66_786,,66,,160.0,320,1.0,0.49076517150395776,True,HYBRID_AUG,train,syn_HYBRID_AUG_r100_00189,False
jitter,1,48_251,,48,,315.0,630,1.0,0.49076517150395776,True,HYBRID_AUG,train,syn_HYBRID_AUG_r100_00190,False
jitter,1,41_157,,41,,490.0,980,1.0,0.49076517150395776,True,HYBRID_AUG,train,syn_HYBRID_AUG_r100_00191,False
jitter,1,66_775,,66,,365.0,730,1.0,0.49076517150395776,True,HYBRID_AUG,train,syn_HYBRID_AUG_r100_00192,False
jitter,1,72_911,,72,,195.0,390,1.0,0.49076517150395776,True,HYBRID_AUG,train,syn_HYBRID_AUG_r100_00193,False
jitter,1,81_1114,,81,,170.0,340,1.0,0.49076517150395776,True,HYBRID_AUG,train,syn_HYBRID_AUG_r100_00194,False
jitter,1,48_235,,48,,235.0,470,1.0,0.49076517150395776,True,HYBRID_AUG,train,syn_HYBRID_AUG_r100_00195,False
jitter,1,72_911,,72,,195.0,390,1.0,0.49076517150395776,True,HYBRID_AUG,train,syn_HYBRID_AUG_r100_00196,False
jitter,1,48_276,,48,,175.0,350,1.0,0.49076517150395776,True,HYBRID_AUG,train,syn_HYBRID_AUG_r100_00197,False
jitter,1,49_286,,49,,135.0,270,1.0,0.49076517150395776,True,HYBRID_AUG,train,syn_HYBRID_AUG_r100_00198,False
jitter,1,4_8,,4,,2610.0,5220,1.0,0.49076517150395776,True,HYBRID_AUG,train,syn_HYBRID_AUG_r100_00199,False
jitter,1,41_167,,41,,1070.0,2140,1.0,0.49076517150395776,True,HYBRID_AUG,train,syn_HYBRID_AUG_r100_00200,False
jitter,1,66_774,,66,,145.0,290,1.0,0.49076517150395776,True,HYBRID_AUG,train,syn_HYBRID_AUG_r100_00201,False
jitter,1,68_816,,68,,125.0,250,1.0,0.49076517150395776,True,HYBRID_AUG,train,syn_HYBRID_AUG_r100_00202,False
jitter,1,63_690,,63,,140.0,280,1.0,0.49076517150395776,True,HYBRID_AUG,train,syn_HYBRID_AUG_r100_00203,False
jitter,1,31_123,,31,,1850.0,3700,1.0,0.49076517150395776,True,HYBRID_AUG,train,syn_HYBRID_AUG_r100_00204,False
jitter,1,50_317,,50,,160.0,320,1.0,0.49076517150395776,True,HYBRID_AUG,train,syn_HYBRID_AUG_r100_00205,False
jitter,1,29_105,,29,,275.0,550,1.0,0.49076517150395776,True,HYBRID_AUG,train,syn_HYBRID_AUG_r100_00206,False
jitter,1,48_234,,48,,245.0,490,1.0,0.49076517150395776,True,HYBRID_AUG,train,syn_HYBRID_AUG_r100_00207,False
jitter,1,41_158,,41,,380.0,760,1.0,0.49076517150395776,True,HYBRID_AUG,train,syn_HYBRID_AUG_r100_00208,False
jitter,1,48_273,,48,,330.0,660,1.0,0.49076517150395776,True,HYBRID_AUG,train,syn_HYBRID_AUG_r100_00209,False
jitter,1,36_141,,36,,1340.0,2680,1.0,0.49076517150395776,True,HYBRID_AUG,train,syn_HYBRID_AUG_r100_00210,False
jitter,1,49_297,,49,,170.0,340,1.0,0.49076517150395776,True,HYBRID_AUG,train,syn_HYBRID_AUG_r100_00211,False
jitter,1,57_496,,57,,320.0,640,1.0,0.49076517150395776,True,HYBRID_AUG,train,syn_HYBRID_AUG_r100_00212,False
jitter,1,79_1050,,79,,245.0,490,1.0,0.49076517150395776,True,HYBRID_AUG,train,syn_HYBRID_AUG_r100_00213,False
jitter,1,57_506,,57,,295.0,590,1.0,0.49076517150395776,True,HYBRID_AUG,train,syn_HYBRID_AUG_r100_00214,False
jitter,1,57_507,,57,,190.0,380,1.0,0.49076517150395776,True,HYBRID_AUG,train,syn_HYBRID_AUG_r100_00215,False
jitter,1,50_303,,50,,145.0,290,1.0,0.49076517150395776,True,HYBRID_AUG,train,syn_HYBRID_AUG_r100_00216,False
jitter,1,76_1018,,76,,1100.0,2200,1.0,0.49076517150395776,True,HYBRID_AUG,train,syn_HYBRID_AUG_r100_00217,False
jitter,1,48_247,,48,,325.0,650,1.0,0.49076517150395776,True,HYBRID_AUG,train,syn_HYBRID_AUG_r100_00218,False
jitter,1,5_13,,5,,4274.0,8548,1.0,0.49076517150395776,True,HYBRID_AUG,train,syn_HYBRID_AUG_r100_00219,False
jitter,1,16_53,,16,,6930.0,13860,1.0,0.49076517150395776,True,HYBRID_AUG,train,syn_HYBRID_AUG_r100_00220,False
jitter,1,42_169,,42,,635.0,1270,1.0,0.49076517150395776,True,HYBRID_AUG,train,syn_HYBRID_AUG_r100_00221,False
jitter,1,48_236,,48,,245.0,490,1.0,0.49076517150395776,True,HYBRID_AUG,train,syn_HYBRID_AUG_r100_00222,False
jitter,1,36_139,,36,,1130.0,2260,1.0,0.49076517150395776,True,HYBRID_AUG,train,syn_HYBRID_AUG_r100_00223,False
jitter,1,80_1096,,80,,140.0,280,1.0,0.49076517150395776,True,HYBRID_AUG,train,syn_HYBRID_AUG_r100_00224,False
jitter,1,50_303,,50,,145.0,290,1.0,0.49076517150395776,True,HYBRID_AUG,train,syn_HYBRID_AUG_r100_00225,False
jitter,1,50_307,,50,,340.0,680,1.0,0.49076517150395776,True,HYBRID_AUG,train,syn_HYBRID_AUG_r100_00226,False
jitter,1,57_507,,57,,190.0,380,1.0,0.49076517150395776,True,HYBRID_AUG,train,syn_HYBRID_AUG_r100_00227,False
jitter,1,48_252,,48,,150.0,300,1.0,0.49076517150395776,True,HYBRID_AUG,train,syn_HYBRID_AUG_r100_00228,False
jitter,1,32_128,,32,,600.0,1200,1.0,0.49076517150395776,True,HYBRID_AUG,train,syn_HYBRID_AUG_r100_00229,False
jitter,1,48_242,,48,,265.0,530,1.0,0.49076517150395776,True,HYBRID_AUG,train,syn_HYBRID_AUG_r100_00230,False
jitter,1,13_47,,13,,9610.0,19220,1.0,0.49076517150395776,True,HYBRID_AUG,train,syn_HYBRID_AUG_r100_00231,False
jitter,1,57_499,,57,,305.0,610,1.0,0.49076517150395776,True,HYBRID_AUG,train,syn_HYBRID_AUG_r100_00232,False
jitter,1,42_171,,42,,125.0,250,1.0,0.49076517150395776,True,HYBRID_AUG,train,syn_HYBRID_AUG_r100_00233,False
jitter,1,79_1039,,79,,175.0,350,1.0,0.49076517150395776,True,HYBRID_AUG,train,syn_HYBRID_AUG_r100_00234,False
jitter,1,70_875,,70,,290.0,580,1.0,0.49076517150395776,True,HYBRID_AUG,train,syn_HYBRID_AUG_r100_00235,False
jitter,1,36_151,,36,,249.5,499,1.0,0.49076517150395776,True,HYBRID_AUG,train,syn_HYBRID_AUG_r100_00236,False
jitter,1,41_166,,41,,740.0,1480,1.0,0.49076517150395776,True,HYBRID_AUG,train,syn_HYBRID_AUG_r100_00237,False
jitter,1,48_231,,48,,225.0,450,1.0,0.49076517150395776,True,HYBRID_AUG,train,syn_HYBRID_AUG_r100_00238,False
jitter,1,27_96,,27,,1325.0,2650,1.0,0.49076517150395776,True,HYBRID_AUG,train,syn_HYBRID_AUG_r100_00239,False
jitter,1,68_816,,68,,125.0,250,1.0,0.49076517150395776,True,HYBRID_AUG,train,syn_HYBRID_AUG_r100_00240,False
jitter,1,4_11,,4,,3542.0,7084,1.0,0.49076517150395776,True,HYBRID_AUG,train,syn_HYBRID_AUG_r100_00241,False
jitter,1,41_157,,41,,490.0,980,1.0,0.49076517150395776,True,HYBRID_AUG,train,syn_HYBRID_AUG_r100_00242,False
jitter,1,51_331,,51,,150.0,300,1.0,0.49076517150395776,True,HYBRID_AUG,train,syn_HYBRID_AUG_r100_00243,False
jitter,1,41_164,,41,,470.0,940,1.0,0.49076517150395776,True,HYBRID_AUG,train,syn_HYBRID_AUG_r100_00244,False
jitter,1,32_137,,32,,730.0,1460,1.0,0.49076517150395776,True,HYBRID_AUG,train,syn_HYBRID_AUG_r100_00245,False
jitter,1,49_285,,49,,340.0,680,1.0,0.49076517150395776,True,HYBRID_AUG,train,syn_HYBRID_AUG_r100_00246,False
jitter,1,73_950,,73,,125.0,250,1.0,0.49076517150395776,True,HYBRID_AUG,train,syn_HYBRID_AUG_r100_00247,False
jitter,1,41_163,,41,,1700.0,3400,1.0,0.49076517150395776,True,HYBRID_AUG,train,syn_HYBRID_AUG_r100_00248,False
jitter,1,30_119,,30,,1660.0,3320,1.0,0.49076517150395776,True,HYBRID_AUG,train,syn_HYBRID_AUG_r100_00249,False
jitter,1,64_707,,64,,415.0,830,1.0,0.49076517150395776,True,HYBRID_AUG,train,syn_HYBRID_AUG_r100_00250,False
jitter,1,81_1114,,81,,170.0,340,1.0,0.49076517150395776,True,HYBRID_AUG,train,syn_HYBRID_AUG_r100_00251,False
jitter,1,27_94,,27,,405.0,810,1.0,0.49076517150395776,True,HYBRID_AUG,train,syn_HYBRID_AUG_r100_00252,False
jitter,1,32_129,,32,,710.0,1420,1.0,0.49076517150395776,True,HYBRID_AUG,train,syn_HYBRID_AUG_r100_00253,False
jitter,1,57_521,,57,,135.0,270,1.0,0.49076517150395776,True,HYBRID_AUG,train,syn_HYBRID_AUG_r100_00254,False
jitter,1,48_259,,48,,170.0,340,1.0,0.49076517150395776,True,HYBRID_AUG,train,syn_HYBRID_AUG_r100_00255,False
jitter,1,36_142,,36,,370.0,740,1.0,0.49076517150395776,True,HYBRID_AUG,train,syn_HYBRID_AUG_r100_00256,False
jitter,1,79_1043,,79,,170.0,340,1.0,0.49076517150395776,True,HYBRID_AUG,train,syn_HYBRID_AUG_r100_00257,False
jitter,1,62_662,,62,,170.0,340,1.0,0.49076517150395776,True,HYBRID_AUG,train,syn_HYBRID_AUG_r100_00258,False
jitter,1,61_640,,61,,260.0,520,1.0,0.49076517150395776,True,HYBRID_AUG,train,syn_HYBRID_AUG_r100_00259,False
jitter,1,48_270,,48,,225.0,450,1.0,0.49076517150395776,True,HYBRID_AUG,train,syn_HYBRID_AUG_r100_00260,False
jitter,1,66_774,,66,,145.0,290,1.0,0.49076517150395776,True,HYBRID_AUG,train,syn_HYBRID_AUG_r100_00261,False
jitter,1,29_112,,29,,910.0,1820,1.0,0.49076517150395776,True,HYBRID_AUG,train,syn_HYBRID_AUG_r100_00262,False
jitter,1,73_936,,73,,120.0,240,1.0,0.49076517150395776,True,HYBRID_AUG,train,syn_HYBRID_AUG_r100_00263,False
jitter,1,41_164,,41,,470.0,940,1.0,0.49076517150395776,True,HYBRID_AUG,train,syn_HYBRID_AUG_r100_00264,False
jitter,1,57_499,,57,,305.0,610,1.0,0.49076517150395776,True,HYBRID_AUG,train,syn_HYBRID_AUG_r100_00265,False
jitter,1,48_249,,48,,245.0,490,1.0,0.49076517150395776,True,HYBRID_AUG,train,syn_HYBRID_AUG_r100_00266,False
jitter,1,13_48,,13,,8343.0,16686,1.0,0.49076517150395776,True,HYBRID_AUG,train,syn_HYBRID_AUG_r100_00267,False
jitter,1,60_620,,60,,120.0,240,1.0,0.49076517150395776,True,HYBRID_AUG,train,syn_HYBRID_AUG_r100_00268,False
jitter,1,57_514,,57,,160.0,320,1.0,0.49076517150395776,True,HYBRID_AUG,train,syn_HYBRID_AUG_r100_00269,False
jitter,1,57_506,,57,,295.0,590,1.0,0.49076517150395776,True,HYBRID_AUG,train,syn_HYBRID_AUG_r100_00270,False
jitter,1,48_237,,48,,190.0,380,1.0,0.49076517150395776,True,HYBRID_AUG,train,syn_HYBRID_AUG_r100_00271,False
jitter,1,36_140,,36,,395.0,790,1.0,0.49076517150395776,True,HYBRID_AUG,train,syn_HYBRID_AUG_r100_00272,False
interpolation,1,57_513,72_923,57,0.27867236733436584,313.6871598660946,750,1.0,0.49076517150395776,True,HYBRID_AUG,train,syn_HYBRID_AUG_r100_00273,False
interpolation,1,31_123,29_103,31,0.7113949656486511,1532.5344622135162,3700,1.0,0.49076517150395776,True,HYBRID_AUG,train,syn_HYBRID_AUG_r100_00274,False
interpolation,1,32_131,23_82,32,0.658883810043335,1801.3422811031342,2550,1.0,0.49076517150395776,True,HYBRID_AUG,train,syn_HYBRID_AUG_r100_00275,False
interpolation,1,80_1096,81_1114,80,0.6777397394180298,149.6678078174591,280,1.0,0.49076517150395776,True,HYBRID_AUG,train,syn_HYBRID_AUG_r100_00276,False
interpolation,1,41_153,48_267,41,0.7019044756889343,308.45707416534424,760,1.0,0.49076517150395776,True,HYBRID_AUG,train,syn_HYBRID_AUG_r100_00277,False
interpolation,1,10_39,10_40,10,0.4914878308773041,255.59584319591522,440,1.0,0.49076517150395776,True,HYBRID_AUG,train,syn_HYBRID_AUG_r100_00278,False
interpolation,1,15_51,27_94,15,0.4846966564655304,2658.839464634657,10110,1.0,0.49076517150395776,True,HYBRID_AUG,train,syn_HYBRID_AUG_r100_00279,False
interpolation,1,10_41,16_54,10,0.31421175599098206,3688.0162576138973,8666,1.0,0.49076517150395776,True,HYBRID_AUG,train,syn_HYBRID_AUG_r100_00280,False
interpolation,1,36_142,36_140,36,0.33698368072509766,386.57540798187256,740,1.0,0.49076517150395776,True,HYBRID_AUG,train,syn_HYBRID_AUG_r100_00281,False
interpolation,1,41_167,76_1023,41,0.44888225197792053,1081.022387444973,2140,1.0,0.49076517150395776,True,HYBRID_AUG,train,syn_HYBRID_AUG_r100_00282,False
interpolation,1,10_31,10_32,10,0.6915335059165955,232.16694563627243,270,1.0,0.49076517150395776,True,HYBRID_AUG,train,syn_HYBRID_AUG_r100_00283,False
interpolation,1,61_647,79_1060,61,0.5327407717704773,1417.130398452282,3680,1.0,0.49076517150395776,True,HYBRID_AUG,train,syn_HYBRID_AUG_r100_00284,False
interpolation,1,63_687,57_510,63,0.6220571994781494,291.5365779399872,670,1.0,0.49076517150395776,True,HYBRID_AUG,train,syn_HYBRID_AUG_r100_00285,False
interpolation,1,66_789,66_787,66,0.7341099381446838,172.02329814434052,360,1.0,0.49076517150395776,True,HYBRID_AUG,train,syn_HYBRID_AUG_r100_00286,False
interpolation,1,50_322,79_1043,50,0.2711435556411743,176.77858889102936,390,1.0,0.49076517150395776,True,HYBRID_AUG,train,syn_HYBRID_AUG_r100_00287,False
interpolation,1,66_783,66_781,66,0.6755426526069641,278.269182741642,430,1.0,0.49076517150395776,True,HYBRID_AUG,train,syn_HYBRID_AUG_r100_00288,False
interpolation,1,48_241,57_500,48,0.7156044840812683,221.32966369390488,400,1.0,0.49076517150395776,True,HYBRID_AUG,train,syn_HYBRID_AUG_r100_00289,False
interpolation,1,50_320,57_510,50,0.5740023255348206,240.09008139371872,510,1.0,0.49076517150395776,True,HYBRID_AUG,train,syn_HYBRID_AUG_r100_00290,False
interpolation,1,57_522,57_523,57,0.3603515625,323.1982421875,640,1.0,0.49076517150395776,True,HYBRID_AUG,train,syn_HYBRID_AUG_r100_00291,False
interpolation,1,66_767,79_1075,66,0.674586832523346,590.2685453891754,600,1.0,0.49076517150395776,True,HYBRID_AUG,train,syn_HYBRID_AUG_r100_00292,False
interpolation,1,79_1043,41_164,79,0.30012819170951843,379.96152848005295,340,1.0,0.49076517150395776,True,HYBRID_AUG,train,syn_HYBRID_AUG_r100_00293,False
interpolation,1,57_519,48_254,57,0.5790730714797974,128.41853857040405,240,1.0,0.49076517150395776,True,HYBRID_AUG,train,syn_HYBRID_AUG_r100_00294,False
interpolation,1,50_310,50_315,50,0.2633351683616638,266.3335168361664,680,1.0,0.49076517150395776,True,HYBRID_AUG,train,syn_HYBRID_AUG_r100_00295,False
interpolation,1,61_652,48_280,61,0.26857587695121765,234.15440574288368,510,1.0,0.49076517150395776,True,HYBRID_AUG,train,syn_HYBRID_AUG_r100_00296,False
interpolation,1,80_1103,66_792,80,0.6292235851287842,1121.9780735969543,2284,1.0,0.49076517150395776,True,HYBRID_AUG,train,syn_HYBRID_AUG_r100_00297,False
interpolation,1,27_96,32_137,27,0.71136474609375,1153.2620239257812,2650,1.0,0.49076517150395776,True,HYBRID_AUG,train,syn_HYBRID_AUG_r100_00298,False
interpolation,1,27_91,41_164,27,0.582604169845581,927.3442733287811,2510,1.0,0.49076517150395776,True,HYBRID_AUG,train,syn_HYBRID_AUG_r100_00299,False
interpolation,1,10_41,5_13,10,0.7353994250297546,4317.3885660767555,8666,1.0,0.49076517150395776,True,HYBRID_AUG,train,syn_HYBRID_AUG_r100_00300,False
interpolation,1,80_1103,76_1010,80,0.6663516759872437,1161.3516027927399,2284,1.0,0.49076517150395776,True,HYBRID_AUG,train,syn_HYBRID_AUG_r100_00301,False
interpolation,1,76_1023,70_886,76,0.7138314247131348,1362.861736536026,2180,1.0,0.49076517150395776,True,HYBRID_AUG,train,syn_HYBRID_AUG_r100_00302,False
interpolation,1,76_1014,61_647,76,0.5627727508544922,1431.9897556304932,2230,1.0,0.49076517150395776,True,HYBRID_AUG,train,syn_HYBRID_AUG_r100_00303,False
interpolation,1,79_1048,72_912,79,0.5503181219100952,754.8467528820038,2490,1.0,0.49076517150395776,True,HYBRID_AUG,train,syn_HYBRID_AUG_r100_00304,False
interpolation,1,62_674,70_866,62,0.7121462821960449,6588.634345531464,18350,1.0,0.49076517150395776,True,HYBRID_AUG,train,syn_HYBRID_AUG_r100_00305,False
interpolation,1,5_13,8_27,5,0.42760762572288513,4402.501953959465,8548,1.0,0.49076517150395776,True,HYBRID_AUG,train,syn_HYBRID_AUG_r100_00306,False
interpolation,1,68_820,4_9,68,0.6712464094161987,345.33360183238983,260,1.0,0.49076517150395776,True,HYBRID_AUG,train,syn_HYBRID_AUG_r100_00307,False
interpolation,1,63_695,66_766,63,0.5599145889282227,196.0128116607666,260,1.0,0.49076517150395776,True,HYBRID_AUG,train,syn_HYBRID_AUG_r100_00308,False
interpolation,1,10_36,36_149,10,0.6298096179962158,1069.7104215621948,1710,1.0,0.49076517150395776,True,HYBRID_AUG,train,syn_HYBRID_AUG_r100_00309,False
interpolation,1,49_285,48_232,49,0.3854210078716278,272.3963040113449,680,1.0,0.49076517150395776,True,HYBRID_AUG,train,syn_HYBRID_AUG_r100_00310,False
interpolation,1,79_1069,73_953,79,0.58513343334198,1070.0692473649979,1980,1.0,0.49076517150395776,True,HYBRID_AUG,train,syn_HYBRID_AUG_r100_00311,False
interpolation,1,48_280,49_295,48,0.4319339990615845,188.72361093759537,453,1.0,0.49076517150395776,True,HYBRID_AUG,train,syn_HYBRID_AUG_r100_00312,False
interpolation,1,10_37,5_13,10,0.7366273403167725,1291.3958990573883,450,1.0,0.49076517150395776,True,HYBRID_AUG,train,syn_HYBRID_AUG_r100_00313,False
interpolation,1,48_259,48_258,48,0.31708699464797974,135.854349732399,340,1.0,0.49076517150395776,True,HYBRID_AUG,train,syn_HYBRID_AUG_r100_00314,False
interpolation,1,48_277,41_163,48,0.5626620650291443,827.8737992048264,300,1.0,0.49076517150395776,True,HYBRID_AUG,train,syn_HYBRID_AUG_r100_00315,False
interpolation,1,76_1027,66_792,76,0.4174247682094574,860.9208936691284,1088,1.0,0.49076517150395776,True,HYBRID_AUG,train,syn_HYBRID_AUG_r100_00316,False
interpolation,1,8_26,30_118,8,0.4238903522491455,3292.817920446396,9760,1.0,0.49076517150395776,True,HYBRID_AUG,train,syn_HYBRID_AUG_r100_00317,False
interpolation,1,48_261,48_280,48,0.3195756673812866,222.8248798251152,430,1.0,0.49076517150395776,True,HYBRID_AUG,train,syn_HYBRID_AUG_r100_00318,False
interpolation,1,68_816,48_236,68,0.31103941798210144,207.67526254057884,250,1.0,0.49076517150395776,True,HYBRID_AUG,train,syn_HYBRID_AUG_r100_00319,False
interpolation,1,66_781,66_779,66,0.3342451751232147,296.82167261838913,820,1.0,0.49076517150395776,True,HYBRID_AUG,train,syn_HYBRID_AUG_r100_00320,False
interpolation,1,42_174,57_516,42,0.3158608078956604,271.613187789917,1200,1.0,0.49076517150395776,True,HYBRID_AUG,train,syn_HYBRID_AUG_r100_00321,False
interpolation,1,61_651,74_964,61,0.3645128607749939,177.2420498728752,310,1.0,0.49076517150395776,True,HYBRID_AUG,train,syn_HYBRID_AUG_r100_00322,False
interpolation,1,57_494,57_493,57,0.2648390233516693,410.4112057387829,490,1.0,0.49076517150395776,True,HYBRID_AUG,train,syn_HYBRID_AUG_r100_00323,False
interpolation,1,53_359,49_297,53,0.5335987210273743,148.65605115890503,260,1.0,0.49076517150395776,True,HYBRID_AUG,train,syn_HYBRID_AUG_r100_00324,False
interpolation,1,57_508,57_509,57,0.46822038292884827,223.9300900697708,400,1.0,0.49076517150395776,True,HYBRID_AUG,train,syn_HYBRID_AUG_r100_00325,False
interpolation,1,61_641,48_274,61,0.3942911624908447,129.08563256263733,240,1.0,0.49076517150395776,True,HYBRID_AUG,train,syn_HYBRID_AUG_r100_00326,False
interpolation,1,79_1048,72_917,79,0.7301082611083984,964.3125915527344,2490,1.0,0.49076517150395776,True,HYBRID_AUG,train,syn_HYBRID_AUG_r100_00327,False
interpolation,1,30_121,36_141,30,0.615964412689209,1608.8684661388397,3553,1.0,0.49076517150395776,True,HYBRID_AUG,train,syn_HYBRID_AUG_r100_00328,False
interpolation,1,66_765,66_764,66,0.706396222114563,319.0842455625534,600,1.0,0.49076517150395776,True,HYBRID_AUG,train,syn_HYBRID_AUG_r100_00329,False
interpolation,1,73_936,78_1036,73,0.5862661600112915,457.1930795907974,240,1.0,0.49076517150395776,True,HYBRID_AUG,train,syn_HYBRID_AUG_r100_00330,False
interpolation,1,72_908,79_1039,72,0.7038580775260925,139.80709612369537,250,1.0,0.49076517150395776,True,HYBRID_AUG,train,syn_HYBRID_AUG_r100_00331,False
interpolation,1,42_174,66_788,42,0.35541588068008423,326.0517492890358,1200,1.0,0.49076517150395776,True,HYBRID_AUG,train,syn_HYBRID_AUG_r100_00332,False
interpolation,1,49_291,48_239,49,0.3548893332481384,432.73662000894547,730,1.0,0.49076517150395776,True,HYBRID_AUG,train,syn_HYBRID_AUG_r100_00333,False
interpolation,1,49_299,48_270,49,0.3146440088748932,231.2928868830204,490,1.0,0.49076517150395776,True,HYBRID_AUG,train,syn_HYBRID_AUG_r100_00334,False
interpolation,1,36_145,36_143,36,0.3008236289024353,1563.990059196949,3960,1.0,0.49076517150395776,True,HYBRID_AUG,train,syn_HYBRID_AUG_r100_00335,False
interpolation,1,66_786,49_285,66,0.5244714021682739,245.5951476097107,320,1.0,0.49076517150395776,True,HYBRID_AUG,train,syn_HYBRID_AUG_r100_00336,False
interpolation,1,50_315,48_243,50,0.32523998618125916,175.89779436588287,480,1.0,0.49076517150395776,True,HYBRID_AUG,train,syn_HYBRID_AUG_r100_00337,False
interpolation,1,57_523,72_923,57,0.6573217511177063,313.0062612891197,650,1.0,0.49076517150395776,True,HYBRID_AUG,train,syn_HYBRID_AUG_r100_00338,False
interpolation,1,10_35,31_127,10,0.7084870934486389,285.3191839158535,280,1.0,0.49076517150395776,True,HYBRID_AUG,train,syn_HYBRID_AUG_r100_00339,False
interpolation,1,50_310,66_771,50,0.43855223059654236,272.62626111507416,680,1.0,0.49076517150395776,True,HYBRID_AUG,train,syn_HYBRID_AUG_r100_00340,False
interpolation,1,57_508,50_317,57,0.41112348437309265,176.44493460655212,400,1.0,0.49076517150395776,True,HYBRID_AUG,train,syn_HYBRID_AUG_r100_00341,False
interpolation,1,4_5,17_55,4,0.42794403433799744,2907.71868288517,2160,1.0,0.49076517150395776,True,HYBRID_AUG,train,syn_HYBRID_AUG_r100_00342,False
interpolation,1,66_783,41_166,66,0.542576789855957,455.14718532562256,430,1.0,0.49076517150395776,True,HYBRID_AUG,train,syn_HYBRID_AUG_r100_00343,False
interpolation,1,27_87,30_115,27,0.644659161567688,776.0788935422897,710,1.0,0.49076517150395776,True,HYBRID_AUG,train,syn_HYBRID_AUG_r100_00344,False
interpolation,1,29_105,32_133,29,0.39179614186286926,633.840302079916,550,1.0,0.49076517150395776,True,HYBRID_AUG,train,syn_HYBRID_AUG_r100_00345,False
interpolation,1,30_119,29_108,30,0.7137116193771362,1637.096929550171,3320,1.0,0.49076517150395776,True,HYBRID_AUG,train,syn_HYBRID_AUG_r100_00346,False
interpolation,1,48_250,50_306,48,0.5941987037658691,224.70993518829346,490,1.0,0.49076517150395776,True,HYBRID_AUG,train,syn_HYBRID_AUG_r100_00347,False
interpolation,1,48_276,50_325,48,0.29456764459609985,175.0,350,1.0,0.49076517150395776,True,HYBRID_AUG,train,syn_HYBRID_AUG_r100_00348,False
interpolation,1,36_148,36_142,36,0.5514729022979736,331.39689683914185,600,1.0,0.49076517150395776,True,HYBRID_AUG,train,syn_HYBRID_AUG_r100_00349,False
interpolation,1,48_237,48_238,48,0.6330380439758301,193.6696195602417,380,1.0,0.49076517150395776,True,HYBRID_AUG,train,syn_HYBRID_AUG_r100_00350,False
interpolation,1,48_279,48_269,48,0.4278210401535034,150.69552600383759,330,1.0,0.49076517150395776,True,HYBRID_AUG,train,syn_HYBRID_AUG_r100_00351,False
interpolation,1,80_1103,66_792,80,0.5429341793060303,1117.3184456825256,2284,1.0,0.49076517150395776,True,HYBRID_AUG,train,syn_HYBRID_AUG_r100_00352,False
interpolation,1,31_124,27_90,31,0.34371545910835266,755.2893732488155,2390,1.0,0.49076517150395776,True,HYBRID_AUG,train,syn_HYBRID_AUG_r100_00353,False
interpolation,1,57_511,66_769,57,0.2667240798473358,150.6689590215683,360,1.0,0.49076517150395776,True,HYBRID_AUG,train,syn_HYBRID_AUG_r100_00354,False
interpolation,1,57_518,48_255,57,0.3170968294143677,302.80322194099426,510,1.0,0.49076517150395776,True,HYBRID_AUG,train,syn_HYBRID_AUG_r100_00355,False
interpolation,1,42_169,57_510,42,0.548829197883606,447.7641171216965,1270,1.0,0.49076517150395776,True,HYBRID_AUG,train,syn_HYBRID_AUG_r100_00356,False
interpolation,1,48_249,49_286,48,0.7300271391868591,215.3029853105545,490,1.0,0.49076517150395776,True,HYBRID_AUG,train,syn_HYBRID_AUG_r100_00357,False
interpolation,1,31_125,27_95,31,0.26394665241241455,1040.2247959375381,2500,1.0,0.49076517150395776,True,HYBRID_AUG,train,syn_HYBRID_AUG_r100_00358,False
interpolation,1,76_1014,73_952,76,0.4848622679710388,610.165022611618,2230,1.0,0.49076517150395776,True,HYBRID_AUG,train,syn_HYBRID_AUG_r100_00359,False
interpolation,1,66_768,57_508,66,0.28655552864074707,191.4033341407776,340,1.0,0.49076517150395776,True,HYBRID_AUG,train,syn_HYBRID_AUG_r100_00360,False
interpolation,1,29_110,31_126,29,0.6450084447860718,946.8697220087051,1450,1.0,0.49076517150395776,True,HYBRID_AUG,train,syn_HYBRID_AUG_r100_00361,False
interpolation,1,50_307,50_308,50,0.6129303574562073,260.6507232785225,680,1.0,0.49076517150395776,True,HYBRID_AUG,train,syn_HYBRID_AUG_r100_00362,False
interpolation,1,31_124,24_83,31,0.2750566005706787,3514.818878173828,2390,1.0,0.49076517150395776,True,HYBRID_AUG,train,syn_HYBRID_AUG_r100_00363,False
interpolation,1,23_82,15_52,23,0.48724013566970825,3427.671478688717,5636,1.0,0.49076517150395776,True,HYBRID_AUG,train,syn_HYBRID_AUG_r100_00364,False
interpolation,1,27_90,29_110,27,0.6308410167694092,598.8317966461182,1050,1.0,0.49076517150395776,True,HYBRID_AUG,train,syn_HYBRID_AUG_r100_00365,False
timegan,0,,,-1,,480.0,960,1.0,0.5098591549295775,True,HYBRID_AUG,train,syn_HYBRID_AUG_r100_00366,True
timegan,0,,,-1,,535.0,1070,1.0,0.5098591549295775,True,HYBRID_AUG,train,syn_HYBRID_AUG_r100_00367,True
timegan,0,,,-1,,215.0,430,1.0,0.5098591549295775,True,HYBRID_AUG,train,syn_HYBRID_AUG_r100_00368,True
timegan,0,,,-1,,135.0,270,1.0,0.5098591549295775,True,HYBRID_AUG,train,syn_HYBRID_AUG_r100_00369,True
timegan,0,,,-1,,320.0,640,1.0,0.5098591549295775,True,HYBRID_AUG,train,syn_HYBRID_AUG_r100_00370,True
timegan,0,,,-1,,210.0,420,1.0,0.5098591549295775,True,HYBRID_AUG,train,syn_HYBRID_AUG_r100_00371,True
timegan,0,,,-1,,405.0,810,1.0,0.5098591549295775,True,HYBRID_AUG,train,syn_HYBRID_AUG_r100_00372,True
timegan,0,,,-1,,150.0,300,1.0,0.5098591549295775,True,HYBRID_AUG,train,syn_HYBRID_AUG_r100_00373,True
timegan,0,,,-1,,245.0,490,1.0,0.5098591549295775,True,HYBRID_AUG,train,syn_HYBRID_AUG_r100_00374,True
timegan,0,,,-1,,445.0,890,1.0,0.5098591549295775,True,HYBRID_AUG,train,syn_HYBRID_AUG_r100_00375,True
timegan,0,,,-1,,445.0,890,1.0,0.5098591549295775,True,HYBRID_AUG,train,syn_HYBRID_AUG_r100_00376,True
timegan,0,,,-1,,160.0,320,1.0,0.5098591549295775,True,HYBRID_AUG,train,syn_HYBRID_AUG_r100_00377,True
timegan,0,,,-1,,760.0,1520,1.0,0.5098591549295775,True,HYBRID_AUG,train,syn_HYBRID_AUG_r100_00378,True
timegan,0,,,-1,,220.0,440,1.0,0.5098591549295775,True,HYBRID_AUG,train,syn_HYBRID_AUG_r100_00379,True
timegan,0,,,-1,,360.0,720,1.0,0.5098591549295775,True,HYBRID_AUG,train,syn_HYBRID_AUG_r100_00380,True
timegan,0,,,-1,,210.0,420,1.0,0.5098591549295775,True,HYBRID_AUG,train,syn_HYBRID_AUG_r100_00381,True
timegan,0,,,-1,,455.0,910,1.0,0.5098591549295775,True,HYBRID_AUG,train,syn_HYBRID_AUG_r100_00382,True
timegan,0,,,-1,,120.0,240,1.0,0.5098591549295775,True,HYBRID_AUG,train,syn_HYBRID_AUG_r100_00383,True
timegan,0,,,-1,,1340.0,2680,1.0,0.5098591549295775,True,HYBRID_AUG,train,syn_HYBRID_AUG_r100_00384,True
timegan,0,,,-1,,820.0,1640,1.0,0.5098591549295775,True,HYBRID_AUG,train,syn_HYBRID_AUG_r100_00385,True
timegan,0,,,-1,,310.0,620,1.0,0.5098591549295775,True,HYBRID_AUG,train,syn_HYBRID_AUG_r100_00386,True
timegan,0,,,-1,,145.0,290,1.0,0.5098591549295775,True,HYBRID_AUG,train,syn_HYBRID_AUG_r100_00387,True
timegan,0,,,-1,,210.0,420,1.0,0.5098591549295775,True,HYBRID_AUG,train,syn_HYBRID_AUG_r100_00388,True
timegan,0,,,-1,,410.0,820,1.0,0.5098591549295775,True,HYBRID_AUG,train,syn_HYBRID_AUG_r100_00389,True
timegan,0,,,-1,,185.0,370,1.0,0.5098591549295775,True,HYBRID_AUG,train,syn_HYBRID_AUG_r100_00390,True
timegan,0,,,-1,,285.0,570,1.0,0.5098591549295775,True,HYBRID_AUG,train,syn_HYBRID_AUG_r100_00391,True
timegan,0,,,-1,,195.0,390,1.0,0.5098591549295775,True,HYBRID_AUG,train,syn_HYBRID_AUG_r100_00392,True
timegan,0,,,-1,,325.0,650,1.0,0.5098591549295775,True,HYBRID_AUG,train,syn_HYBRID_AUG_r100_00393,True
timegan,0,,,-1,,165.0,330,1.0,0.5098591549295775,True,HYBRID_AUG,train,syn_HYBRID_AUG_r100_00394,True
timegan,0,,,-1,,125.0,250,1.0,0.5098591549295775,True,HYBRID_AUG,train,syn_HYBRID_AUG_r100_00395,True
timegan,0,,,-1,,355.0,710,1.0,0.5098591549295775,True,HYBRID_AUG,train,syn_HYBRID_AUG_r100_00396,True
timegan,0,,,-1,,120.0,240,1.0,0.5098591549295775,True,HYBRID_AUG,train,syn_HYBRID_AUG_r100_00397,True
timegan,0,,,-1,,160.0,320,1.0,0.5098591549295775,True,HYBRID_AUG,train,syn_HYBRID_AUG_r100_00398,True
timegan,0,,,-1,,350.0,700,1.0,0.5098591549295775,True,HYBRID_AUG,train,syn_HYBRID_AUG_r100_00399,True
timegan,0,,,-1,,120.0,240,1.0,0.5098591549295775,True,HYBRID_AUG,train,syn_HYBRID_AUG_r100_00400,True
timegan,0,,,-1,,370.0,740,1.0,0.5098591549295775,True,HYBRID_AUG,train,syn_HYBRID_AUG_r100_00401,True
timegan,0,,,-1,,120.0,240,1.0,0.5098591549295775,True,HYBRID_AUG,train,syn_HYBRID_AUG_r100_00402,True
timegan,0,,,-1,,150.0,300,1.0,0.5098591549295775,True,HYBRID_AUG,train,syn_HYBRID_AUG_r100_00403,True
timegan,0,,,-1,,215.0,430,1.0,0.5098591549295775,True,HYBRID_AUG,train,syn_HYBRID_AUG_r100_00404,True
timegan,0,,,-1,,320.0,640,1.0,0.5098591549295775,True,HYBRID_AUG,train,syn_HYBRID_AUG_r100_00405,True
timegan,0,,,-1,,185.0,370,1.0,0.5098591549295775,True,HYBRID_AUG,train,syn_HYBRID_AUG_r100_00406,True
timegan,0,,,-1,,215.0,430,1.0,0.5098591549295775,True,HYBRID_AUG,train,syn_HYBRID_AUG_r100_00407,True
timegan,0,,,-1,,480.0,960,1.0,0.5098591549295775,True,HYBRID_AUG,train,syn_HYBRID_AUG_r100_00408,True
timegan,0,,,-1,,210.0,420,1.0,0.5098591549295775,True,HYBRID_AUG,train,syn_HYBRID_AUG_r100_00409,True
timegan,0,,,-1,,340.0,680,1.0,0.5098591549295775,True,HYBRID_AUG,train,syn_HYBRID_AUG_r100_00410,True
timegan,0,,,-1,,345.0,690,1.0,0.5098591549295775,True,HYBRID_AUG,train,syn_HYBRID_AUG_r100_00411,True
timegan,0,,,-1,,185.0,370,1.0,0.5098591549295775,True,HYBRID_AUG,train,syn_HYBRID_AUG_r100_00412,True
timegan,0,,,-1,,200.0,400,1.0,0.5098591549295775,True,HYBRID_AUG,train,syn_HYBRID_AUG_r100_00413,True
timegan,0,,,-1,,155.0,310,1.0,0.5098591549295775,True,HYBRID_AUG,train,syn_HYBRID_AUG_r100_00414,True
timegan,0,,,-1,,120.0,240,1.0,0.5098591549295775,True,HYBRID_AUG,train,syn_HYBRID_AUG_r100_00415,True
timegan,0,,,-1,,620.0,1240,1.0,0.5098591549295775,True,HYBRID_AUG,train,syn_HYBRID_AUG_r100_00416,True
timegan,0,,,-1,,175.0,350,1.0,0.5098591549295775,True,HYBRID_AUG,train,syn_HYBRID_AUG_r100_00417,True
timegan,0,,,-1,,170.0,340,1.0,0.5098591549295775,True,HYBRID_AUG,train,syn_HYBRID_AUG_r100_00418,True
timegan,0,,,-1,,170.0,340,1.0,0.5098591549295775,True,HYBRID_AUG,train,syn_HYBRID_AUG_r100_00419,True
timegan,0,,,-1,,745.0,1490,1.0,0.5098591549295775,True,HYBRID_AUG,train,syn_HYBRID_AUG_r100_00420,True
timegan,0,,,-1,,310.0,620,1.0,0.5098591549295775,True,HYBRID_AUG,train,syn_HYBRID_AUG_r100_00421,True
timegan,0,,,-1,,135.0,270,1.0,0.5098591549295775,True,HYBRID_AUG,train,syn_HYBRID_AUG_r100_00422,True
timegan,0,,,-1,,570.0,1140,1.0,0.5098591549295775,True,HYBRID_AUG,train,syn_HYBRID_AUG_r100_00423,True
timegan,0,,,-1,,220.0,440,1.0,0.5098591549295775,True,HYBRID_AUG,train,syn_HYBRID_AUG_r100_00424,True
timegan,0,,,-1,,405.0,810,1.0,0.5098591549295775,True,HYBRID_AUG,train,syn_HYBRID_AUG_r100_00425,True
timegan,0,,,-1,,240.0,480,1.0,0.5098591549295775,True,HYBRID_AUG,train,syn_HYBRID_AUG_r100_00426,True
timegan,0,,,-1,,135.0,270,1.0,0.5098591549295775,True,HYBRID_AUG,train,syn_HYBRID_AUG_r100_00427,True
timegan,0,,,-1,,380.0,760,1.0,0.5098591549295775,True,HYBRID_AUG,train,syn_HYBRID_AUG_r100_00428,True
timegan,0,,,-1,,305.0,610,1.0,0.5098591549295775,True,HYBRID_AUG,train,syn_HYBRID_AUG_r100_00429,True
timegan,0,,,-1,,120.0,240,1.0,0.5098591549295775,True,HYBRID_AUG,train,syn_HYBRID_AUG_r100_00430,True
timegan,0,,,-1,,120.0,240,1.0,0.5098591549295775,True,HYBRID_AUG,train,syn_HYBRID_AUG_r100_00431,True
timegan,0,,,-1,,230.0,460,1.0,0.5098591549295775,True,HYBRID_AUG,train,syn_HYBRID_AUG_r100_00432,True
timegan,0,,,-1,,405.0,810,1.0,0.5098591549295775,True,HYBRID_AUG,train,syn_HYBRID_AUG_r100_00433,True
timegan,0,,,-1,,160.0,320,1.0,0.5098591549295775,True,HYBRID_AUG,train,syn_HYBRID_AUG_r100_00434,True
timegan,0,,,-1,,795.0,1590,1.0,0.5098591549295775,True,HYBRID_AUG,train,syn_HYBRID_AUG_r100_00435,True
timegan,0,,,-1,,725.0,1450,1.0,0.5098591549295775,True,HYBRID_AUG,train,syn_HYBRID_AUG_r100_00436,True
timegan,0,,,-1,,230.0,460,1.0,0.5098591549295775,True,HYBRID_AUG,train,syn_HYBRID_AUG_r100_00437,True
timegan,0,,,-1,,235.0,470,1.0,0.5098591549295775,True,HYBRID_AUG,train,syn_HYBRID_AUG_r100_00438,True
timegan,0,,,-1,,610.0,1220,1.0,0.5098591549295775,True,HYBRID_AUG,train,syn_HYBRID_AUG_r100_00439,True
timegan,0,,,-1,,185.0,370,1.0,0.5098591549295775,True,HYBRID_AUG,train,syn_HYBRID_AUG_r100_00440,True
timegan,0,,,-1,,175.0,350,1.0,0.5098591549295775,True,HYBRID_AUG,train,syn_HYBRID_AUG_r100_00441,True
timegan,0,,,-1,,405.0,810,1.0,0.5098591549295775,True,HYBRID_AUG,train,syn_HYBRID_AUG_r100_00442,True
timegan,0,,,-1,,255.0,510,1.0,0.5098591549295775,True,HYBRID_AUG,train,syn_HYBRID_AUG_r100_00443,True
timegan,0,,,-1,,325.0,650,1.0,0.5098591549295775,True,HYBRID_AUG,train,syn_HYBRID_AUG_r100_00444,True
timegan,0,,,-1,,145.0,290,1.0,0.5098591549295775,True,HYBRID_AUG,train,syn_HYBRID_AUG_r100_00445,True
timegan,0,,,-1,,165.0,330,1.0,0.5098591549295775,True,HYBRID_AUG,train,syn_HYBRID_AUG_r100_00446,True
timegan,0,,,-1,,235.0,470,1.0,0.5098591549295775,True,HYBRID_AUG,train,syn_HYBRID_AUG_r100_00447,True
timegan,0,,,-1,,160.0,320,1.0,0.5098591549295775,True,HYBRID_AUG,train,syn_HYBRID_AUG_r100_00448,True
timegan,0,,,-1,,135.0,270,1.0,0.5098591549295775,True,HYBRID_AUG,train,syn_HYBRID_AUG_r100_00449,True
timegan,0,,,-1,,470.0,940,1.0,0.5098591549295775,True,HYBRID_AUG,train,syn_HYBRID_AUG_r100_00450,True
timegan,0,,,-1,,180.0,360,1.0,0.5098591549295775,True,HYBRID_AUG,train,syn_HYBRID_AUG_r100_00451,True
timegan,0,,,-1,,990.0,1980,1.0,0.5098591549295775,True,HYBRID_AUG,train,syn_HYBRID_AUG_r100_00452,True
timegan,0,,,-1,,210.0,420,1.0,0.5098591549295775,True,HYBRID_AUG,train,syn_HYBRID_AUG_r100_00453,True
timegan,0,,,-1,,120.0,240,1.0,0.5098591549295775,True,HYBRID_AUG,train,syn_HYBRID_AUG_r100_00454,True
timegan,0,,,-1,,195.0,390,1.0,0.5098591549295775,True,HYBRID_AUG,train,syn_HYBRID_AUG_r100_00455,True
timegan,0,,,-1,,620.0,1240,1.0,0.5098591549295775,True,HYBRID_AUG,train,syn_HYBRID_AUG_r100_00456,True
timegan,0,,,-1,,680.0,1360,1.0,0.5098591549295775,True,HYBRID_AUG,train,syn_HYBRID_AUG_r100_00457,True
timegan,0,,,-1,,205.0,410,1.0,0.5098591549295775,True,HYBRID_AUG,train,syn_HYBRID_AUG_r100_00458,True
timegan,0,,,-1,,370.0,740,1.0,0.5098591549295775,True,HYBRID_AUG,train,syn_HYBRID_AUG_r100_00459,True
timegan,0,,,-1,,410.0,820,1.0,0.5098591549295775,True,HYBRID_AUG,train,syn_HYBRID_AUG_r100_00460,True
timegan,0,,,-1,,450.0,900,1.0,0.5098591549295775,True,HYBRID_AUG,train,syn_HYBRID_AUG_r100_00461,True
timegan,0,,,-1,,360.0,720,1.0,0.5098591549295775,True,HYBRID_AUG,train,syn_HYBRID_AUG_r100_00462,True
timegan,0,,,-1,,700.0,1400,1.0,0.5098591549295775,True,HYBRID_AUG,train,syn_HYBRID_AUG_r100_00463,True
timegan,0,,,-1,,125.0,250,1.0,0.5098591549295775,True,HYBRID_AUG,train,syn_HYBRID_AUG_r100_00464,True
timegan,0,,,-1,,785.0,1570,1.0,0.5098591549295775,True,HYBRID_AUG,train,syn_HYBRID_AUG_r100_00465,True
timegan,0,,,-1,,170.0,340,1.0,0.5098591549295775,True,HYBRID_AUG,train,syn_HYBRID_AUG_r100_00466,True
timegan,0,,,-1,,610.0,1220,1.0,0.5098591549295775,True,HYBRID_AUG,train,syn_HYBRID_AUG_r100_00467,True
timegan,0,,,-1,,445.0,890,1.0,0.5098591549295775,True,HYBRID_AUG,train,syn_HYBRID_AUG_r100_00468,True
timegan,0,,,-1,,135.0,270,1.0,0.5098591549295775,True,HYBRID_AUG,train,syn_HYBRID_AUG_r100_00469,True
timegan,0,,,-1,,1110.0,2220,1.0,0.5098591549295775,True,HYBRID_AUG,train,syn_HYBRID_AUG_r100_00470,True
timegan,0,,,-1,,845.0,1690,1.0,0.5098591549295775,True,HYBRID_AUG,train,syn_HYBRID_AUG_r100_00471,True
timegan,0,,,-1,,255.0,510,1.0,0.5098591549295775,True,HYBRID_AUG,train,syn_HYBRID_AUG_r100_00472,True
timegan,0,,,-1,,145.0,290,1.0,0.5098591549295775,True,HYBRID_AUG,train,syn_HYBRID_AUG_r100_00473,True
timegan,0,,,-1,,475.0,950,1.0,0.5098591549295775,True,HYBRID_AUG,train,syn_HYBRID_AUG_r100_00474,True
timegan,0,,,-1,,210.0,420,1.0,0.5098591549295775,True,HYBRID_AUG,train,syn_HYBRID_AUG_r100_00475,True
timegan,0,,,-1,,300.0,600,1.0,0.5098591549295775,True,HYBRID_AUG,train,syn_HYBRID_AUG_r100_00476,True
timegan,0,,,-1,,450.0,900,1.0,0.5098591549295775,True,HYBRID_AUG,train,syn_HYBRID_AUG_r100_00477,True
timegan,0,,,-1,,405.0,810,1.0,0.5098591549295775,True,HYBRID_AUG,train,syn_HYBRID_AUG_r100_00478,True
timegan,0,,,-1,,135.0,270,1.0,0.5098591549295775,True,HYBRID_AUG,train,syn_HYBRID_AUG_r100_00479,True
timegan,0,,,-1,,460.0,920,1.0,0.5098591549295775,True,HYBRID_AUG,train,syn_HYBRID_AUG_r100_00480,True
timegan,0,,,-1,,190.0,380,1.0,0.5098591549295775,True,HYBRID_AUG,train,syn_HYBRID_AUG_r100_00481,True
timegan,0,,,-1,,680.0,1360,1.0,0.5098591549295775,True,HYBRID_AUG,train,syn_HYBRID_AUG_r100_00482,True
timegan,0,,,-1,,445.0,890,1.0,0.5098591549295775,True,HYBRID_AUG,train,syn_HYBRID_AUG_r100_00483,True
timegan,0,,,-1,,175.0,350,1.0,0.5098591549295775,True,HYBRID_AUG,train,syn_HYBRID_AUG_r100_00484,True
timegan,0,,,-1,,795.0,1590,1.0,0.5098591549295775,True,HYBRID_AUG,train,syn_HYBRID_AUG_r100_00485,True
timegan,0,,,-1,,410.0,820,1.0,0.5098591549295775,True,HYBRID_AUG,train,syn_HYBRID_AUG_r100_00486,True
timegan,0,,,-1,,145.0,290,1.0,0.5098591549295775,True,HYBRID_AUG,train,syn_HYBRID_AUG_r100_00487,True
timegan,0,,,-1,,120.0,240,1.0,0.5098591549295775,True,HYBRID_AUG,train,syn_HYBRID_AUG_r100_00488,True
timegan,0,,,-1,,145.0,290,1.0,0.5098591549295775,True,HYBRID_AUG,train,syn_HYBRID_AUG_r100_00489,True
timegan,0,,,-1,,190.0,380,1.0,0.5098591549295775,True,HYBRID_AUG,train,syn_HYBRID_AUG_r100_00490,True
timegan,0,,,-1,,225.0,450,1.0,0.5098591549295775,True,HYBRID_AUG,train,syn_HYBRID_AUG_r100_00491,True
timegan,0,,,-1,,180.0,360,1.0,0.5098591549295775,True,HYBRID_AUG,train,syn_HYBRID_AUG_r100_00492,True
timegan,0,,,-1,,285.0,570,1.0,0.5098591549295775,True,HYBRID_AUG,train,syn_HYBRID_AUG_r100_00493,True
timegan,0,,,-1,,165.0,330,1.0,0.5098591549295775,True,HYBRID_AUG,train,syn_HYBRID_AUG_r100_00494,True
timegan,0,,,-1,,485.5,971,1.0,0.5098591549295775,True,HYBRID_AUG,train,syn_HYBRID_AUG_r100_00495,True
timegan,0,,,-1,,505.0,1010,1.0,0.5098591549295775,True,HYBRID_AUG,train,syn_HYBRID_AUG_r100_00496,True
timegan,0,,,-1,,790.0,1580,1.0,0.5098591549295775,True,HYBRID_AUG,train,syn_HYBRID_AUG_r100_00497,True
timegan,0,,,-1,,170.0,340,1.0,0.5098591549295775,True,HYBRID_AUG,train,syn_HYBRID_AUG_r100_00498,True
timegan,0,,,-1,,210.0,420,1.0,0.5098591549295775,True,HYBRID_AUG,train,syn_HYBRID_AUG_r100_00499,True
timegan,0,,,-1,,220.0,440,1.0,0.5098591549295775,True,HYBRID_AUG,train,syn_HYBRID_AUG_r100_00500,True
timegan,0,,,-1,,120.0,240,1.0,0.5098591549295775,True,HYBRID_AUG,train,syn_HYBRID_AUG_r100_00501,True
timegan,0,,,-1,,125.0,250,1.0,0.5098591549295775,True,HYBRID_AUG,train,syn_HYBRID_AUG_r100_00502,True
timegan,0,,,-1,,165.0,330,1.0,0.5098591549295775,True,HYBRID_AUG,train,syn_HYBRID_AUG_r100_00503,True
timegan,0,,,-1,,180.0,360,1.0,0.5098591549295775,True,HYBRID_AUG,train,syn_HYBRID_AUG_r100_00504,True
timegan,0,,,-1,,145.0,290,1.0,0.5098591549295775,True,HYBRID_AUG,train,syn_HYBRID_AUG_r100_00505,True
timegan,0,,,-1,,120.0,240,1.0,0.5098591549295775,True,HYBRID_AUG,train,syn_HYBRID_AUG_r100_00506,True
timegan,0,,,-1,,165.0,330,1.0,0.5098591549295775,True,HYBRID_AUG,train,syn_HYBRID_AUG_r100_00507,True
timegan,0,,,-1,,240.0,480,1.0,0.5098591549295775,True,HYBRID_AUG,train,syn_HYBRID_AUG_r100_00508,True
timegan,0,,,-1,,175.0,350,1.0,0.5098591549295775,True,HYBRID_AUG,train,syn_HYBRID_AUG_r100_00509,True
timegan,0,,,-1,,210.0,420,1.0,0.5098591549295775,True,HYBRID_AUG,train,syn_HYBRID_AUG_r100_00510,True
timegan,0,,,-1,,405.0,810,1.0,0.5098591549295775,True,HYBRID_AUG,train,syn_HYBRID_AUG_r100_00511,True
timegan,0,,,-1,,685.0,1370,1.0,0.5098591549295775,True,HYBRID_AUG,train,syn_HYBRID_AUG_r100_00512,True
timegan,0,,,-1,,245.0,490,1.0,0.5098591549295775,True,HYBRID_AUG,train,syn_HYBRID_AUG_r100_00513,True
timegan,0,,,-1,,310.0,620,1.0,0.5098591549295775,True,HYBRID_AUG,train,syn_HYBRID_AUG_r100_00514,True
timegan,0,,,-1,,190.0,380,1.0,0.5098591549295775,True,HYBRID_AUG,train,syn_HYBRID_AUG_r100_00515,True
timegan,0,,,-1,,570.0,1140,1.0,0.5098591549295775,True,HYBRID_AUG,train,syn_HYBRID_AUG_r100_00516,True
timegan,0,,,-1,,310.0,620,1.0,0.5098591549295775,True,HYBRID_AUG,train,syn_HYBRID_AUG_r100_00517,True
timegan,0,,,-1,,205.0,410,1.0,0.5098591549295775,True,HYBRID_AUG,train,syn_HYBRID_AUG_r100_00518,True
timegan,0,,,-1,,120.0,240,1.0,0.5098591549295775,True,HYBRID_AUG,train,syn_HYBRID_AUG_r100_00519,True
timegan,0,,,-1,,495.0,990,1.0,0.5098591549295775,True,HYBRID_AUG,train,syn_HYBRID_AUG_r100_00520,True
timegan,0,,,-1,,745.0,1490,1.0,0.5098591549295775,True,HYBRID_AUG,train,syn_HYBRID_AUG_r100_00521,True
timegan,0,,,-1,,215.0,430,1.0,0.5098591549295775,True,HYBRID_AUG,train,syn_HYBRID_AUG_r100_00522,True
timegan,0,,,-1,,455.0,910,1.0,0.5098591549295775,True,HYBRID_AUG,train,syn_HYBRID_AUG_r100_00523,True
timegan,0,,,-1,,480.0,960,1.0,0.5098591549295775,True,HYBRID_AUG,train,syn_HYBRID_AUG_r100_00524,True
timegan,0,,,-1,,220.0,440,1.0,0.5098591549295775,True,HYBRID_AUG,train,syn_HYBRID_AUG_r100_00525,True
timegan,0,,,-1,,135.0,270,1.0,0.5098591549295775,True,HYBRID_AUG,train,syn_HYBRID_AUG_r100_00526,True
timegan,0,,,-1,,350.0,700,1.0,0.5098591549295775,True,HYBRID_AUG,train,syn_HYBRID_AUG_r100_00527,True
timegan,0,,,-1,,150.0,300,1.0,0.5098591549295775,True,HYBRID_AUG,train,syn_HYBRID_AUG_r100_00528,True
timegan,0,,,-1,,390.0,780,1.0,0.5098591549295775,True,HYBRID_AUG,train,syn_HYBRID_AUG_r100_00529,True
timegan,0,,,-1,,210.0,420,1.0,0.5098591549295775,True,HYBRID_AUG,train,syn_HYBRID_AUG_r100_00530,True
timegan,0,,,-1,,225.0,450,1.0,0.5098591549295775,True,HYBRID_AUG,train,syn_HYBRID_AUG_r100_00531,True
timegan,0,,,-1,,980.0,1960,1.0,0.5098591549295775,True,HYBRID_AUG,train,syn_HYBRID_AUG_r100_00532,True
timegan,0,,,-1,,270.0,540,1.0,0.5098591549295775,True,HYBRID_AUG,train,syn_HYBRID_AUG_r100_00533,True
timegan,0,,,-1,,380.0,760,1.0,0.5098591549295775,True,HYBRID_AUG,train,syn_HYBRID_AUG_r100_00534,True
timegan,0,,,-1,,785.0,1570,1.0,0.5098591549295775,True,HYBRID_AUG,train,syn_HYBRID_AUG_r100_00535,True
timegan,0,,,-1,,245.0,490,1.0,0.5098591549295775,True,HYBRID_AUG,train,syn_HYBRID_AUG_r100_00536,True
timegan,0,,,-1,,230.0,460,1.0,0.5098591549295775,True,HYBRID_AUG,train,syn_HYBRID_AUG_r100_00537,True
timegan,0,,,-1,,270.0,540,1.0,0.5098591549295775,True,HYBRID_AUG,train,syn_HYBRID_AUG_r100_00538,True
timegan,0,,,-1,,405.0,810,1.0,0.5098591549295775,True,HYBRID_AUG,train,syn_HYBRID_AUG_r100_00539,True
timegan,0,,,-1,,225.0,450,1.0,0.5098591549295775,True,HYBRID_AUG,train,syn_HYBRID_AUG_r100_00540,True
timegan,0,,,-1,,395.0,790,1.0,0.5098591549295775,True,HYBRID_AUG,train,syn_HYBRID_AUG_r100_00541,True
timegan,0,,,-1,,370.0,740,1.0,0.5098591549295775,True,HYBRID_AUG,train,syn_HYBRID_AUG_r100_00542,True
timegan,0,,,-1,,820.0,1640,1.0,0.5098591549295775,True,HYBRID_AUG,train,syn_HYBRID_AUG_r100_00543,True
timegan,0,,,-1,,270.0,540,1.0,0.5098591549295775,True,HYBRID_AUG,train,syn_HYBRID_AUG_r100_00544,True
timegan,0,,,-1,,475.0,950,1.0,0.5098591549295775,True,HYBRID_AUG,train,syn_HYBRID_AUG_r100_00545,True
timegan,0,,,-1,,210.0,420,1.0,0.5098591549295775,True,HYBRID_AUG,train,syn_HYBRID_AUG_r100_00546,True
timegan,1,,,-1,,220.0,440,1.0,0.49340369393139843,True,HYBRID_AUG,train,syn_HYBRID_AUG_r100_00547,True
timegan,1,,,-1,,245.0,490,1.0,0.49340369393139843,True,HYBRID_AUG,train,syn_HYBRID_AUG_r100_00548,True
timegan,1,,,-1,,190.0,380,1.0,0.49340369393139843,True,HYBRID_AUG,train,syn_HYBRID_AUG_r100_00549,True
timegan,1,,,-1,,290.0,580,1.0,0.49340369393139843,True,HYBRID_AUG,train,syn_HYBRID_AUG_r100_00550,True
timegan,1,,,-1,,410.0,820,1.0,0.49340369393139843,True,HYBRID_AUG,train,syn_HYBRID_AUG_r100_00551,True
timegan,1,,,-1,,155.5,311,1.0,0.49340369393139843,True,HYBRID_AUG,train,syn_HYBRID_AUG_r100_00552,True
timegan,1,,,-1,,1350.0,2700,1.0,0.49340369393139843,True,HYBRID_AUG,train,syn_HYBRID_AUG_r100_00553,True
timegan,1,,,-1,,120.0,240,1.0,0.49340369393139843,True,HYBRID_AUG,train,syn_HYBRID_AUG_r100_00554,True
timegan,1,,,-1,,180.0,360,1.0,0.49340369393139843,True,HYBRID_AUG,train,syn_HYBRID_AUG_r100_00555,True
timegan,1,,,-1,,140.0,280,1.0,0.49340369393139843,True,HYBRID_AUG,train,syn_HYBRID_AUG_r100_00556,True
timegan,1,,,-1,,4395.0,8790,1.0,0.49340369393139843,True,HYBRID_AUG,train,syn_HYBRID_AUG_r100_00557,True
timegan,1,,,-1,,3345.0,6690,1.0,0.49340369393139843,True,HYBRID_AUG,train,syn_HYBRID_AUG_r100_00558,True
timegan,1,,,-1,,1910.0,3820,1.0,0.49340369393139843,True,HYBRID_AUG,train,syn_HYBRID_AUG_r100_00559,True
timegan,1,,,-1,,340.0,680,1.0,0.49340369393139843,True,HYBRID_AUG,train,syn_HYBRID_AUG_r100_00560,True
timegan,1,,,-1,,170.0,340,1.0,0.49340369393139843,True,HYBRID_AUG,train,syn_HYBRID_AUG_r100_00561,True
timegan,1,,,-1,,275.0,550,1.0,0.49340369393139843,True,HYBRID_AUG,train,syn_HYBRID_AUG_r100_00562,True
timegan,1,,,-1,,4498.5,8997,1.0,0.49340369393139843,True,HYBRID_AUG,train,syn_HYBRID_AUG_r100_00563,True
timegan,1,,,-1,,295.0,590,1.0,0.49340369393139843,True,HYBRID_AUG,train,syn_HYBRID_AUG_r100_00564,True
timegan,1,,,-1,,265.0,530,1.0,0.49340369393139843,True,HYBRID_AUG,train,syn_HYBRID_AUG_r100_00565,True
timegan,1,,,-1,,180.0,360,1.0,0.49340369393139843,True,HYBRID_AUG,train,syn_HYBRID_AUG_r100_00566,True
timegan,1,,,-1,,3542.0,7084,1.0,0.49340369393139843,True,HYBRID_AUG,train,syn_HYBRID_AUG_r100_00567,True
timegan,1,,,-1,,305.0,610,1.0,0.49340369393139843,True,HYBRID_AUG,train,syn_HYBRID_AUG_r100_00568,True
timegan,1,,,-1,,140.0,280,1.0,0.49340369393139843,True,HYBRID_AUG,train,syn_HYBRID_AUG_r100_00569,True
timegan,1,,,-1,,225.0,450,1.0,0.49340369393139843,True,HYBRID_AUG,train,syn_HYBRID_AUG_r100_00570,True
timegan,1,,,-1,,340.0,680,1.0,0.49340369393139843,True,HYBRID_AUG,train,syn_HYBRID_AUG_r100_00571,True
timegan,1,,,-1,,544.0,1088,1.0,0.49340369393139843,True,HYBRID_AUG,train,syn_HYBRID_AUG_r100_00572,True
timegan,1,,,-1,,215.0,430,1.0,0.49340369393139843,True,HYBRID_AUG,train,syn_HYBRID_AUG_r100_00573,True
timegan,1,,,-1,,130.0,260,1.0,0.49340369393139843,True,HYBRID_AUG,train,syn_HYBRID_AUG_r100_00574,True
timegan,1,,,-1,,135.0,270,1.0,0.49340369393139843,True,HYBRID_AUG,train,syn_HYBRID_AUG_r100_00575,True
timegan,1,,,-1,,125.0,250,1.0,0.49340369393139843,True,HYBRID_AUG,train,syn_HYBRID_AUG_r100_00576,True
timegan,1,,,-1,,120.0,240,1.0,0.49340369393139843,True,HYBRID_AUG,train,syn_HYBRID_AUG_r100_00577,True
timegan,1,,,-1,,135.0,270,1.0,0.49340369393139843,True,HYBRID_AUG,train,syn_HYBRID_AUG_r100_00578,True
timegan,1,,,-1,,215.0,430,1.0,0.49340369393139843,True,HYBRID_AUG,train,syn_HYBRID_AUG_r100_00579,True
timegan,1,,,-1,,170.0,340,1.0,0.49340369393139843,True,HYBRID_AUG,train,syn_HYBRID_AUG_r100_00580,True
timegan,1,,,-1,,635.0,1270,1.0,0.49340369393139843,True,HYBRID_AUG,train,syn_HYBRID_AUG_r100_00581,True
timegan,1,,,-1,,265.0,530,1.0,0.49340369393139843,True,HYBRID_AUG,train,syn_HYBRID_AUG_r100_00582,True
timegan,1,,,-1,,210.0,420,1.0,0.49340369393139843,True,HYBRID_AUG,train,syn_HYBRID_AUG_r100_00583,True
timegan,1,,,-1,,140.0,280,1.0,0.49340369393139843,True,HYBRID_AUG,train,syn_HYBRID_AUG_r100_00584,True
timegan,1,,,-1,,610.0,1220,1.0,0.49340369393139843,True,HYBRID_AUG,train,syn_HYBRID_AUG_r100_00585,True
timegan,1,,,-1,,910.0,1820,1.0,0.49340369393139843,True,HYBRID_AUG,train,syn_HYBRID_AUG_r100_00586,True
timegan,1,,,-1,,600.0,1200,1.0,0.49340369393139843,True,HYBRID_AUG,train,syn_HYBRID_AUG_r100_00587,True
timegan,1,,,-1,,660.5,1321,1.0,0.49340369393139843,True,HYBRID_AUG,train,syn_HYBRID_AUG_r100_00588,True
timegan,1,,,-1,,220.0,440,1.0,0.49340369393139843,True,HYBRID_AUG,train,syn_HYBRID_AUG_r100_00589,True
timegan,1,,,-1,,185.0,370,1.0,0.49340369393139843,True,HYBRID_AUG,train,syn_HYBRID_AUG_r100_00590,True
timegan,1,,,-1,,235.0,470,1.0,0.49340369393139843,True,HYBRID_AUG,train,syn_HYBRID_AUG_r100_00591,True
timegan,1,,,-1,,140.0,280,1.0,0.49340369393139843,True,HYBRID_AUG,train,syn_HYBRID_AUG_r100_00592,True
timegan,1,,,-1,,160.0,320,1.0,0.49340369393139843,True,HYBRID_AUG,train,syn_HYBRID_AUG_r100_00593,True
timegan,1,,,-1,,800.0,1600,1.0,0.49340369393139843,True,HYBRID_AUG,train,syn_HYBRID_AUG_r100_00594,True
timegan,1,,,-1,,2010.5,4021,1.0,0.49340369393139843,True,HYBRID_AUG,train,syn_HYBRID_AUG_r100_00595,True
timegan,1,,,-1,,250.0,500,1.0,0.49340369393139843,True,HYBRID_AUG,train,syn_HYBRID_AUG_r100_00596,True
timegan,1,,,-1,,160.0,320,1.0,0.49340369393139843,True,HYBRID_AUG,train,syn_HYBRID_AUG_r100_00597,True
timegan,1,,,-1,,145.0,290,1.0,0.49340369393139843,True,HYBRID_AUG,train,syn_HYBRID_AUG_r100_00598,True
timegan,1,,,-1,,125.0,250,1.0,0.49340369393139843,True,HYBRID_AUG,train,syn_HYBRID_AUG_r100_00599,True
timegan,1,,,-1,,4498.5,8997,1.0,0.49340369393139843,True,HYBRID_AUG,train,syn_HYBRID_AUG_r100_00600,True
timegan,1,,,-1,,195.0,390,1.0,0.49340369393139843,True,HYBRID_AUG,train,syn_HYBRID_AUG_r100_00601,True
timegan,1,,,-1,,180.0,360,1.0,0.49340369393139843,True,HYBRID_AUG,train,syn_HYBRID_AUG_r100_00602,True
timegan,1,,,-1,,130.0,260,1.0,0.49340369393139843,True,HYBRID_AUG,train,syn_HYBRID_AUG_r100_00603,True
timegan,1,,,-1,,1385.0,2770,1.0,0.49340369393139843,True,HYBRID_AUG,train,syn_HYBRID_AUG_r100_00604,True
timegan,1,,,-1,,300.0,600,1.0,0.49340369393139843,True,HYBRID_AUG,train,syn_HYBRID_AUG_r100_00605,True
timegan,1,,,-1,,300.0,600,1.0,0.49340369393139843,True,HYBRID_AUG,train,syn_HYBRID_AUG_r100_00606,True
timegan,1,,,-1,,125.0,250,1.0,0.49340369393139843,True,HYBRID_AUG,train,syn_HYBRID_AUG_r100_00607,True
timegan,1,,,-1,,1850.0,3700,1.0,0.49340369393139843,True,HYBRID_AUG,train,syn_HYBRID_AUG_r100_00608,True
timegan,1,,,-1,,464.0,928,1.0,0.49340369393139843,True,HYBRID_AUG,train,syn_HYBRID_AUG_r100_00609,True
timegan,1,,,-1,,235.0,470,1.0,0.49340369393139843,True,HYBRID_AUG,train,syn_HYBRID_AUG_r100_00610,True
timegan,1,,,-1,,170.0,340,1.0,0.49340369393139843,True,HYBRID_AUG,train,syn_HYBRID_AUG_r100_00611,True
timegan,1,,,-1,,1080.0,2160,1.0,0.49340369393139843,True,HYBRID_AUG,train,syn_HYBRID_AUG_r100_00612,True
timegan,1,,,-1,,365.0,730,1.0,0.49340369393139843,True,HYBRID_AUG,train,syn_HYBRID_AUG_r100_00613,True
timegan,1,,,-1,,300.0,600,1.0,0.49340369393139843,True,HYBRID_AUG,train,syn_HYBRID_AUG_r100_00614,True
timegan,1,,,-1,,275.0,550,1.0,0.49340369393139843,True,HYBRID_AUG,train,syn_HYBRID_AUG_r100_00615,True
timegan,1,,,-1,,160.0,320,1.0,0.49340369393139843,True,HYBRID_AUG,train,syn_HYBRID_AUG_r100_00616,True
timegan,1,,,-1,,1195.0,2390,1.0,0.49340369393139843,True,HYBRID_AUG,train,syn_HYBRID_AUG_r100_00617,True
timegan,1,,,-1,,395.0,790,1.0,0.49340369393139843,True,HYBRID_AUG,train,syn_HYBRID_AUG_r100_00618,True
timegan,1,,,-1,,1115.0,2230,1.0,0.49340369393139843,True,HYBRID_AUG,train,syn_HYBRID_AUG_r100_00619,True
timegan,1,,,-1,,140.0,280,1.0,0.49340369393139843,True,HYBRID_AUG,train,syn_HYBRID_AUG_r100_00620,True
timegan,1,,,-1,,1350.0,2700,1.0,0.49340369393139843,True,HYBRID_AUG,train,syn_HYBRID_AUG_r100_00621,True
timegan,1,,,-1,,240.0,480,1.0,0.49340369393139843,True,HYBRID_AUG,train,syn_HYBRID_AUG_r100_00622,True
timegan,1,,,-1,,245.0,490,1.0,0.49340369393139843,True,HYBRID_AUG,train,syn_HYBRID_AUG_r100_00623,True
timegan,1,,,-1,,240.0,480,1.0,0.49340369393139843,True,HYBRID_AUG,train,syn_HYBRID_AUG_r100_00624,True
timegan,1,,,-1,,1080.0,2160,1.0,0.49340369393139843,True,HYBRID_AUG,train,syn_HYBRID_AUG_r100_00625,True
timegan,1,,,-1,,325.0,650,1.0,0.49340369393139843,True,HYBRID_AUG,train,syn_HYBRID_AUG_r100_00626,True
timegan,1,,,-1,,200.0,400,1.0,0.49340369393139843,True,HYBRID_AUG,train,syn_HYBRID_AUG_r100_00627,True
timegan,1,,,-1,,300.0,600,1.0,0.49340369393139843,True,HYBRID_AUG,train,syn_HYBRID_AUG_r100_00628,True
timegan,1,,,-1,,2690.0,5380,1.0,0.49340369393139843,True,HYBRID_AUG,train,syn_HYBRID_AUG_r100_00629,True
timegan,1,,,-1,,430.0,860,1.0,0.49340369393139843,True,HYBRID_AUG,train,syn_HYBRID_AUG_r100_00630,True
timegan,1,,,-1,,180.0,360,1.0,0.49340369393139843,True,HYBRID_AUG,train,syn_HYBRID_AUG_r100_00631,True
timegan,1,,,-1,,470.0,940,1.0,0.49340369393139843,True,HYBRID_AUG,train,syn_HYBRID_AUG_r100_00632,True
timegan,1,,,-1,,7235.0,14470,1.0,0.49340369393139843,True,HYBRID_AUG,train,syn_HYBRID_AUG_r100_00633,True
timegan,1,,,-1,,6025.0,12050,1.0,0.49340369393139843,True,HYBRID_AUG,train,syn_HYBRID_AUG_r100_00634,True
timegan,1,,,-1,,1160.0,2320,1.0,0.49340369393139843,True,HYBRID_AUG,train,syn_HYBRID_AUG_r100_00635,True
timegan,1,,,-1,,740.0,1480,1.0,0.49340369393139843,True,HYBRID_AUG,train,syn_HYBRID_AUG_r100_00636,True
timegan,1,,,-1,,470.0,940,1.0,0.49340369393139843,True,HYBRID_AUG,train,syn_HYBRID_AUG_r100_00637,True
timegan,1,,,-1,,430.0,860,1.0,0.49340369393139843,True,HYBRID_AUG,train,syn_HYBRID_AUG_r100_00638,True
timegan,1,,,-1,,175.0,350,1.0,0.49340369393139843,True,HYBRID_AUG,train,syn_HYBRID_AUG_r100_00639,True
timegan,1,,,-1,,285.0,570,1.0,0.49340369393139843,True,HYBRID_AUG,train,syn_HYBRID_AUG_r100_00640,True
timegan,1,,,-1,,145.0,290,1.0,0.49340369393139843,True,HYBRID_AUG,train,syn_HYBRID_AUG_r100_00641,True
timegan,1,,,-1,,120.0,240,1.0,0.49340369393139843,True,HYBRID_AUG,train,syn_HYBRID_AUG_r100_00642,True
timegan,1,,,-1,,235.0,470,1.0,0.49340369393139843,True,HYBRID_AUG,train,syn_HYBRID_AUG_r100_00643,True
timegan,1,,,-1,,120.0,240,1.0,0.49340369393139843,True,HYBRID_AUG,train,syn_HYBRID_AUG_r100_00644,True
timegan,1,,,-1,,1183.0,2366,1.0,0.49340369393139843,True,HYBRID_AUG,train,syn_HYBRID_AUG_r100_00645,True
timegan,1,,,-1,,283.0,566,1.0,0.49340369393139843,True,HYBRID_AUG,train,syn_HYBRID_AUG_r100_00646,True
timegan,1,,,-1,,226.5,453,1.0,0.49340369393139843,True,HYBRID_AUG,train,syn_HYBRID_AUG_r100_00647,True
timegan,1,,,-1,,170.0,340,1.0,0.49340369393139843,True,HYBRID_AUG,train,syn_HYBRID_AUG_r100_00648,True
timegan,1,,,-1,,1183.0,2366,1.0,0.49340369393139843,True,HYBRID_AUG,train,syn_HYBRID_AUG_r100_00649,True
timegan,1,,,-1,,155.5,311,1.0,0.49340369393139843,True,HYBRID_AUG,train,syn_HYBRID_AUG_r100_00650,True
timegan,1,,,-1,,1325.0,2650,1.0,0.49340369393139843,True,HYBRID_AUG,train,syn_HYBRID_AUG_r100_00651,True
timegan,1,,,-1,,245.0,490,1.0,0.49340369393139843,True,HYBRID_AUG,train,syn_HYBRID_AUG_r100_00652,True
timegan,1,,,-1,,1245.0,2490,1.0,0.49340369393139843,True,HYBRID_AUG,train,syn_HYBRID_AUG_r100_00653,True
timegan,1,,,-1,,325.0,650,1.0,0.49340369393139843,True,HYBRID_AUG,train,syn_HYBRID_AUG_r100_00654,True
timegan,1,,,-1,,785.0,1570,1.0,0.49340369393139843,True,HYBRID_AUG,train,syn_HYBRID_AUG_r100_00655,True
timegan,1,,,-1,,1183.0,2366,1.0,0.49340369393139843,True,HYBRID_AUG,train,syn_HYBRID_AUG_r100_00656,True
timegan,1,,,-1,,160.0,320,1.0,0.49340369393139843,True,HYBRID_AUG,train,syn_HYBRID_AUG_r100_00657,True
timegan,1,,,-1,,155.0,310,1.0,0.49340369393139843,True,HYBRID_AUG,train,syn_HYBRID_AUG_r100_00658,True
timegan,1,,,-1,,305.0,610,1.0,0.49340369393139843,True,HYBRID_AUG,train,syn_HYBRID_AUG_r100_00659,True
timegan,1,,,-1,,325.0,650,1.0,0.49340369393139843,True,HYBRID_AUG,train,syn_HYBRID_AUG_r100_00660,True
timegan,1,,,-1,,355.0,710,1.0,0.49340369393139843,True,HYBRID_AUG,train,syn_HYBRID_AUG_r100_00661,True
timegan,1,,,-1,,120.0,240,1.0,0.49340369393139843,True,HYBRID_AUG,train,syn_HYBRID_AUG_r100_00662,True
timegan,1,,,-1,,470.0,940,1.0,0.49340369393139843,True,HYBRID_AUG,train,syn_HYBRID_AUG_r100_00663,True
timegan,1,,,-1,,395.0,790,1.0,0.49340369393139843,True,HYBRID_AUG,train,syn_HYBRID_AUG_r100_00664,True
timegan,1,,,-1,,1540.0,3080,1.0,0.49340369393139843,True,HYBRID_AUG,train,syn_HYBRID_AUG_r100_00665,True
timegan,1,,,-1,,3392.5,6785,1.0,0.49340369393139843,True,HYBRID_AUG,train,syn_HYBRID_AUG_r100_00666,True
timegan,1,,,-1,,180.0,360,1.0,0.49340369393139843,True,HYBRID_AUG,train,syn_HYBRID_AUG_r100_00667,True
timegan,1,,,-1,,180.0,360,1.0,0.49340369393139843,True,HYBRID_AUG,train,syn_HYBRID_AUG_r100_00668,True
timegan,1,,,-1,,855.0,1710,1.0,0.49340369393139843,True,HYBRID_AUG,train,syn_HYBRID_AUG_r100_00669,True
timegan,1,,,-1,,1200.0,2400,1.0,0.49340369393139843,True,HYBRID_AUG,train,syn_HYBRID_AUG_r100_00670,True
timegan,1,,,-1,,1455.0,2910,1.0,0.49340369393139843,True,HYBRID_AUG,train,syn_HYBRID_AUG_r100_00671,True
timegan,1,,,-1,,605.0,1210,1.0,0.49340369393139843,True,HYBRID_AUG,train,syn_HYBRID_AUG_r100_00672,True
timegan,1,,,-1,,145.0,290,1.0,0.49340369393139843,True,HYBRID_AUG,train,syn_HYBRID_AUG_r100_00673,True
timegan,1,,,-1,,235.0,470,1.0,0.49340369393139843,True,HYBRID_AUG,train,syn_HYBRID_AUG_r100_00674,True
timegan,1,,,-1,,135.0,270,1.0,0.49340369393139843,True,HYBRID_AUG,train,syn_HYBRID_AUG_r100_00675,True
timegan,1,,,-1,,375.0,750,1.0,0.49340369393139843,True,HYBRID_AUG,train,syn_HYBRID_AUG_r100_00676,True
timegan,1,,,-1,,150.0,300,1.0,0.49340369393139843,True,HYBRID_AUG,train,syn_HYBRID_AUG_r100_00677,True
timegan,1,,,-1,,140.0,280,1.0,0.49340369393139843,True,HYBRID_AUG,train,syn_HYBRID_AUG_r100_00678,True
timegan,1,,,-1,,525.0,1050,1.0,0.49340369393139843,True,HYBRID_AUG,train,syn_HYBRID_AUG_r100_00679,True
timegan,1,,,-1,,220.0,440,1.0,0.49340369393139843,True,HYBRID_AUG,train,syn_HYBRID_AUG_r100_00680,True
timegan,1,,,-1,,120.0,240,1.0,0.49340369393139843,True,HYBRID_AUG,train,syn_HYBRID_AUG_r100_00681,True
timegan,1,,,-1,,1200.0,2400,1.0,0.49340369393139843,True,HYBRID_AUG,train,syn_HYBRID_AUG_r100_00682,True
timegan,1,,,-1,,600.0,1200,1.0,0.49340369393139843,True,HYBRID_AUG,train,syn_HYBRID_AUG_r100_00683,True
timegan,1,,,-1,,175.0,350,1.0,0.49340369393139843,True,HYBRID_AUG,train,syn_HYBRID_AUG_r100_00684,True
timegan,1,,,-1,,225.0,450,1.0,0.49340369393139843,True,HYBRID_AUG,train,syn_HYBRID_AUG_r100_00685,True
timegan,1,,,-1,,135.0,270,1.0,0.49340369393139843,True,HYBRID_AUG,train,syn_HYBRID_AUG_r100_00686,True
timegan,1,,,-1,,1130.0,2260,1.0,0.49340369393139843,True,HYBRID_AUG,train,syn_HYBRID_AUG_r100_00687,True
timegan,1,,,-1,,260.0,520,1.0,0.49340369393139843,True,HYBRID_AUG,train,syn_HYBRID_AUG_r100_00688,True
timegan,1,,,-1,,120.0,240,1.0,0.49340369393139843,True,HYBRID_AUG,train,syn_HYBRID_AUG_r100_00689,True
timegan,1,,,-1,,605.0,1210,1.0,0.49340369393139843,True,HYBRID_AUG,train,syn_HYBRID_AUG_r100_00690,True
timegan,1,,,-1,,235.0,470,1.0,0.49340369393139843,True,HYBRID_AUG,train,syn_HYBRID_AUG_r100_00691,True
timegan,1,,,-1,,660.5,1321,1.0,0.49340369393139843,True,HYBRID_AUG,train,syn_HYBRID_AUG_r100_00692,True
timegan,1,,,-1,,1115.0,2230,1.0,0.49340369393139843,True,HYBRID_AUG,train,syn_HYBRID_AUG_r100_00693,True
timegan,1,,,-1,,2043.5,4087,1.0,0.49340369393139843,True,HYBRID_AUG,train,syn_HYBRID_AUG_r100_00694,True
timegan,1,,,-1,,1660.0,3320,1.0,0.49340369393139843,True,HYBRID_AUG,train,syn_HYBRID_AUG_r100_00695,True
timegan,1,,,-1,,155.0,310,1.0,0.49340369393139843,True,HYBRID_AUG,train,syn_HYBRID_AUG_r100_00696,True
timegan,1,,,-1,,1350.0,2700,1.0,0.49340369393139843,True,HYBRID_AUG,train,syn_HYBRID_AUG_r100_00697,True
timegan,1,,,-1,,1455.0,2910,1.0,0.49340369393139843,True,HYBRID_AUG,train,syn_HYBRID_AUG_r100_00698,True
timegan,1,,,-1,,125.0,250,1.0,0.49340369393139843,True,HYBRID_AUG,train,syn_HYBRID_AUG_r100_00699,True
timegan,1,,,-1,,240.0,480,1.0,0.49340369393139843,True,HYBRID_AUG,train,syn_HYBRID_AUG_r100_00700,True
timegan,1,,,-1,,125.0,250,1.0,0.49340369393139843,True,HYBRID_AUG,train,syn_HYBRID_AUG_r100_00701,True
timegan,1,,,-1,,1175.0,2350,1.0,0.49340369393139843,True,HYBRID_AUG,train,syn_HYBRID_AUG_r100_00702,True
timegan,1,,,-1,,120.0,240,1.0,0.49340369393139843,True,HYBRID_AUG,train,syn_HYBRID_AUG_r100_00703,True
timegan,1,,,-1,,170.0,340,1.0,0.49340369393139843,True,HYBRID_AUG,train,syn_HYBRID_AUG_r100_00704,True
timegan,1,,,-1,,620.0,1240,1.0,0.49340369393139843,True,HYBRID_AUG,train,syn_HYBRID_AUG_r100_00705,True
timegan,1,,,-1,,140.0,280,1.0,0.49340369393139843,True,HYBRID_AUG,train,syn_HYBRID_AUG_r100_00706,True
timegan,1,,,-1,,245.0,490,1.0,0.49340369393139843,True,HYBRID_AUG,train,syn_HYBRID_AUG_r100_00707,True
timegan,1,,,-1,,6025.0,12050,1.0,0.49340369393139843,True,HYBRID_AUG,train,syn_HYBRID_AUG_r100_00708,True
timegan,1,,,-1,,325.0,650,1.0,0.49340369393139843,True,HYBRID_AUG,train,syn_HYBRID_AUG_r100_00709,True
timegan,1,,,-1,,9175.0,18350,1.0,0.49340369393139843,True,HYBRID_AUG,train,syn_HYBRID_AUG_r100_00710,True
timegan,1,,,-1,,290.0,580,1.0,0.49340369393139843,True,HYBRID_AUG,train,syn_HYBRID_AUG_r100_00711,True
timegan,1,,,-1,,3120.0,6240,1.0,0.49340369393139843,True,HYBRID_AUG,train,syn_HYBRID_AUG_r100_00712,True
timegan,1,,,-1,,170.0,340,1.0,0.49340369393139843,True,HYBRID_AUG,train,syn_HYBRID_AUG_r100_00713,True
timegan,1,,,-1,,255.0,510,1.0,0.49340369393139843,True,HYBRID_AUG,train,syn_HYBRID_AUG_r100_00714,True
timegan,1,,,-1,,1183.0,2366,1.0,0.49340369393139843,True,HYBRID_AUG,train,syn_HYBRID_AUG_r100_00715,True
timegan,1,,,-1,,1905.0,3810,1.0,0.49340369393139843,True,HYBRID_AUG,train,syn_HYBRID_AUG_r100_00716,True
timegan,1,,,-1,,355.0,710,1.0,0.49340369393139843,True,HYBRID_AUG,train,syn_HYBRID_AUG_r100_00717,True
timegan,1,,,-1,,1200.0,2400,1.0,0.49340369393139843,True,HYBRID_AUG,train,syn_HYBRID_AUG_r100_00718,True
timegan,1,,,-1,,260.0,520,1.0,0.49340369393139843,True,HYBRID_AUG,train,syn_HYBRID_AUG_r100_00719,True
timegan,1,,,-1,,256.5,513,1.0,0.49340369393139843,True,HYBRID_AUG,train,syn_HYBRID_AUG_r100_00720,True
timegan,1,,,-1,,365.0,730,1.0,0.49340369393139843,True,HYBRID_AUG,train,syn_HYBRID_AUG_r100_00721,True
timegan,1,,,-1,,325.0,650,1.0,0.49340369393139843,True,HYBRID_AUG,train,syn_HYBRID_AUG_r100_00722,True
timegan,1,,,-1,,200.0,400,1.0,0.49340369393139843,True,HYBRID_AUG,train,syn_HYBRID_AUG_r100_00723,True
timegan,1,,,-1,,8343.0,16686,1.0,0.49340369393139843,True,HYBRID_AUG,train,syn_HYBRID_AUG_r100_00724,True
timegan,1,,,-1,,1340.0,2680,1.0,0.49340369393139843,True,HYBRID_AUG,train,syn_HYBRID_AUG_r100_00725,True
timegan,1,,,-1,,2010.5,4021,1.0,0.49340369393139843,True,HYBRID_AUG,train,syn_HYBRID_AUG_r100_00726,True
timegan,1,,,-1,,470.0,940,1.0,0.49340369393139843,True,HYBRID_AUG,train,syn_HYBRID_AUG_r100_00727,True
timegan,1,,,-1,,120.0,240,1.0,0.49340369393139843,True,HYBRID_AUG,train,syn_HYBRID_AUG_r100_00728,True
timegan,1,,,-1,,160.0,320,1.0,0.49340369393139843,True,HYBRID_AUG,train,syn_HYBRID_AUG_r100_00729,True
timegan,1,,,-1,,935.0,1870,1.0,0.49340369393139843,True,HYBRID_AUG,train,syn_HYBRID_AUG_r100_00730,True
timegan,1,,,-1,,130.0,260,1.0,0.49340369393139843,True,HYBRID_AUG,train,syn_HYBRID_AUG_r100_00731,True
timegan,1,,,-1,,215.0,430,1.0,0.49340369393139843,True,HYBRID_AUG,train,syn_HYBRID_AUG_r100_00732,True
timegan,1,,,-1,,250.0,500,1.0,0.49340369393139843,True,HYBRID_AUG,train,syn_HYBRID_AUG_r100_00733,True
